P1,P2,P3,P4,P5,P6,P7,GiaiDoan
66.67,92.0,82.05,90.0,30.0,31.25,29.63,1
50.0,64.0,15.38,56.67,56.67,12.5,11.11,1
66.67,80.0,69.23,73.33,90.0,81.25,87.04,3
50.0,60.0,53.85,73.33,26.67,25.0,25.93,1
33.33,48.0,46.15,20.0,46.67,31.25,59.26,1
66.67,32.0,38.46,23.33,46.67,37.5,55.56,1
83.33,80.0,74.36,70.0,83.33,81.25,88.89,3
66.67,52.0,53.85,53.33,70.0,50.0,55.56,2
83.33,80.0,61.54,76.67,93.33,75.0,74.07,3
100.0,100.0,87.18,90.0,83.33,93.75,83.33,3
83.33,60.0,82.05,90.0,76.67,87.5,79.63,3
33.33,36.0,33.33,20.0,20.0,43.75,25.93,1
66.67,60.0,74.36,80.0,86.67,87.5,81.48,3
83.33,76.0,69.23,73.33,70.0,75.0,64.81,3
83.33,100.0,84.62,56.67,76.67,75.0,81.48,3
50.0,68.0,76.92,66.67,23.33,37.5,11.11,1
66.67,80.0,48.72,70.0,66.67,68.75,62.96,2
66.67,84.0,74.36,76.67,56.67,50.0,51.85,2
83.33,68.0,71.79,90.0,53.33,50.0,44.44,2
66.67,80.0,71.79,70.0,73.33,75.0,72.22,3
66.67,84.0,61.54,63.33,26.67,18.75,24.07,1
33.33,36.0,38.46,40.0,26.67,37.5,42.59,1
50.0,64.0,51.28,60.0,66.67,50.0,51.85,2
66.67,60.0,56.41,60.0,63.33,56.25,66.67,2
33.33,36.0,35.9,40.0,43.33,37.5,35.19,1
83.33,68.0,82.05,86.67,76.67,87.5,68.52,3
16.67,16.0,35.9,36.67,36.67,25.0,24.07,1
50.0,72.0,71.79,36.67,66.67,56.25,68.52,2
83.33,56.0,48.72,53.33,60.0,37.5,61.11,2
66.67,68.0,64.1,70.0,70.0,75.0,51.85,2
50.0,48.0,61.54,53.33,33.33,31.25,35.19,1
83.33,84.0,87.18,86.67,53.33,50.0,42.59,2
50.0,64.0,53.85,63.33,70.0,56.25,62.96,2
66.67,40.0,15.38,43.33,33.33,6.25,53.7,1
66.67,72.0,69.23,46.67,66.67,68.75,70.37,2
50.0,44.0,43.59,46.67,43.33,50.0,40.74,2
33.33,28.0,28.21,20.0,90.0,62.5,68.52,1
50.0,40.0,43.59,36.67,46.67,50.0,50.0,2
66.67,80.0,71.79,76.67,66.67,75.0,68.52,3
66.67,44.0,82.05,66.67,66.67,68.75,70.37,2
33.33,20.0,30.77,23.33,70.0,87.5,62.96,1
50.0,52.0,46.15,20.0,53.33,31.25,27.78,1
100.0,96.0,84.62,80.0,73.33,68.75,74.07,3
33.33,24.0,15.38,53.33,26.67,37.5,44.44,1
66.67,80.0,87.18,73.33,30.0,31.25,18.52,1
83.33,92.0,82.05,83.33,70.0,68.75,70.37,3
83.33,32.0,38.46,40.0,16.67,31.25,37.04,1
33.33,28.0,20.51,30.0,53.33,62.5,70.37,1
83.33,64.0,79.49,76.67,86.67,81.25,83.33,3
16.67,40.0,58.97,50.0,53.33,18.75,38.89,1
66.67,68.0,53.85,70.0,76.67,68.75,66.67,2
50.0,52.0,41.03,60.0,63.33,100.0,88.89,2
83.33,84.0,89.74,83.33,90.0,93.75,85.19,3
16.67,28.0,25.64,40.0,76.67,50.0,61.11,1
66.67,40.0,28.21,40.0,50.0,25.0,29.63,1
83.33,64.0,46.15,66.67,70.0,62.5,70.37,2
33.33,28.0,20.51,23.33,70.0,100.0,77.78,1
66.67,72.0,76.92,66.67,73.33,87.5,88.89,3
66.67,76.0,69.23,70.0,73.33,68.75,74.07,3
66.67,72.0,87.18,80.0,70.0,75.0,74.07,3
66.67,76.0,71.79,56.67,30.0,25.0,14.81,1
33.33,28.0,28.21,23.33,86.67,62.5,74.07,1
66.67,56.0,84.62,46.67,80.0,43.75,75.93,2
33.33,36.0,38.46,40.0,40.0,37.5,44.44,1
33.33,36.0,33.33,40.0,40.0,37.5,42.59,1
66.67,76.0,74.36,70.0,73.33,68.75,74.07,3
33.33,36.0,23.08,26.67,33.33,31.25,44.44,1
50.0,64.0,71.79,70.0,63.33,62.5,64.81,2
83.33,80.0,79.49,66.67,60.0,50.0,55.56,2
50.0,68.0,79.49,76.67,73.33,62.5,66.67,2
100.0,88.0,84.62,80.0,70.0,68.75,74.07,3
66.67,68.0,79.49,73.33,73.33,68.75,81.48,3
83.33,68.0,64.1,83.33,70.0,81.25,83.33,3
83.33,72.0,76.92,80.0,76.67,93.75,72.22,3
83.33,72.0,71.79,70.0,90.0,93.75,98.15,3
66.67,76.0,64.1,76.67,90.0,81.25,81.48,3
83.33,40.0,7.69,13.33,50.0,68.75,53.7,1
83.33,64.0,66.67,60.0,40.0,81.25,68.52,2
66.67,84.0,69.23,70.0,86.67,81.25,88.89,3
66.67,56.0,51.28,50.0,26.67,31.25,31.48,1
16.67,32.0,30.77,50.0,13.33,18.75,25.93,1
66.67,84.0,69.23,76.67,46.67,50.0,40.74,2
83.33,72.0,69.23,80.0,56.67,56.25,44.44,2
83.33,92.0,92.31,60.0,56.67,43.75,44.44,2
50.0,48.0,41.03,46.67,63.33,75.0,62.96,2
83.33,40.0,33.33,30.0,16.67,25.0,16.67,1
50.0,44.0,51.28,46.67,43.33,50.0,46.3,2
83.33,72.0,79.49,86.67,46.67,43.75,35.19,2
100.0,92.0,76.92,86.67,73.33,68.75,68.52,3
66.67,60.0,71.79,76.67,36.67,25.0,27.78,1
50.0,40.0,53.85,46.67,40.0,50.0,50.0,2
50.0,44.0,84.62,76.67,63.33,68.75,48.15,2
50.0,72.0,43.59,73.33,56.67,81.25,66.67,2
66.67,72.0,71.79,80.0,66.67,43.75,72.22,2
50.0,52.0,43.59,40.0,50.0,43.75,51.85,2
33.33,16.0,35.9,40.0,36.67,37.5,31.48,1
83.33,80.0,51.28,86.67,80.0,81.25,87.04,3
66.67,64.0,79.49,66.67,23.33,18.75,16.67,1
16.67,24.0,30.77,20.0,76.67,81.25,62.96,1
100.0,92.0,87.18,93.33,80.0,93.75,96.3,3
50.0,40.0,46.15,46.67,46.67,50.0,53.7,2
100.0,88.0,89.74,83.33,76.67,68.75,74.07,3
50.0,44.0,41.03,46.67,46.67,50.0,46.3,2
66.67,92.0,66.67,73.33,26.67,25.0,25.93,1
66.67,68.0,66.67,73.33,73.33,68.75,40.74,2
50.0,56.0,35.9,46.67,40.0,50.0,46.3,2
50.0,52.0,51.28,53.33,30.0,31.25,37.04,1
66.67,44.0,46.15,40.0,90.0,75.0,68.52,2
16.67,16.0,46.15,50.0,53.33,50.0,50.0,1
83.33,72.0,69.23,73.33,80.0,87.5,94.44,3
66.67,84.0,76.92,90.0,90.0,87.5,79.63,3
66.67,76.0,74.36,80.0,73.33,87.5,87.04,3
66.67,72.0,71.79,70.0,90.0,87.5,92.59,3
33.33,36.0,30.77,30.0,70.0,56.25,62.96,1
16.67,28.0,25.64,16.67,23.33,31.25,33.33,1
100.0,92.0,89.74,100.0,83.33,93.75,87.04,3
50.0,56.0,7.69,50.0,13.33,18.75,46.3,1
16.67,20.0,17.95,23.33,83.33,75.0,75.93,1
50.0,20.0,58.97,70.0,20.0,50.0,53.7,1
100.0,44.0,35.9,30.0,23.33,25.0,35.19,1
66.67,68.0,53.85,63.33,76.67,68.75,64.81,2
83.33,76.0,61.54,76.67,43.33,43.75,48.15,2
83.33,24.0,17.95,30.0,40.0,25.0,25.93,1
66.67,72.0,69.23,70.0,90.0,87.5,83.33,3
50.0,52.0,61.54,73.33,56.67,50.0,51.85,2
33.33,24.0,20.51,13.33,30.0,37.5,25.93,1
50.0,80.0,66.67,70.0,73.33,50.0,62.96,2
66.67,68.0,66.67,73.33,83.33,87.5,92.59,3
66.67,76.0,74.36,76.67,73.33,68.75,68.52,3
83.33,88.0,84.62,80.0,76.67,81.25,74.07,3
83.33,92.0,79.49,60.0,80.0,81.25,92.59,3
50.0,48.0,58.97,50.0,36.67,31.25,33.33,1
66.67,76.0,74.36,73.33,73.33,81.25,70.37,3
83.33,60.0,69.23,63.33,30.0,18.75,27.78,1
83.33,36.0,25.64,26.67,36.67,25.0,37.04,1
83.33,80.0,58.97,76.67,30.0,25.0,24.07,1
83.33,88.0,92.31,80.0,80.0,75.0,79.63,3
66.67,72.0,71.79,80.0,70.0,81.25,72.22,3
50.0,60.0,46.15,43.33,50.0,50.0,40.74,2
83.33,36.0,17.95,30.0,26.67,31.25,33.33,1
66.67,80.0,76.92,76.67,86.67,56.25,85.19,3
66.67,16.0,20.51,36.67,40.0,18.75,31.48,1
66.67,44.0,84.62,73.33,16.67,31.25,25.93,1
66.67,68.0,69.23,76.67,66.67,81.25,72.22,3
50.0,44.0,48.72,46.67,46.67,50.0,48.15,2
50.0,36.0,20.51,20.0,26.67,31.25,38.89,1
66.67,48.0,17.95,50.0,23.33,50.0,61.11,1
16.67,40.0,17.95,33.33,20.0,43.75,38.89,1
100.0,92.0,79.49,86.67,86.67,87.5,94.44,3
66.67,48.0,66.67,80.0,63.33,75.0,74.07,2
83.33,72.0,92.31,93.33,36.67,43.75,55.56,2
0.0,44.0,48.72,43.33,33.33,62.5,37.04,1
83.33,72.0,76.92,76.67,76.67,75.0,75.93,3
66.67,44.0,53.85,53.33,70.0,75.0,87.04,2
33.33,28.0,28.21,40.0,36.67,37.5,37.04,1
66.67,48.0,61.54,53.33,30.0,31.25,31.48,1
33.33,32.0,38.46,43.33,33.33,12.5,35.19,1
83.33,76.0,74.36,70.0,76.67,87.5,85.19,3
50.0,60.0,51.28,56.67,70.0,68.75,64.81,2
66.67,68.0,71.79,70.0,73.33,68.75,72.22,3
66.67,76.0,69.23,80.0,43.33,50.0,42.59,2
66.67,72.0,69.23,66.67,20.0,31.25,18.52,1
50.0,52.0,46.15,46.67,40.0,50.0,48.15,2
50.0,52.0,48.72,50.0,50.0,50.0,35.19,2
66.67,84.0,87.18,66.67,76.67,87.5,77.78,3
50.0,60.0,48.72,53.33,66.67,62.5,51.85,2
50.0,48.0,48.72,43.33,46.67,50.0,50.0,2
33.33,40.0,43.59,30.0,40.0,37.5,33.33,1
83.33,60.0,56.41,43.33,53.33,62.5,77.78,2
83.33,88.0,84.62,90.0,86.67,87.5,98.15,3
33.33,44.0,43.59,46.67,80.0,81.25,68.52,2
16.67,20.0,38.46,13.33,30.0,31.25,35.19,1
83.33,84.0,82.05,63.33,73.33,81.25,87.04,3
50.0,44.0,53.85,43.33,70.0,81.25,92.59,2
100.0,88.0,74.36,93.33,100.0,87.5,94.44,3
66.67,68.0,76.92,76.67,73.33,68.75,74.07,3
50.0,52.0,56.41,46.67,76.67,87.5,77.78,2
50.0,44.0,51.28,23.33,13.33,50.0,48.15,1
33.33,28.0,30.77,33.33,60.0,62.5,55.56,1
16.67,24.0,43.59,40.0,53.33,18.75,44.44,1
50.0,56.0,74.36,46.67,66.67,68.75,50.0,2
83.33,80.0,71.79,70.0,13.33,18.75,14.81,1
66.67,72.0,74.36,43.33,70.0,68.75,79.63,2
66.67,76.0,76.92,80.0,93.33,81.25,94.44,3
83.33,76.0,82.05,86.67,46.67,56.25,48.15,2
16.67,20.0,28.21,33.33,80.0,62.5,74.07,1
83.33,84.0,56.41,80.0,86.67,81.25,88.89,3
66.67,52.0,53.85,66.67,30.0,37.5,31.48,1
83.33,76.0,74.36,70.0,53.33,43.75,44.44,2
83.33,64.0,64.1,83.33,16.67,25.0,25.93,1
50.0,44.0,51.28,46.67,46.67,43.75,42.59,2
83.33,88.0,87.18,83.33,70.0,68.75,72.22,3
83.33,80.0,89.74,93.33,73.33,62.5,64.81,3
100.0,32.0,25.64,20.0,36.67,50.0,24.07,1
83.33,64.0,84.62,80.0,33.33,25.0,12.96,1
83.33,100.0,100.0,83.33,100.0,81.25,85.19,3
66.67,80.0,92.31,83.33,86.67,75.0,85.19,3
83.33,76.0,71.79,83.33,43.33,43.75,55.56,2
33.33,40.0,10.26,40.0,33.33,31.25,18.52,1
83.33,72.0,48.72,73.33,73.33,75.0,66.67,2
83.33,76.0,89.74,73.33,43.33,50.0,51.85,2
66.67,68.0,74.36,73.33,70.0,68.75,75.93,3
66.67,88.0,79.49,83.33,93.33,75.0,83.33,3
83.33,88.0,94.87,93.33,96.67,93.75,77.78,3
33.33,32.0,28.21,30.0,30.0,31.25,37.04,1
83.33,84.0,84.62,86.67,76.67,68.75,74.07,3
33.33,32.0,43.59,40.0,36.67,37.5,51.85,1
33.33,20.0,17.95,16.67,26.67,37.5,22.22,1
50.0,40.0,53.85,50.0,46.67,50.0,42.59,2
83.33,76.0,61.54,80.0,36.67,37.5,44.44,2
33.33,28.0,33.33,30.0,56.67,56.25,66.67,1
33.33,36.0,17.95,30.0,60.0,87.5,66.67,1
66.67,68.0,76.92,76.67,86.67,81.25,85.19,3
83.33,24.0,25.64,30.0,26.67,25.0,44.44,1
16.67,32.0,20.51,26.67,83.33,62.5,61.11,1
83.33,84.0,76.92,56.67,73.33,81.25,75.93,3
50.0,44.0,51.28,60.0,66.67,81.25,77.78,2
50.0,52.0,48.72,40.0,50.0,43.75,42.59,2
16.67,52.0,28.21,33.33,23.33,25.0,35.19,1
66.67,76.0,79.49,80.0,93.33,81.25,88.89,3
16.67,36.0,28.21,36.67,23.33,31.25,27.78,1
83.33,88.0,87.18,93.33,66.67,62.5,72.22,3
83.33,84.0,87.18,83.33,66.67,68.75,72.22,3
16.67,36.0,28.21,26.67,80.0,81.25,72.22,1
33.33,20.0,28.21,16.67,80.0,62.5,66.67,1
33.33,28.0,20.51,20.0,23.33,43.75,22.22,1
66.67,64.0,64.1,60.0,60.0,50.0,62.96,2
33.33,36.0,64.1,43.33,33.33,25.0,46.3,1
33.33,28.0,23.08,50.0,26.67,37.5,50.0,1
83.33,80.0,84.62,73.33,83.33,81.25,74.07,3
16.67,32.0,28.21,20.0,70.0,62.5,77.78,1
50.0,64.0,53.85,63.33,53.33,62.5,62.96,2
16.67,44.0,30.77,50.0,70.0,75.0,18.52,1
33.33,24.0,30.77,30.0,26.67,25.0,37.04,1
83.33,76.0,79.49,73.33,76.67,81.25,77.78,3
50.0,60.0,58.97,73.33,63.33,50.0,59.26,2
66.67,76.0,64.1,56.67,50.0,56.25,68.52,2
83.33,80.0,87.18,66.67,80.0,81.25,83.33,3
83.33,44.0,33.33,36.67,36.67,37.5,42.59,1
83.33,88.0,92.31,80.0,56.67,56.25,40.74,2
50.0,52.0,71.79,63.33,63.33,62.5,55.56,2
83.33,84.0,74.36,83.33,53.33,62.5,59.26,2
83.33,64.0,69.23,76.67,20.0,25.0,16.67,1
83.33,80.0,79.49,80.0,60.0,50.0,42.59,2
66.67,72.0,66.67,76.67,73.33,75.0,68.52,3
83.33,88.0,92.31,80.0,70.0,68.75,74.07,3
50.0,36.0,58.97,6.67,23.33,18.75,57.41,1
66.67,84.0,74.36,80.0,46.67,56.25,46.3,2
50.0,44.0,48.72,53.33,46.67,37.5,51.85,2
83.33,20.0,41.03,40.0,26.67,18.75,46.3,1
50.0,72.0,64.1,60.0,53.33,50.0,53.7,2
16.67,48.0,56.41,20.0,3.33,50.0,29.63,1
33.33,44.0,41.03,46.67,40.0,37.5,33.33,1
16.67,44.0,35.9,26.67,80.0,62.5,59.26,1
33.33,40.0,33.33,40.0,43.33,37.5,37.04,1
16.67,36.0,38.46,23.33,36.67,31.25,38.89,1
50.0,56.0,48.72,46.67,90.0,87.5,70.37,2
66.67,56.0,61.54,86.67,73.33,56.25,53.7,2
66.67,44.0,28.21,6.67,36.67,18.75,57.41,1
33.33,28.0,41.03,46.67,33.33,37.5,44.44,1
83.33,48.0,53.85,56.67,70.0,68.75,48.15,2
50.0,40.0,41.03,40.0,50.0,43.75,55.56,2
66.67,68.0,76.92,73.33,73.33,75.0,64.81,3
83.33,88.0,94.87,83.33,76.67,62.5,64.81,3
83.33,68.0,74.36,70.0,90.0,81.25,83.33,3
83.33,80.0,69.23,73.33,76.67,75.0,72.22,3
33.33,32.0,28.21,26.67,53.33,68.75,68.52,1
100.0,88.0,87.18,93.33,96.67,93.75,88.89,3
50.0,60.0,56.41,36.67,73.33,75.0,83.33,2
83.33,76.0,84.62,73.33,53.33,50.0,53.7,2
66.67,32.0,28.21,23.33,50.0,50.0,9.26,1
100.0,88.0,76.92,76.67,70.0,75.0,61.11,3
83.33,80.0,82.05,76.67,76.67,68.75,87.04,3
83.33,68.0,58.97,83.33,86.67,68.75,85.19,3
66.67,68.0,76.92,90.0,30.0,12.5,20.37,1
16.67,44.0,10.26,43.33,33.33,25.0,31.48,1
50.0,56.0,51.28,60.0,76.67,87.5,66.67,2
33.33,20.0,33.33,23.33,53.33,81.25,77.78,1
83.33,92.0,87.18,86.67,66.67,75.0,64.81,3
50.0,52.0,51.28,53.33,46.67,50.0,44.44,2
83.33,72.0,74.36,76.67,90.0,81.25,87.04,3
50.0,56.0,53.85,53.33,66.67,75.0,68.52,2
33.33,32.0,33.33,36.67,30.0,31.25,18.52,1
83.33,44.0,71.79,46.67,50.0,62.5,83.33,2
83.33,84.0,61.54,86.67,83.33,75.0,83.33,3
33.33,20.0,38.46,16.67,40.0,31.25,20.37,1
66.67,72.0,74.36,70.0,83.33,75.0,90.74,3
50.0,48.0,53.85,50.0,86.67,81.25,75.93,2
83.33,72.0,71.79,70.0,86.67,81.25,77.78,3
66.67,84.0,69.23,70.0,23.33,6.25,33.33,1
83.33,72.0,76.92,76.67,73.33,68.75,70.37,3
66.67,76.0,82.05,76.67,40.0,50.0,53.7,2
16.67,24.0,30.77,36.67,70.0,75.0,74.07,1
83.33,32.0,38.46,20.0,33.33,18.75,18.52,1
66.67,20.0,7.69,26.67,10.0,43.75,38.89,1
66.67,72.0,76.92,76.67,73.33,68.75,70.37,3
66.67,76.0,69.23,73.33,76.67,81.25,75.93,3
100.0,76.0,74.36,83.33,50.0,50.0,51.85,2
50.0,64.0,41.03,60.0,56.67,75.0,53.7,2
83.33,84.0,84.62,76.67,90.0,81.25,79.63,3
83.33,48.0,82.05,90.0,30.0,25.0,12.96,1
83.33,88.0,94.87,90.0,86.67,93.75,94.44,3
50.0,48.0,56.41,53.33,76.67,87.5,66.67,2
83.33,76.0,74.36,53.33,30.0,25.0,24.07,1
83.33,80.0,82.05,73.33,70.0,81.25,81.48,3
50.0,48.0,48.72,40.0,46.67,50.0,40.74,2
66.67,68.0,71.79,76.67,63.33,68.75,75.93,3
66.67,72.0,71.79,56.67,73.33,50.0,66.67,2
66.67,80.0,64.1,76.67,43.33,18.75,20.37,1
83.33,48.0,46.15,60.0,50.0,81.25,68.52,2
83.33,24.0,33.33,33.33,30.0,43.75,48.15,1
83.33,84.0,66.67,76.67,46.67,56.25,44.44,2
33.33,36.0,48.72,40.0,33.33,37.5,42.59,1
66.67,72.0,64.1,66.67,63.33,75.0,46.3,2
100.0,84.0,92.31,83.33,76.67,75.0,66.67,3
100.0,84.0,87.18,86.67,93.33,81.25,90.74,3
50.0,48.0,56.41,56.67,80.0,62.5,88.89,2
50.0,56.0,43.59,43.33,56.67,50.0,46.3,2
66.67,68.0,64.1,73.33,90.0,87.5,79.63,3
16.67,60.0,12.82,60.0,46.67,18.75,59.26,1
33.33,24.0,28.21,30.0,30.0,31.25,46.3,1
83.33,84.0,92.31,86.67,90.0,87.5,88.89,3
50.0,44.0,43.59,53.33,83.33,68.75,64.81,2
33.33,40.0,38.46,40.0,40.0,43.75,35.19,1
83.33,72.0,74.36,76.67,43.33,56.25,55.56,2
66.67,48.0,53.85,53.33,70.0,68.75,70.37,2
16.67,28.0,41.03,23.33,20.0,25.0,38.89,1
50.0,52.0,48.72,50.0,36.67,43.75,46.3,2
50.0,52.0,48.72,43.33,53.33,43.75,50.0,2
33.33,12.0,5.13,20.0,90.0,75.0,74.07,1
66.67,64.0,76.92,70.0,90.0,81.25,88.89,3
66.67,60.0,51.28,56.67,60.0,62.5,55.56,2
66.67,60.0,66.67,66.67,56.67,50.0,72.22,2
83.33,84.0,71.79,66.67,80.0,81.25,88.89,3
66.67,56.0,46.15,66.67,53.33,75.0,72.22,2
83.33,84.0,79.49,86.67,80.0,56.25,83.33,3
83.33,68.0,82.05,76.67,76.67,81.25,79.63,3
50.0,16.0,33.33,10.0,53.33,62.5,14.81,1
50.0,40.0,51.28,50.0,50.0,50.0,44.44,2
83.33,80.0,87.18,76.67,76.67,81.25,77.78,3
50.0,56.0,12.82,53.33,30.0,43.75,59.26,1
66.67,76.0,71.79,43.33,73.33,75.0,68.52,2
66.67,84.0,56.41,70.0,6.67,25.0,25.93,1
83.33,72.0,82.05,73.33,80.0,68.75,79.63,3
83.33,72.0,76.92,80.0,53.33,50.0,57.41,2
83.33,56.0,51.28,56.67,70.0,50.0,83.33,2
83.33,84.0,71.79,76.67,80.0,81.25,79.63,3
50.0,40.0,48.72,40.0,50.0,43.75,48.15,2
50.0,52.0,58.97,60.0,83.33,75.0,66.67,2
50.0,52.0,48.72,46.67,43.33,50.0,55.56,2
83.33,72.0,76.92,70.0,70.0,75.0,72.22,3
83.33,80.0,84.62,80.0,73.33,81.25,83.33,3
100.0,32.0,33.33,33.33,50.0,31.25,20.37,1
83.33,96.0,79.49,96.67,90.0,87.5,90.74,3
33.33,12.0,30.77,33.33,66.67,68.75,75.93,1
50.0,48.0,53.85,63.33,63.33,75.0,75.93,2
33.33,48.0,33.33,43.33,26.67,37.5,37.04,1
83.33,76.0,74.36,76.67,80.0,87.5,79.63,3
66.67,72.0,74.36,83.33,73.33,68.75,61.11,3
33.33,32.0,33.33,33.33,33.33,43.75,48.15,1
83.33,32.0,35.9,36.67,13.33,18.75,31.48,1
33.33,24.0,15.38,33.33,76.67,62.5,90.74,1
83.33,76.0,87.18,83.33,83.33,93.75,61.11,3
50.0,72.0,69.23,66.67,56.67,62.5,61.11,2
50.0,48.0,58.97,56.67,53.33,68.75,64.81,2
16.67,44.0,48.72,13.33,70.0,43.75,18.52,1
100.0,36.0,41.03,46.67,26.67,37.5,5.56,1
83.33,72.0,74.36,80.0,66.67,68.75,72.22,3
50.0,48.0,51.28,46.67,83.33,68.75,59.26,2
16.67,36.0,23.08,30.0,10.0,37.5,40.74,1
83.33,60.0,87.18,83.33,83.33,81.25,79.63,3
83.33,64.0,94.87,73.33,50.0,62.5,40.74,2
66.67,72.0,46.15,70.0,66.67,75.0,66.67,2
66.67,76.0,71.79,70.0,70.0,75.0,72.22,3
50.0,56.0,46.15,50.0,50.0,43.75,59.26,2
33.33,28.0,48.72,26.67,33.33,18.75,27.78,1
33.33,28.0,28.21,3.33,36.67,31.25,24.07,1
33.33,48.0,28.21,16.67,16.67,31.25,38.89,1
16.67,16.0,38.46,53.33,60.0,43.75,64.81,1
50.0,32.0,33.33,46.67,30.0,37.5,40.74,1
83.33,88.0,79.49,76.67,83.33,75.0,70.37,3
50.0,40.0,41.03,40.0,43.33,37.5,37.04,1
50.0,60.0,43.59,53.33,73.33,87.5,87.04,2
66.67,76.0,46.15,66.67,53.33,75.0,51.85,2
100.0,88.0,87.18,93.33,73.33,62.5,74.07,3
50.0,48.0,43.59,83.33,76.67,81.25,66.67,2
66.67,64.0,66.67,70.0,46.67,75.0,68.52,2
66.67,60.0,46.15,73.33,63.33,75.0,70.37,2
50.0,56.0,51.28,50.0,76.67,81.25,74.07,2
100.0,96.0,87.18,93.33,86.67,87.5,85.19,3
33.33,36.0,41.03,20.0,23.33,18.75,44.44,1
66.67,76.0,61.54,63.33,46.67,93.75,79.63,2
100.0,88.0,94.87,86.67,86.67,93.75,81.48,3
50.0,64.0,41.03,50.0,60.0,50.0,42.59,2
66.67,76.0,79.49,83.33,73.33,81.25,66.67,3
83.33,28.0,30.77,23.33,20.0,31.25,46.3,1
50.0,52.0,61.54,63.33,36.67,31.25,27.78,1
33.33,24.0,30.77,30.0,43.33,18.75,14.81,1
83.33,84.0,71.79,73.33,76.67,75.0,87.04,3
33.33,24.0,20.51,26.67,30.0,37.5,31.48,1
50.0,44.0,53.85,53.33,90.0,68.75,79.63,2
83.33,32.0,17.95,26.67,23.33,31.25,25.93,1
83.33,88.0,92.31,93.33,66.67,62.5,77.78,3
66.67,76.0,76.92,76.67,86.67,87.5,79.63,3
66.67,80.0,71.79,63.33,90.0,87.5,83.33,3
100.0,84.0,97.44,96.67,60.0,62.5,77.78,3
100.0,92.0,89.74,90.0,76.67,81.25,66.67,3
66.67,68.0,69.23,83.33,70.0,68.75,68.52,3
83.33,76.0,74.36,83.33,86.67,93.75,57.41,3
100.0,88.0,89.74,76.67,50.0,93.75,81.48,3
83.33,80.0,74.36,80.0,80.0,68.75,77.78,3
66.67,48.0,61.54,53.33,33.33,31.25,37.04,1
100.0,80.0,89.74,86.67,86.67,81.25,70.37,3
66.67,76.0,66.67,76.67,73.33,75.0,74.07,3
33.33,32.0,28.21,23.33,80.0,75.0,68.52,1
66.67,72.0,76.92,70.0,73.33,75.0,77.78,3
100.0,96.0,87.18,96.67,90.0,93.75,85.19,3
66.67,52.0,58.97,63.33,73.33,68.75,72.22,2
83.33,52.0,58.97,70.0,76.67,62.5,79.63,2
83.33,72.0,61.54,80.0,70.0,81.25,83.33,3
50.0,60.0,56.41,40.0,70.0,81.25,66.67,2
66.67,80.0,64.1,76.67,83.33,75.0,79.63,3
50.0,40.0,51.28,43.33,76.67,68.75,83.33,2
50.0,36.0,35.9,33.33,33.33,43.75,38.89,1
50.0,64.0,64.1,83.33,76.67,68.75,68.52,2
66.67,76.0,76.92,73.33,76.67,62.5,79.63,3
66.67,92.0,87.18,83.33,80.0,81.25,87.04,3
50.0,60.0,53.85,56.67,66.67,87.5,77.78,2
83.33,96.0,87.18,90.0,73.33,81.25,66.67,3
83.33,84.0,87.18,70.0,56.67,56.25,44.44,2
66.67,64.0,48.72,63.33,60.0,43.75,53.7,2
50.0,64.0,71.79,60.0,53.33,56.25,59.26,2
66.67,68.0,69.23,76.67,96.67,81.25,85.19,3
83.33,32.0,20.51,26.67,33.33,31.25,33.33,1
50.0,16.0,20.51,46.67,43.33,31.25,7.41,1
50.0,52.0,48.72,46.67,53.33,43.75,38.89,2
33.33,24.0,30.77,43.33,70.0,62.5,62.96,1
83.33,88.0,82.05,96.67,76.67,75.0,77.78,3
50.0,76.0,74.36,76.67,70.0,50.0,46.3,2
50.0,72.0,48.72,63.33,70.0,56.25,68.52,2
50.0,32.0,35.9,50.0,36.67,43.75,37.04,1
100.0,96.0,89.74,93.33,93.33,93.75,83.33,3
16.67,40.0,17.95,33.33,83.33,81.25,64.81,1
16.67,36.0,33.33,23.33,33.33,18.75,24.07,1
83.33,12.0,33.33,23.33,20.0,43.75,37.04,1
66.67,80.0,94.87,83.33,70.0,75.0,70.37,3
83.33,80.0,74.36,76.67,80.0,75.0,75.93,3
33.33,40.0,41.03,30.0,43.33,43.75,37.04,1
83.33,88.0,53.85,76.67,86.67,87.5,90.74,3
83.33,88.0,84.62,90.0,73.33,75.0,66.67,3
50.0,72.0,76.92,70.0,46.67,68.75,79.63,2
66.67,52.0,64.1,63.33,63.33,56.25,40.74,2
83.33,28.0,30.77,36.67,36.67,18.75,35.19,1
50.0,40.0,69.23,46.67,96.67,75.0,79.63,2
83.33,80.0,79.49,83.33,76.67,81.25,72.22,3
66.67,48.0,66.67,40.0,63.33,68.75,53.7,2
83.33,72.0,74.36,63.33,46.67,68.75,72.22,2
66.67,68.0,61.54,70.0,53.33,68.75,75.93,2
83.33,64.0,84.62,80.0,73.33,75.0,81.48,3
66.67,64.0,43.59,66.67,70.0,75.0,70.37,2
83.33,84.0,89.74,90.0,73.33,75.0,59.26,3
66.67,68.0,71.79,70.0,70.0,68.75,79.63,3
50.0,80.0,79.49,83.33,73.33,87.5,85.19,3
83.33,88.0,97.44,93.33,70.0,75.0,70.37,3
66.67,80.0,79.49,76.67,86.67,81.25,74.07,3
50.0,60.0,64.1,63.33,73.33,75.0,90.74,2
50.0,56.0,61.54,56.67,43.33,50.0,55.56,2
50.0,24.0,25.64,26.67,43.33,25.0,18.52,1
66.67,64.0,56.41,63.33,30.0,31.25,33.33,1
66.67,60.0,41.03,76.67,86.67,75.0,92.59,2
83.33,20.0,25.64,13.33,26.67,43.75,35.19,1
66.67,72.0,74.36,70.0,73.33,68.75,70.37,3
83.33,60.0,71.79,83.33,86.67,93.75,83.33,3
83.33,80.0,89.74,93.33,70.0,68.75,79.63,3
66.67,60.0,38.46,63.33,76.67,56.25,72.22,2
83.33,84.0,92.31,86.67,73.33,68.75,64.81,3
100.0,84.0,97.44,83.33,70.0,75.0,66.67,3
50.0,44.0,41.03,43.33,40.0,62.5,59.26,2
33.33,36.0,30.77,36.67,40.0,43.75,40.74,1
83.33,80.0,71.79,66.67,56.67,56.25,44.44,2
66.67,72.0,66.67,66.67,73.33,75.0,83.33,3
66.67,76.0,71.79,66.67,93.33,87.5,83.33,3
83.33,60.0,82.05,76.67,93.33,87.5,81.48,3
50.0,52.0,56.41,46.67,36.67,12.5,16.67,1
66.67,52.0,48.72,53.33,76.67,75.0,77.78,2
33.33,40.0,43.59,36.67,50.0,31.25,31.48,1
83.33,72.0,84.62,63.33,13.33,31.25,20.37,1
83.33,72.0,69.23,76.67,23.33,31.25,12.96,1
33.33,24.0,30.77,26.67,100.0,93.75,75.93,1
83.33,72.0,87.18,66.67,46.67,43.75,48.15,2
50.0,24.0,15.38,46.67,43.33,12.5,53.7,1
83.33,64.0,69.23,70.0,93.33,81.25,92.59,3
83.33,40.0,10.26,43.33,26.67,37.5,33.33,1
100.0,84.0,94.87,86.67,93.33,93.75,92.59,3
83.33,96.0,97.44,100.0,93.33,87.5,98.15,3
66.67,76.0,71.79,76.67,86.67,87.5,83.33,3
33.33,24.0,25.64,20.0,60.0,75.0,68.52,1
83.33,72.0,74.36,70.0,70.0,68.75,75.93,3
83.33,88.0,84.62,83.33,93.33,93.75,92.59,3
83.33,80.0,71.79,80.0,50.0,68.75,35.19,2
16.67,20.0,30.77,30.0,70.0,62.5,68.52,1
83.33,84.0,82.05,76.67,50.0,50.0,59.26,2
66.67,84.0,82.05,83.33,73.33,68.75,75.93,3
83.33,24.0,7.69,20.0,30.0,31.25,42.59,1
83.33,36.0,35.9,30.0,30.0,50.0,18.52,1
66.67,72.0,82.05,86.67,86.67,81.25,77.78,3
83.33,72.0,74.36,96.67,36.67,56.25,50.0,2
50.0,52.0,48.72,46.67,76.67,87.5,75.93,2
83.33,64.0,89.74,80.0,56.67,43.75,57.41,2
50.0,52.0,58.97,63.33,73.33,68.75,83.33,2
83.33,72.0,76.92,73.33,66.67,75.0,66.67,3
83.33,80.0,76.92,76.67,73.33,81.25,75.93,3
66.67,52.0,48.72,50.0,43.33,50.0,37.04,2
83.33,72.0,79.49,73.33,53.33,50.0,51.85,2
83.33,68.0,87.18,63.33,80.0,75.0,70.37,3
100.0,84.0,89.74,83.33,70.0,75.0,74.07,3
66.67,56.0,56.41,53.33,66.67,56.25,70.37,2
100.0,88.0,87.18,86.67,70.0,75.0,74.07,3
83.33,68.0,71.79,66.67,76.67,75.0,72.22,3
50.0,64.0,58.97,60.0,63.33,56.25,53.7,2
33.33,24.0,30.77,46.67,76.67,68.75,66.67,1
50.0,52.0,51.28,43.33,46.67,50.0,51.85,2
66.67,68.0,74.36,76.67,73.33,75.0,68.52,3
50.0,52.0,66.67,63.33,73.33,75.0,66.67,2
100.0,92.0,89.74,86.67,90.0,93.75,90.74,3
83.33,88.0,76.92,70.0,20.0,18.75,24.07,1
50.0,56.0,46.15,53.33,73.33,62.5,53.7,2
83.33,24.0,30.77,23.33,40.0,50.0,37.04,1
50.0,44.0,56.41,50.0,70.0,81.25,74.07,2
50.0,40.0,43.59,53.33,76.67,62.5,79.63,2
100.0,88.0,94.87,90.0,80.0,81.25,64.81,3
66.67,68.0,76.92,73.33,76.67,93.75,87.04,3
83.33,92.0,87.18,93.33,66.67,81.25,75.93,3
33.33,44.0,25.64,30.0,26.67,37.5,35.19,1
83.33,92.0,94.87,96.67,90.0,75.0,92.59,3
66.67,16.0,28.21,20.0,20.0,31.25,50.0,1
83.33,72.0,76.92,70.0,23.33,18.75,27.78,1
50.0,48.0,48.72,50.0,56.67,50.0,50.0,2
83.33,84.0,89.74,90.0,76.67,75.0,64.81,3
83.33,72.0,82.05,76.67,46.67,50.0,46.3,2
66.67,72.0,64.1,80.0,20.0,31.25,33.33,1
66.67,80.0,74.36,76.67,76.67,81.25,77.78,3
16.67,24.0,28.21,36.67,36.67,25.0,14.81,1
66.67,64.0,41.03,50.0,56.67,81.25,83.33,2
50.0,72.0,79.49,50.0,70.0,68.75,72.22,2
66.67,44.0,56.41,50.0,83.33,87.5,88.89,2
33.33,40.0,38.46,43.33,46.67,50.0,33.33,1
50.0,56.0,53.85,60.0,80.0,75.0,79.63,2
66.67,64.0,48.72,66.67,80.0,68.75,62.96,2
66.67,56.0,66.67,86.67,20.0,25.0,16.67,1
83.33,80.0,66.67,76.67,43.33,56.25,50.0,2
50.0,44.0,25.64,20.0,33.33,37.5,29.63,1
66.67,80.0,58.97,83.33,83.33,81.25,85.19,3
16.67,48.0,48.72,60.0,13.33,37.5,55.56,1
33.33,40.0,35.9,43.33,30.0,25.0,31.48,1
66.67,68.0,79.49,80.0,90.0,87.5,90.74,3
50.0,40.0,43.59,46.67,76.67,68.75,81.48,2
66.67,76.0,46.15,40.0,60.0,50.0,77.78,2
83.33,92.0,64.1,53.33,66.67,50.0,61.11,2
50.0,20.0,17.95,20.0,66.67,31.25,48.15,1
66.67,68.0,71.79,70.0,20.0,25.0,25.93,1
100.0,84.0,94.87,86.67,66.67,68.75,74.07,3
33.33,36.0,20.51,16.67,63.33,87.5,79.63,1
66.67,88.0,87.18,56.67,73.33,81.25,85.19,3
83.33,88.0,89.74,90.0,70.0,81.25,68.52,3
50.0,60.0,66.67,40.0,53.33,50.0,62.96,2
83.33,84.0,89.74,80.0,73.33,75.0,74.07,3
66.67,64.0,66.67,50.0,60.0,68.75,70.37,2
50.0,48.0,33.33,43.33,36.67,43.75,27.78,1
50.0,68.0,53.85,40.0,60.0,50.0,57.41,2
83.33,92.0,89.74,93.33,83.33,87.5,96.3,3
83.33,48.0,69.23,70.0,70.0,68.75,62.96,2
66.67,84.0,87.18,80.0,80.0,87.5,81.48,3
16.67,48.0,43.59,16.67,33.33,43.75,48.15,1
100.0,80.0,94.87,93.33,90.0,87.5,98.15,3
16.67,56.0,58.97,20.0,6.67,56.25,59.26,1
66.67,72.0,46.15,56.67,63.33,75.0,64.81,2
66.67,76.0,76.92,76.67,80.0,100.0,87.04,3
66.67,76.0,51.28,73.33,76.67,75.0,70.37,2
50.0,80.0,66.67,53.33,76.67,75.0,70.37,2
50.0,20.0,58.97,60.0,66.67,6.25,16.67,1
83.33,40.0,23.08,23.33,30.0,37.5,11.11,1
50.0,56.0,48.72,36.67,46.67,50.0,40.74,2
83.33,80.0,74.36,96.67,83.33,87.5,57.41,3
33.33,40.0,41.03,40.0,36.67,31.25,40.74,1
66.67,76.0,71.79,66.67,46.67,75.0,68.52,2
83.33,80.0,89.74,83.33,80.0,68.75,68.52,3
33.33,32.0,30.77,36.67,53.33,62.5,51.85,1
16.67,12.0,23.08,50.0,30.0,43.75,42.59,1
16.67,20.0,23.08,26.67,70.0,68.75,74.07,1
66.67,68.0,74.36,70.0,56.67,56.25,46.3,2
83.33,92.0,92.31,73.33,70.0,75.0,77.78,3
83.33,72.0,94.87,93.33,43.33,56.25,46.3,2
66.67,68.0,79.49,70.0,20.0,25.0,25.93,1
66.67,64.0,74.36,73.33,53.33,68.75,74.07,2
50.0,56.0,48.72,53.33,33.33,37.5,33.33,1
66.67,72.0,61.54,76.67,86.67,87.5,94.44,3
50.0,56.0,48.72,56.67,60.0,43.75,46.3,2
50.0,40.0,35.9,26.67,50.0,18.75,50.0,1
50.0,56.0,53.85,60.0,46.67,75.0,53.7,2
50.0,56.0,51.28,53.33,73.33,62.5,75.93,2
66.67,72.0,89.74,73.33,83.33,87.5,85.19,3
83.33,40.0,20.51,36.67,20.0,6.25,25.93,1
83.33,92.0,84.62,90.0,90.0,87.5,98.15,3
66.67,48.0,51.28,70.0,43.33,81.25,74.07,2
66.67,76.0,71.79,86.67,70.0,75.0,68.52,3
50.0,60.0,46.15,53.33,83.33,81.25,96.3,2
83.33,36.0,30.77,43.33,26.67,25.0,33.33,1
33.33,28.0,20.51,46.67,10.0,31.25,37.04,1
33.33,32.0,28.21,36.67,63.33,75.0,51.85,1
66.67,84.0,74.36,60.0,80.0,75.0,81.48,3
83.33,88.0,82.05,90.0,66.67,62.5,75.93,3
66.67,52.0,48.72,50.0,76.67,93.75,70.37,2
66.67,44.0,58.97,73.33,53.33,62.5,51.85,2
83.33,88.0,89.74,96.67,70.0,68.75,70.37,3
16.67,24.0,10.26,30.0,63.33,93.75,68.52,1
33.33,40.0,69.23,6.67,56.67,18.75,61.11,1
33.33,24.0,33.33,26.67,36.67,25.0,25.93,1
83.33,64.0,71.79,70.0,93.33,87.5,88.89,3
66.67,36.0,43.59,30.0,33.33,43.75,31.48,1
66.67,88.0,61.54,83.33,53.33,68.75,70.37,2
100.0,88.0,84.62,83.33,73.33,68.75,66.67,3
83.33,68.0,89.74,60.0,56.67,75.0,44.44,2
33.33,32.0,23.08,23.33,43.33,37.5,29.63,1
33.33,36.0,33.33,30.0,63.33,62.5,62.96,1
83.33,24.0,30.77,26.67,13.33,18.75,31.48,1
16.67,20.0,20.51,26.67,76.67,75.0,81.48,1
83.33,52.0,46.15,53.33,86.67,68.75,74.07,2
33.33,36.0,41.03,33.33,36.67,31.25,29.63,1
66.67,80.0,71.79,70.0,73.33,68.75,77.78,3
83.33,60.0,92.31,83.33,73.33,81.25,72.22,3
83.33,76.0,71.79,70.0,83.33,87.5,94.44,3
50.0,8.0,46.15,60.0,23.33,50.0,50.0,1
50.0,48.0,51.28,53.33,40.0,50.0,38.89,2
33.33,44.0,43.59,40.0,36.67,43.75,37.04,1
66.67,60.0,66.67,70.0,50.0,68.75,74.07,2
83.33,76.0,84.62,73.33,66.67,31.25,55.56,2
33.33,44.0,46.15,33.33,43.33,31.25,38.89,1
83.33,20.0,23.08,26.67,23.33,25.0,9.26,1
50.0,52.0,76.92,56.67,60.0,56.25,59.26,2
50.0,48.0,53.85,40.0,43.33,43.75,50.0,2
100.0,88.0,92.31,86.67,70.0,75.0,64.81,3
66.67,52.0,79.49,100.0,86.67,75.0,87.04,3
83.33,72.0,56.41,76.67,60.0,50.0,46.3,2
83.33,84.0,89.74,80.0,66.67,75.0,75.93,3
50.0,48.0,51.28,50.0,40.0,50.0,46.3,2
83.33,84.0,84.62,90.0,70.0,75.0,75.93,3
50.0,44.0,35.9,43.33,53.33,43.75,51.85,2
66.67,60.0,69.23,66.67,43.33,68.75,66.67,2
83.33,68.0,53.85,76.67,70.0,81.25,53.7,2
83.33,60.0,76.92,86.67,20.0,18.75,20.37,1
83.33,20.0,43.59,36.67,43.33,18.75,33.33,1
50.0,48.0,48.72,46.67,33.33,43.75,55.56,2
66.67,76.0,69.23,63.33,20.0,25.0,24.07,1
33.33,24.0,33.33,33.33,30.0,18.75,37.04,1
66.67,64.0,33.33,53.33,46.67,56.25,37.04,2
50.0,44.0,38.46,46.67,53.33,50.0,51.85,2
16.67,28.0,43.59,40.0,30.0,37.5,25.93,1
83.33,92.0,87.18,96.67,100.0,93.75,88.89,3
50.0,60.0,69.23,56.67,50.0,50.0,53.7,2
100.0,84.0,84.62,90.0,96.67,93.75,87.04,3
83.33,24.0,28.21,40.0,33.33,50.0,31.48,1
83.33,72.0,74.36,76.67,50.0,43.75,35.19,2
66.67,72.0,53.85,60.0,70.0,56.25,68.52,2
66.67,68.0,48.72,76.67,73.33,75.0,62.96,2
33.33,36.0,33.33,36.67,50.0,43.75,51.85,1
66.67,72.0,76.92,80.0,80.0,81.25,85.19,3
66.67,68.0,38.46,70.0,50.0,62.5,57.41,2
16.67,32.0,46.15,36.67,30.0,12.5,33.33,1
83.33,76.0,87.18,86.67,66.67,75.0,74.07,3
83.33,76.0,76.92,76.67,83.33,87.5,85.19,3
50.0,52.0,56.41,53.33,53.33,56.25,51.85,2
83.33,72.0,66.67,46.67,56.67,37.5,61.11,2
100.0,92.0,84.62,93.33,93.33,81.25,96.3,3
33.33,12.0,25.64,26.67,73.33,62.5,79.63,1
50.0,40.0,56.41,43.33,86.67,75.0,81.48,2
50.0,52.0,46.15,53.33,90.0,87.5,68.52,2
66.67,44.0,71.79,73.33,60.0,75.0,64.81,2
66.67,60.0,69.23,46.67,46.67,75.0,55.56,2
83.33,48.0,28.21,6.67,33.33,37.5,18.52,1
50.0,56.0,48.72,50.0,86.67,81.25,77.78,2
50.0,40.0,33.33,43.33,46.67,37.5,38.89,1
33.33,28.0,28.21,20.0,80.0,62.5,90.74,1
66.67,52.0,58.97,50.0,30.0,25.0,31.48,1
33.33,4.0,33.33,26.67,63.33,75.0,62.96,1
50.0,68.0,69.23,66.67,73.33,68.75,66.67,2
33.33,32.0,46.15,40.0,26.67,37.5,29.63,1
83.33,84.0,87.18,93.33,70.0,81.25,74.07,3
83.33,84.0,89.74,80.0,76.67,75.0,74.07,3
66.67,64.0,48.72,63.33,70.0,68.75,62.96,2
66.67,64.0,69.23,50.0,66.67,75.0,66.67,2
50.0,48.0,51.28,63.33,70.0,68.75,87.04,2
83.33,96.0,94.87,86.67,86.67,93.75,87.04,3
66.67,76.0,79.49,76.67,73.33,75.0,70.37,3
66.67,68.0,46.15,66.67,73.33,68.75,72.22,2
83.33,84.0,79.49,66.67,43.33,43.75,46.3,2
33.33,20.0,25.64,46.67,26.67,37.5,42.59,1
66.67,48.0,58.97,86.67,73.33,68.75,53.7,2
33.33,52.0,51.28,40.0,50.0,50.0,40.74,2
100.0,32.0,25.64,16.67,33.33,25.0,33.33,1
50.0,56.0,46.15,43.33,50.0,50.0,48.15,2
50.0,36.0,20.51,23.33,20.0,68.75,57.41,1
50.0,80.0,53.85,66.67,40.0,62.5,83.33,2
66.67,80.0,46.15,76.67,66.67,56.25,42.59,2
16.67,24.0,25.64,16.67,76.67,81.25,90.74,1
66.67,76.0,69.23,80.0,26.67,12.5,24.07,1
33.33,36.0,25.64,23.33,23.33,31.25,29.63,1
83.33,84.0,82.05,90.0,70.0,68.75,77.78,3
50.0,56.0,48.72,46.67,93.33,81.25,70.37,2
83.33,32.0,35.9,33.33,30.0,31.25,24.07,1
83.33,72.0,66.67,56.67,20.0,31.25,33.33,1
83.33,44.0,33.33,23.33,46.67,18.75,14.81,1
50.0,24.0,15.38,43.33,60.0,6.25,48.15,1
100.0,80.0,84.62,83.33,66.67,75.0,70.37,3
83.33,92.0,79.49,93.33,76.67,75.0,70.37,3
83.33,28.0,28.21,23.33,33.33,25.0,29.63,1
83.33,92.0,89.74,90.0,70.0,62.5,75.93,3
33.33,32.0,35.9,33.33,23.33,25.0,35.19,1
33.33,16.0,28.21,26.67,80.0,81.25,64.81,1
100.0,76.0,74.36,70.0,23.33,31.25,14.81,1
16.67,32.0,28.21,23.33,33.33,25.0,25.93,1
50.0,84.0,61.54,56.67,70.0,81.25,68.52,2
50.0,60.0,53.85,60.0,56.67,62.5,48.15,2
83.33,84.0,92.31,93.33,96.67,87.5,87.04,3
66.67,72.0,89.74,76.67,36.67,43.75,51.85,2
16.67,32.0,25.64,30.0,53.33,68.75,75.93,1
83.33,88.0,84.62,86.67,63.33,62.5,77.78,3
83.33,64.0,84.62,73.33,23.33,37.5,25.93,1
83.33,88.0,82.05,86.67,73.33,68.75,77.78,3
83.33,40.0,35.9,26.67,26.67,50.0,18.52,1
66.67,72.0,74.36,53.33,63.33,62.5,75.93,2
66.67,44.0,51.28,60.0,40.0,50.0,48.15,2
33.33,52.0,48.72,50.0,43.33,43.75,51.85,2
66.67,64.0,74.36,70.0,50.0,68.75,62.96,2
83.33,88.0,92.31,90.0,90.0,93.75,90.74,3
83.33,76.0,74.36,70.0,80.0,68.75,64.81,3
83.33,80.0,82.05,76.67,86.67,75.0,72.22,3
83.33,28.0,23.08,30.0,43.33,25.0,25.93,1
83.33,72.0,87.18,90.0,73.33,56.25,81.48,3
66.67,52.0,53.85,43.33,56.67,68.75,64.81,2
50.0,24.0,12.82,50.0,46.67,50.0,70.37,1
83.33,64.0,69.23,76.67,93.33,93.75,87.04,3
50.0,48.0,41.03,50.0,50.0,37.5,38.89,2
100.0,92.0,74.36,86.67,80.0,93.75,92.59,3
83.33,76.0,69.23,76.67,76.67,81.25,68.52,3
16.67,32.0,33.33,23.33,73.33,75.0,77.78,1
66.67,44.0,56.41,56.67,76.67,87.5,42.59,2
66.67,48.0,46.15,50.0,73.33,43.75,53.7,2
83.33,80.0,79.49,86.67,70.0,68.75,74.07,3
83.33,88.0,87.18,93.33,90.0,87.5,94.44,3
83.33,80.0,84.62,80.0,86.67,56.25,85.19,3
33.33,40.0,33.33,26.67,40.0,18.75,22.22,1
66.67,64.0,84.62,80.0,50.0,62.5,53.7,2
33.33,56.0,46.15,43.33,73.33,68.75,74.07,2
83.33,92.0,89.74,80.0,73.33,68.75,74.07,3
16.67,24.0,28.21,20.0,63.33,68.75,51.85,1
66.67,52.0,56.41,56.67,33.33,31.25,37.04,1
66.67,68.0,46.15,73.33,73.33,68.75,62.96,2
83.33,92.0,94.87,86.67,83.33,81.25,98.15,3
50.0,44.0,48.72,40.0,53.33,50.0,37.04,2
16.67,32.0,28.21,16.67,56.67,75.0,57.41,1
50.0,52.0,43.59,53.33,53.33,37.5,50.0,2
83.33,52.0,74.36,83.33,86.67,87.5,81.48,3
83.33,80.0,64.1,86.67,46.67,56.25,48.15,2
83.33,92.0,89.74,80.0,80.0,100.0,94.44,3
66.67,44.0,82.05,63.33,76.67,56.25,61.11,2
66.67,68.0,71.79,76.67,70.0,68.75,70.37,3
33.33,24.0,41.03,40.0,36.67,25.0,37.04,1
66.67,76.0,64.1,46.67,63.33,68.75,75.93,2
16.67,28.0,25.64,23.33,76.67,75.0,59.26,1
83.33,88.0,71.79,70.0,73.33,68.75,79.63,3
66.67,20.0,25.64,33.33,30.0,31.25,25.93,1
66.67,84.0,66.67,73.33,80.0,81.25,81.48,3
33.33,28.0,10.26,26.67,50.0,81.25,77.78,1
50.0,60.0,41.03,50.0,33.33,37.5,33.33,1
83.33,64.0,74.36,73.33,73.33,75.0,74.07,3
66.67,68.0,76.92,73.33,86.67,93.75,75.93,3
66.67,76.0,84.62,83.33,90.0,87.5,81.48,3
50.0,72.0,71.79,60.0,56.67,87.5,59.26,2
83.33,68.0,79.49,70.0,76.67,68.75,66.67,3
83.33,96.0,94.87,86.67,90.0,100.0,85.19,3
50.0,44.0,51.28,56.67,56.67,50.0,50.0,2
16.67,56.0,43.59,40.0,50.0,12.5,16.67,1
66.67,80.0,74.36,80.0,13.33,12.5,16.67,1
66.67,88.0,74.36,83.33,53.33,56.25,46.3,2
50.0,52.0,48.72,56.67,53.33,43.75,46.3,2
33.33,44.0,38.46,33.33,40.0,50.0,33.33,1
83.33,72.0,74.36,86.67,53.33,50.0,35.19,2
50.0,36.0,46.15,46.67,73.33,75.0,66.67,2
83.33,76.0,79.49,80.0,60.0,50.0,46.3,2
33.33,20.0,28.21,30.0,80.0,68.75,81.48,1
83.33,80.0,76.92,76.67,80.0,81.25,72.22,3
66.67,64.0,71.79,73.33,33.33,12.5,16.67,1
83.33,36.0,23.08,40.0,50.0,25.0,33.33,1
66.67,68.0,64.1,63.33,26.67,25.0,18.52,1
50.0,40.0,38.46,36.67,40.0,37.5,38.89,1
50.0,52.0,17.95,56.67,46.67,43.75,14.81,1
66.67,80.0,66.67,70.0,73.33,75.0,66.67,3
83.33,80.0,76.92,80.0,33.33,18.75,24.07,1
66.67,64.0,66.67,60.0,40.0,62.5,68.52,2
33.33,40.0,38.46,26.67,46.67,43.75,42.59,1
66.67,60.0,79.49,73.33,86.67,87.5,81.48,3
83.33,76.0,61.54,76.67,83.33,81.25,72.22,3
33.33,32.0,33.33,23.33,43.33,31.25,37.04,1
83.33,76.0,76.92,66.67,70.0,75.0,77.78,3
83.33,76.0,82.05,76.67,56.67,87.5,85.19,3
83.33,72.0,66.67,73.33,73.33,68.75,74.07,3
100.0,24.0,38.46,30.0,36.67,31.25,27.78,1
33.33,44.0,61.54,50.0,70.0,81.25,77.78,2
33.33,28.0,41.03,26.67,76.67,62.5,64.81,1
83.33,84.0,89.74,93.33,70.0,62.5,70.37,3
33.33,28.0,25.64,16.67,73.33,68.75,66.67,1
50.0,20.0,46.15,20.0,63.33,43.75,46.3,1
83.33,92.0,92.31,83.33,86.67,68.75,64.81,3
16.67,28.0,43.59,50.0,13.33,37.5,12.96,1
50.0,84.0,48.72,63.33,66.67,75.0,75.93,2
66.67,76.0,71.79,83.33,90.0,68.75,90.74,3
50.0,52.0,46.15,53.33,70.0,81.25,92.59,2
100.0,92.0,89.74,93.33,90.0,87.5,83.33,3
50.0,40.0,51.28,23.33,30.0,6.25,37.04,1
50.0,56.0,53.85,53.33,60.0,68.75,50.0,2
66.67,80.0,69.23,60.0,76.67,68.75,50.0,2
83.33,76.0,87.18,83.33,93.33,81.25,61.11,3
66.67,76.0,76.92,70.0,86.67,75.0,85.19,3
50.0,32.0,38.46,36.67,40.0,37.5,40.74,1
66.67,80.0,71.79,73.33,73.33,75.0,74.07,3
50.0,44.0,53.85,56.67,40.0,50.0,35.19,2
16.67,48.0,25.64,56.67,60.0,12.5,62.96,1
66.67,52.0,56.41,56.67,56.67,56.25,53.7,2
66.67,84.0,82.05,63.33,53.33,50.0,55.56,2
50.0,68.0,71.79,70.0,63.33,68.75,74.07,2
33.33,32.0,20.51,20.0,33.33,6.25,9.26,1
33.33,36.0,28.21,33.33,56.67,56.25,68.52,1
50.0,44.0,51.28,43.33,43.33,50.0,48.15,2
83.33,76.0,66.67,90.0,73.33,81.25,79.63,3
50.0,40.0,48.72,56.67,73.33,87.5,70.37,2
50.0,48.0,56.41,50.0,50.0,50.0,53.7,2
0.0,32.0,20.51,33.33,86.67,75.0,66.67,1
66.67,76.0,76.92,83.33,93.33,81.25,75.93,3
33.33,84.0,61.54,60.0,80.0,50.0,64.81,2
66.67,52.0,66.67,40.0,93.33,87.5,77.78,2
83.33,80.0,71.79,70.0,86.67,81.25,79.63,3
83.33,84.0,87.18,63.33,83.33,75.0,100.0,3
50.0,40.0,53.85,53.33,90.0,87.5,79.63,2
83.33,68.0,66.67,73.33,63.33,68.75,51.85,2
83.33,80.0,84.62,83.33,83.33,75.0,83.33,3
66.67,60.0,82.05,70.0,50.0,50.0,50.0,2
83.33,72.0,69.23,70.0,90.0,87.5,72.22,3
16.67,36.0,48.72,30.0,40.0,31.25,25.93,1
83.33,84.0,84.62,56.67,76.67,75.0,83.33,3
66.67,76.0,76.92,73.33,83.33,81.25,81.48,3
33.33,24.0,23.08,36.67,70.0,81.25,75.93,1
83.33,76.0,61.54,63.33,26.67,12.5,22.22,1
33.33,48.0,61.54,60.0,56.67,50.0,61.11,2
50.0,48.0,56.41,40.0,43.33,43.75,46.3,2
83.33,84.0,94.87,83.33,73.33,68.75,66.67,3
83.33,80.0,79.49,76.67,76.67,75.0,81.48,3
83.33,72.0,79.49,73.33,50.0,43.75,50.0,2
83.33,44.0,23.08,26.67,36.67,31.25,48.15,1
33.33,36.0,33.33,30.0,50.0,50.0,55.56,1
66.67,72.0,84.62,83.33,76.67,87.5,88.89,3
33.33,32.0,30.77,36.67,60.0,50.0,59.26,1
100.0,84.0,92.31,90.0,66.67,68.75,79.63,3
50.0,76.0,71.79,73.33,76.67,75.0,62.96,2
83.33,68.0,56.41,66.67,60.0,75.0,37.04,2
50.0,52.0,46.15,46.67,53.33,50.0,44.44,2
16.67,36.0,25.64,20.0,76.67,68.75,62.96,1
50.0,80.0,71.79,73.33,76.67,56.25,59.26,2
50.0,48.0,56.41,36.67,76.67,81.25,66.67,2
83.33,88.0,84.62,86.67,96.67,93.75,96.3,3
50.0,52.0,38.46,40.0,43.33,50.0,50.0,2
83.33,92.0,89.74,90.0,83.33,100.0,83.33,3
33.33,28.0,12.82,30.0,60.0,56.25,79.63,1
83.33,88.0,100.0,96.67,90.0,87.5,90.74,3
50.0,76.0,51.28,73.33,80.0,62.5,37.04,2
33.33,40.0,38.46,40.0,50.0,31.25,27.78,1
83.33,64.0,58.97,66.67,80.0,50.0,51.85,2
83.33,84.0,89.74,83.33,83.33,81.25,77.78,3
33.33,28.0,28.21,26.67,30.0,18.75,24.07,1
66.67,64.0,53.85,53.33,73.33,62.5,75.93,2
66.67,76.0,74.36,73.33,73.33,75.0,66.67,3
33.33,24.0,35.9,43.33,16.67,18.75,29.63,1
83.33,80.0,64.1,90.0,90.0,81.25,74.07,3
83.33,60.0,82.05,80.0,80.0,68.75,72.22,3
83.33,88.0,92.31,93.33,96.67,87.5,88.89,3
83.33,88.0,89.74,90.0,70.0,68.75,81.48,3
66.67,76.0,71.79,63.33,70.0,75.0,75.93,3
33.33,32.0,30.77,33.33,46.67,56.25,61.11,1
50.0,36.0,43.59,6.67,13.33,62.5,64.81,1
66.67,68.0,74.36,73.33,86.67,93.75,92.59,3
83.33,80.0,76.92,76.67,73.33,68.75,77.78,3
50.0,72.0,66.67,66.67,73.33,68.75,62.96,2
50.0,80.0,56.41,60.0,56.67,68.75,48.15,2
16.67,24.0,28.21,26.67,56.67,75.0,74.07,1
50.0,44.0,51.28,50.0,50.0,43.75,50.0,2
66.67,84.0,58.97,46.67,60.0,56.25,53.7,2
66.67,68.0,71.79,76.67,76.67,68.75,70.37,3
66.67,88.0,92.31,70.0,46.67,56.25,50.0,2
50.0,60.0,51.28,63.33,76.67,56.25,88.89,2
33.33,44.0,33.33,43.33,46.67,31.25,42.59,1
83.33,84.0,82.05,76.67,46.67,62.5,57.41,2
83.33,72.0,76.92,70.0,46.67,43.75,46.3,2
83.33,72.0,89.74,86.67,46.67,43.75,50.0,2
50.0,48.0,56.41,63.33,63.33,50.0,51.85,2
66.67,64.0,69.23,66.67,73.33,62.5,46.3,2
66.67,84.0,76.92,86.67,43.33,50.0,48.15,2
50.0,56.0,64.1,66.67,50.0,56.25,51.85,2
83.33,20.0,35.9,30.0,30.0,31.25,35.19,1
66.67,72.0,71.79,56.67,20.0,18.75,40.74,1
66.67,80.0,71.79,76.67,70.0,93.75,81.48,3
66.67,80.0,66.67,80.0,60.0,68.75,46.3,2
66.67,72.0,74.36,66.67,93.33,81.25,92.59,3
83.33,72.0,66.67,73.33,86.67,87.5,87.04,3
66.67,72.0,66.67,46.67,63.33,62.5,68.52,2
83.33,68.0,58.97,76.67,73.33,75.0,70.37,3
50.0,32.0,23.08,43.33,30.0,25.0,27.78,1
83.33,72.0,69.23,73.33,70.0,68.75,79.63,3
83.33,68.0,74.36,76.67,76.67,68.75,74.07,3
33.33,36.0,35.9,30.0,46.67,50.0,37.04,1
66.67,52.0,56.41,56.67,56.67,56.25,44.44,2
83.33,40.0,30.77,13.33,30.0,31.25,38.89,1
66.67,48.0,51.28,56.67,80.0,68.75,77.78,2
83.33,84.0,79.49,70.0,86.67,93.75,77.78,3
66.67,72.0,71.79,70.0,93.33,93.75,96.3,3
66.67,48.0,79.49,70.0,23.33,18.75,9.26,1
83.33,40.0,33.33,26.67,23.33,31.25,42.59,1
50.0,12.0,38.46,26.67,43.33,56.25,22.22,1
66.67,84.0,71.79,60.0,36.67,25.0,11.11,1
100.0,84.0,97.44,80.0,93.33,87.5,87.04,3
100.0,64.0,79.49,83.33,86.67,81.25,83.33,3
100.0,36.0,28.21,30.0,33.33,12.5,40.74,1
83.33,72.0,87.18,76.67,73.33,87.5,72.22,3
83.33,88.0,92.31,83.33,70.0,75.0,79.63,3
83.33,92.0,89.74,80.0,96.67,93.75,94.44,3
83.33,24.0,12.82,23.33,16.67,50.0,16.67,1
33.33,32.0,33.33,30.0,63.33,56.25,64.81,1
100.0,80.0,74.36,86.67,90.0,81.25,75.93,3
50.0,60.0,74.36,63.33,40.0,50.0,88.89,2
66.67,56.0,53.85,43.33,80.0,75.0,70.37,2
66.67,84.0,87.18,83.33,80.0,81.25,88.89,3
83.33,28.0,28.21,40.0,20.0,37.5,22.22,1
66.67,52.0,20.51,46.67,46.67,12.5,24.07,1
66.67,80.0,69.23,80.0,80.0,93.75,77.78,3
66.67,92.0,69.23,53.33,20.0,18.75,31.48,1
66.67,76.0,48.72,73.33,73.33,68.75,68.52,2
83.33,100.0,92.31,86.67,70.0,62.5,72.22,3
100.0,96.0,97.44,96.67,93.33,81.25,88.89,3
66.67,28.0,41.03,26.67,40.0,31.25,29.63,1
66.67,28.0,15.38,63.33,60.0,31.25,40.74,1
50.0,44.0,48.72,70.0,66.67,87.5,96.3,2
83.33,84.0,89.74,80.0,93.33,87.5,90.74,3
66.67,72.0,76.92,73.33,83.33,93.75,85.19,3
66.67,88.0,66.67,73.33,16.67,18.75,29.63,1
83.33,72.0,69.23,73.33,63.33,75.0,75.93,3
66.67,56.0,46.15,63.33,50.0,37.5,50.0,2
66.67,68.0,69.23,56.67,63.33,50.0,68.52,2
66.67,76.0,74.36,73.33,50.0,56.25,44.44,2
66.67,72.0,74.36,76.67,76.67,81.25,74.07,3
83.33,56.0,89.74,80.0,93.33,81.25,90.74,3
83.33,52.0,51.28,93.33,36.67,62.5,48.15,2
66.67,64.0,64.1,63.33,26.67,25.0,25.93,1
66.67,80.0,74.36,90.0,43.33,50.0,62.96,2
66.67,88.0,38.46,70.0,63.33,68.75,55.56,2
66.67,32.0,41.03,30.0,23.33,37.5,24.07,1
33.33,56.0,48.72,26.67,10.0,50.0,53.7,1
83.33,48.0,56.41,70.0,46.67,81.25,72.22,2
83.33,80.0,82.05,76.67,100.0,75.0,61.11,3
50.0,40.0,48.72,43.33,50.0,37.5,55.56,2
83.33,72.0,74.36,73.33,60.0,75.0,74.07,3
83.33,84.0,89.74,93.33,90.0,87.5,88.89,3
66.67,64.0,61.54,56.67,60.0,56.25,61.11,2
83.33,88.0,84.62,90.0,83.33,75.0,75.93,3
50.0,56.0,51.28,50.0,43.33,43.75,46.3,2
83.33,92.0,89.74,93.33,96.67,87.5,92.59,3
66.67,76.0,79.49,73.33,86.67,93.75,90.74,3
66.67,76.0,76.92,50.0,76.67,50.0,48.15,2
33.33,24.0,30.77,23.33,23.33,31.25,25.93,1
33.33,32.0,20.51,33.33,76.67,68.75,66.67,1
16.67,20.0,17.95,36.67,36.67,31.25,40.74,1
83.33,40.0,46.15,30.0,13.33,31.25,22.22,1
83.33,76.0,61.54,83.33,56.67,50.0,61.11,2
83.33,84.0,74.36,76.67,93.33,81.25,85.19,3
66.67,76.0,64.1,66.67,93.33,81.25,90.74,3
66.67,52.0,61.54,56.67,36.67,50.0,64.81,2
33.33,12.0,38.46,26.67,90.0,81.25,87.04,1
83.33,72.0,82.05,53.33,53.33,68.75,59.26,2
33.33,28.0,30.77,20.0,36.67,37.5,25.93,1
83.33,96.0,92.31,90.0,76.67,75.0,75.93,3
33.33,24.0,28.21,30.0,26.67,37.5,27.78,1
33.33,36.0,35.9,46.67,40.0,31.25,40.74,1
16.67,32.0,43.59,6.67,40.0,31.25,42.59,1
50.0,72.0,43.59,36.67,70.0,81.25,68.52,2
66.67,68.0,69.23,73.33,73.33,75.0,75.93,3
100.0,96.0,89.74,86.67,96.67,93.75,92.59,3
66.67,76.0,74.36,73.33,73.33,68.75,70.37,3
33.33,40.0,35.9,33.33,36.67,43.75,44.44,1
16.67,24.0,23.08,26.67,73.33,75.0,88.89,1
83.33,96.0,94.87,96.67,86.67,87.5,85.19,3
33.33,24.0,48.72,20.0,16.67,31.25,35.19,1
83.33,80.0,84.62,93.33,80.0,75.0,64.81,3
83.33,96.0,89.74,96.67,76.67,75.0,75.93,3
33.33,36.0,38.46,40.0,43.33,31.25,42.59,1
83.33,72.0,69.23,76.67,83.33,87.5,87.04,3
50.0,52.0,53.85,46.67,53.33,50.0,40.74,2
83.33,72.0,74.36,73.33,73.33,87.5,77.78,3
66.67,32.0,33.33,33.33,20.0,31.25,38.89,1
66.67,56.0,48.72,50.0,46.67,50.0,64.81,2
83.33,68.0,74.36,73.33,73.33,75.0,68.52,3
16.67,36.0,17.95,30.0,26.67,18.75,31.48,1
50.0,64.0,58.97,53.33,33.33,31.25,35.19,1
83.33,96.0,84.62,90.0,90.0,87.5,94.44,3
83.33,96.0,97.44,96.67,93.33,87.5,85.19,3
50.0,92.0,48.72,80.0,16.67,31.25,25.93,1
66.67,92.0,69.23,83.33,83.33,68.75,85.19,3
16.67,28.0,25.64,20.0,60.0,87.5,81.48,1
66.67,76.0,64.1,73.33,76.67,75.0,64.81,3
83.33,48.0,64.1,73.33,26.67,18.75,18.52,1
33.33,32.0,33.33,33.33,43.33,25.0,12.96,1
50.0,56.0,56.41,66.67,30.0,31.25,29.63,1
83.33,88.0,92.31,80.0,66.67,68.75,74.07,3
16.67,12.0,20.51,40.0,73.33,68.75,74.07,1
33.33,24.0,20.51,33.33,30.0,31.25,16.67,1
66.67,76.0,66.67,73.33,80.0,68.75,72.22,3
33.33,28.0,41.03,26.67,40.0,6.25,31.48,1
33.33,36.0,43.59,36.67,43.33,37.5,40.74,1
83.33,76.0,79.49,80.0,76.67,81.25,81.48,3
83.33,96.0,97.44,86.67,70.0,68.75,75.93,3
83.33,84.0,82.05,83.33,90.0,75.0,57.41,3
50.0,52.0,53.85,53.33,50.0,43.75,44.44,2
83.33,68.0,71.79,73.33,66.67,75.0,70.37,3
50.0,56.0,61.54,70.0,30.0,37.5,29.63,1
33.33,44.0,51.28,40.0,33.33,37.5,35.19,1
50.0,52.0,41.03,50.0,46.67,43.75,46.3,2
16.67,32.0,23.08,23.33,56.67,56.25,74.07,1
66.67,76.0,76.92,63.33,33.33,25.0,20.37,1
83.33,80.0,74.36,83.33,76.67,68.75,74.07,3
83.33,72.0,87.18,73.33,53.33,43.75,61.11,2
33.33,32.0,38.46,30.0,33.33,31.25,18.52,1
83.33,64.0,64.1,73.33,30.0,25.0,18.52,1
16.67,32.0,25.64,30.0,80.0,62.5,75.93,1
33.33,44.0,48.72,60.0,53.33,43.75,51.85,2
66.67,52.0,56.41,66.67,73.33,62.5,59.26,2
66.67,72.0,69.23,76.67,73.33,68.75,72.22,3
33.33,12.0,38.46,30.0,16.67,37.5,61.11,1
83.33,64.0,92.31,80.0,80.0,87.5,79.63,3
66.67,92.0,82.05,76.67,73.33,75.0,75.93,3
50.0,60.0,38.46,53.33,73.33,81.25,75.93,2
66.67,36.0,38.46,26.67,20.0,25.0,16.67,1
33.33,32.0,20.51,23.33,83.33,75.0,66.67,1
50.0,56.0,43.59,63.33,43.33,81.25,50.0,2
83.33,72.0,82.05,80.0,66.67,81.25,74.07,3
33.33,40.0,53.85,36.67,43.33,31.25,38.89,1
33.33,32.0,33.33,26.67,26.67,37.5,18.52,1
83.33,80.0,71.79,66.67,76.67,87.5,81.48,3
83.33,84.0,84.62,53.33,83.33,87.5,79.63,3
83.33,96.0,87.18,90.0,70.0,62.5,66.67,3
66.67,76.0,79.49,83.33,50.0,50.0,53.7,2
50.0,68.0,61.54,80.0,16.67,25.0,25.93,1
16.67,12.0,51.28,43.33,60.0,50.0,48.15,1
66.67,80.0,82.05,70.0,40.0,68.75,61.11,2
83.33,92.0,87.18,83.33,70.0,68.75,66.67,3
83.33,88.0,94.87,80.0,90.0,81.25,88.89,3
83.33,88.0,94.87,86.67,93.33,93.75,96.3,3
100.0,92.0,89.74,90.0,83.33,100.0,87.04,3
83.33,72.0,43.59,73.33,53.33,62.5,64.81,2
83.33,88.0,56.41,90.0,73.33,68.75,83.33,3
66.67,12.0,38.46,13.33,36.67,50.0,14.81,1
33.33,32.0,35.9,26.67,40.0,25.0,7.41,1
16.67,8.0,35.9,23.33,83.33,62.5,77.78,1
33.33,16.0,15.38,30.0,76.67,62.5,92.59,1
83.33,72.0,84.62,70.0,46.67,50.0,51.85,2
33.33,24.0,41.03,36.67,66.67,50.0,22.22,1
83.33,36.0,28.21,46.67,40.0,25.0,35.19,1
50.0,32.0,53.85,56.67,60.0,62.5,66.67,2
83.33,100.0,97.44,90.0,96.67,93.75,88.89,3
50.0,12.0,43.59,73.33,36.67,56.25,11.11,1
66.67,44.0,56.41,63.33,83.33,87.5,88.89,2
83.33,92.0,87.18,90.0,80.0,81.25,85.19,3
66.67,68.0,74.36,63.33,46.67,50.0,88.89,2
50.0,44.0,46.15,53.33,40.0,43.75,55.56,2
66.67,64.0,71.79,70.0,73.33,68.75,75.93,3
50.0,44.0,43.59,43.33,43.33,43.75,50.0,2
66.67,72.0,74.36,70.0,86.67,87.5,87.04,3
66.67,60.0,58.97,63.33,43.33,75.0,70.37,2
66.67,72.0,69.23,70.0,90.0,100.0,92.59,3
33.33,20.0,15.38,33.33,30.0,12.5,31.48,1
16.67,24.0,23.08,40.0,40.0,31.25,40.74,1
83.33,72.0,76.92,86.67,56.67,43.75,42.59,2
33.33,36.0,30.77,36.67,56.67,56.25,55.56,1
83.33,60.0,58.97,73.33,26.67,25.0,29.63,1
66.67,24.0,28.21,26.67,46.67,25.0,31.48,1
33.33,32.0,30.77,36.67,53.33,50.0,62.96,1
66.67,20.0,25.64,23.33,23.33,37.5,27.78,1
83.33,84.0,71.79,80.0,50.0,81.25,88.89,3
66.67,72.0,79.49,83.33,16.67,31.25,33.33,1
66.67,64.0,79.49,76.67,30.0,18.75,24.07,1
66.67,36.0,35.9,20.0,23.33,37.5,27.78,1
50.0,56.0,43.59,50.0,83.33,75.0,81.48,2
66.67,64.0,69.23,43.33,70.0,62.5,48.15,2
66.67,68.0,58.97,53.33,33.33,31.25,33.33,1
50.0,20.0,15.38,53.33,50.0,50.0,68.52,1
83.33,76.0,58.97,90.0,90.0,93.75,90.74,3
83.33,80.0,92.31,70.0,56.67,56.25,50.0,2
83.33,56.0,82.05,86.67,93.33,81.25,85.19,3
50.0,56.0,51.28,53.33,66.67,75.0,79.63,2
100.0,36.0,20.51,43.33,23.33,25.0,16.67,1
66.67,68.0,82.05,66.67,26.67,25.0,31.48,1
83.33,80.0,74.36,70.0,83.33,81.25,83.33,3
83.33,68.0,76.92,63.33,40.0,50.0,53.7,2
83.33,64.0,76.92,80.0,20.0,25.0,27.78,1
66.67,84.0,69.23,43.33,50.0,81.25,53.7,2
66.67,72.0,61.54,76.67,86.67,100.0,100.0,3
83.33,88.0,89.74,100.0,90.0,87.5,85.19,3
83.33,72.0,76.92,76.67,73.33,93.75,79.63,3
66.67,88.0,58.97,83.33,86.67,87.5,77.78,3
33.33,24.0,33.33,33.33,16.67,25.0,24.07,1
66.67,68.0,79.49,60.0,70.0,50.0,70.37,2
66.67,76.0,82.05,80.0,83.33,87.5,87.04,3
66.67,44.0,69.23,50.0,53.33,75.0,68.52,2
66.67,76.0,82.05,73.33,73.33,68.75,59.26,3
83.33,84.0,87.18,90.0,73.33,75.0,77.78,3
83.33,80.0,66.67,66.67,50.0,50.0,42.59,2
66.67,20.0,20.51,56.67,43.33,62.5,46.3,1
50.0,40.0,35.9,36.67,46.67,37.5,29.63,1
83.33,68.0,71.79,73.33,63.33,87.5,77.78,3
83.33,80.0,100.0,93.33,73.33,62.5,61.11,3
100.0,84.0,89.74,93.33,80.0,87.5,94.44,3
66.67,76.0,69.23,76.67,73.33,81.25,77.78,3
100.0,100.0,92.31,90.0,90.0,93.75,81.48,3
66.67,64.0,64.1,70.0,66.67,75.0,48.15,2
33.33,32.0,23.08,20.0,66.67,75.0,51.85,1
66.67,72.0,69.23,43.33,76.67,50.0,50.0,2
83.33,80.0,84.62,53.33,76.67,81.25,87.04,3
16.67,48.0,64.1,46.67,30.0,43.75,24.07,1
83.33,56.0,92.31,76.67,83.33,75.0,81.48,3
83.33,80.0,69.23,66.67,23.33,18.75,37.04,1
83.33,72.0,71.79,50.0,63.33,68.75,75.93,2
50.0,36.0,33.33,46.67,36.67,31.25,33.33,1
33.33,32.0,28.21,23.33,63.33,75.0,68.52,1
33.33,16.0,33.33,13.33,56.67,81.25,74.07,1
50.0,36.0,48.72,36.67,33.33,37.5,35.19,1
100.0,96.0,87.18,93.33,86.67,81.25,88.89,3
33.33,44.0,17.95,16.67,50.0,56.25,42.59,1
83.33,20.0,23.08,43.33,36.67,50.0,37.04,1
16.67,24.0,15.38,16.67,70.0,68.75,74.07,1
83.33,32.0,20.51,33.33,23.33,50.0,20.37,1
83.33,84.0,92.31,80.0,90.0,93.75,94.44,3
66.67,64.0,74.36,80.0,70.0,68.75,75.93,3
50.0,60.0,51.28,66.67,73.33,81.25,64.81,2
66.67,92.0,89.74,80.0,70.0,68.75,68.52,3
83.33,76.0,56.41,90.0,86.67,87.5,83.33,3
66.67,80.0,79.49,66.67,83.33,87.5,90.74,3
33.33,44.0,69.23,43.33,66.67,43.75,55.56,2
83.33,80.0,87.18,86.67,53.33,50.0,55.56,2
50.0,40.0,20.51,13.33,46.67,56.25,31.48,1
83.33,64.0,35.9,50.0,70.0,56.25,87.04,2
83.33,32.0,30.77,36.67,20.0,43.75,25.93,1
66.67,72.0,71.79,63.33,70.0,62.5,48.15,2
66.67,68.0,69.23,80.0,63.33,68.75,74.07,3
83.33,80.0,79.49,76.67,80.0,81.25,81.48,3
50.0,36.0,48.72,33.33,40.0,37.5,35.19,1
100.0,92.0,94.87,93.33,90.0,87.5,88.89,3
100.0,84.0,87.18,93.33,93.33,93.75,85.19,3
66.67,68.0,76.92,73.33,76.67,81.25,96.3,3
50.0,68.0,84.62,50.0,56.67,50.0,55.56,2
50.0,68.0,43.59,83.33,76.67,68.75,64.81,2
66.67,56.0,53.85,60.0,50.0,62.5,62.96,2
66.67,68.0,74.36,83.33,20.0,37.5,25.93,1
83.33,64.0,74.36,70.0,86.67,68.75,85.19,3
83.33,28.0,25.64,33.33,43.33,25.0,38.89,1
66.67,72.0,84.62,76.67,53.33,50.0,50.0,2
83.33,88.0,71.79,70.0,50.0,43.75,48.15,2
83.33,28.0,43.59,53.33,33.33,31.25,22.22,1
50.0,60.0,41.03,56.67,86.67,81.25,79.63,2
83.33,80.0,84.62,86.67,70.0,75.0,90.74,3
83.33,28.0,43.59,26.67,30.0,18.75,33.33,1
50.0,48.0,48.72,56.67,66.67,87.5,81.48,2
83.33,84.0,76.92,73.33,70.0,75.0,74.07,3
33.33,48.0,48.72,50.0,50.0,50.0,37.04,2
33.33,32.0,23.08,43.33,40.0,37.5,22.22,1
83.33,72.0,74.36,73.33,90.0,93.75,87.04,3
66.67,44.0,56.41,56.67,70.0,43.75,53.7,2
33.33,32.0,25.64,40.0,33.33,25.0,37.04,1
16.67,24.0,46.15,60.0,46.67,56.25,18.52,1
100.0,88.0,92.31,90.0,90.0,93.75,90.74,3
66.67,76.0,82.05,90.0,76.67,81.25,72.22,3
50.0,24.0,23.08,40.0,23.33,31.25,35.19,1
83.33,16.0,23.08,30.0,23.33,25.0,14.81,1
50.0,44.0,58.97,46.67,70.0,56.25,74.07,2
66.67,60.0,46.15,56.67,76.67,62.5,57.41,2
83.33,80.0,84.62,80.0,83.33,87.5,70.37,3
16.67,24.0,33.33,16.67,50.0,75.0,66.67,1
50.0,52.0,41.03,63.33,70.0,81.25,72.22,2
66.67,72.0,61.54,53.33,73.33,75.0,66.67,2
83.33,80.0,87.18,86.67,80.0,68.75,75.93,3
50.0,64.0,58.97,56.67,73.33,81.25,62.96,2
66.67,72.0,74.36,66.67,70.0,75.0,72.22,3
100.0,88.0,87.18,90.0,63.33,68.75,68.52,3
50.0,48.0,51.28,50.0,46.67,50.0,40.74,2
83.33,92.0,89.74,96.67,96.67,100.0,88.89,3
33.33,32.0,35.9,33.33,50.0,56.25,57.41,1
83.33,96.0,87.18,90.0,73.33,93.75,64.81,3
83.33,88.0,79.49,93.33,73.33,81.25,75.93,3
66.67,44.0,56.41,50.0,80.0,81.25,72.22,2
66.67,56.0,64.1,53.33,80.0,50.0,75.93,2
50.0,60.0,43.59,60.0,83.33,81.25,64.81,2
66.67,68.0,69.23,66.67,46.67,62.5,74.07,2
83.33,84.0,100.0,96.67,70.0,62.5,68.52,3
83.33,16.0,41.03,43.33,23.33,43.75,20.37,1
66.67,64.0,76.92,76.67,76.67,62.5,48.15,2
83.33,100.0,87.18,96.67,96.67,100.0,81.48,3
66.67,76.0,69.23,70.0,73.33,75.0,79.63,3
66.67,100.0,82.05,90.0,76.67,56.25,88.89,3
83.33,92.0,97.44,100.0,93.33,87.5,90.74,3
33.33,40.0,25.64,20.0,40.0,31.25,33.33,1
66.67,84.0,66.67,73.33,36.67,25.0,16.67,1
16.67,24.0,23.08,16.67,63.33,62.5,75.93,1
33.33,56.0,46.15,56.67,53.33,56.25,53.7,2
83.33,88.0,79.49,80.0,76.67,68.75,68.52,3
66.67,72.0,79.49,76.67,63.33,68.75,72.22,3
33.33,48.0,48.72,46.67,46.67,43.75,55.56,2
66.67,68.0,82.05,76.67,76.67,87.5,88.89,3
83.33,84.0,97.44,86.67,86.67,87.5,87.04,3
66.67,68.0,43.59,56.67,76.67,68.75,88.89,2
50.0,48.0,56.41,43.33,63.33,100.0,77.78,2
33.33,52.0,30.77,40.0,43.33,31.25,37.04,1
33.33,28.0,28.21,30.0,80.0,93.75,66.67,1
100.0,96.0,94.87,93.33,86.67,93.75,81.48,3
83.33,64.0,79.49,43.33,66.67,68.75,68.52,2
66.67,84.0,76.92,83.33,83.33,81.25,75.93,3
83.33,64.0,79.49,86.67,73.33,87.5,81.48,3
83.33,76.0,76.92,86.67,43.33,43.75,44.44,2
33.33,32.0,38.46,36.67,53.33,56.25,55.56,1
50.0,40.0,7.69,70.0,20.0,18.75,61.11,1
50.0,60.0,69.23,83.33,60.0,56.25,74.07,2
66.67,68.0,46.15,66.67,73.33,68.75,62.96,2
33.33,32.0,30.77,26.67,56.67,68.75,72.22,1
83.33,80.0,71.79,80.0,86.67,68.75,74.07,3
33.33,36.0,30.77,33.33,50.0,62.5,55.56,1
83.33,92.0,94.87,93.33,93.33,93.75,96.3,3
100.0,80.0,87.18,56.67,80.0,93.75,79.63,3
83.33,80.0,79.49,90.0,73.33,87.5,61.11,3
33.33,20.0,33.33,36.67,40.0,31.25,38.89,1
83.33,76.0,71.79,86.67,80.0,75.0,88.89,3
66.67,72.0,74.36,73.33,80.0,81.25,81.48,3
16.67,56.0,53.85,66.67,53.33,18.75,11.11,1
66.67,76.0,74.36,73.33,43.33,50.0,64.81,2
33.33,48.0,15.38,26.67,33.33,12.5,31.48,1
83.33,96.0,76.92,90.0,90.0,100.0,85.19,3
50.0,60.0,56.41,50.0,33.33,31.25,29.63,1
50.0,48.0,51.28,36.67,40.0,50.0,44.44,2
33.33,36.0,61.54,56.67,13.33,12.5,48.15,1
66.67,72.0,74.36,73.33,86.67,81.25,92.59,3
100.0,76.0,92.31,93.33,93.33,93.75,96.3,3
50.0,60.0,51.28,53.33,66.67,81.25,83.33,2
50.0,72.0,82.05,83.33,73.33,93.75,87.04,3
66.67,72.0,71.79,76.67,70.0,68.75,66.67,3
83.33,88.0,87.18,86.67,76.67,68.75,68.52,3
33.33,40.0,48.72,43.33,33.33,31.25,38.89,1
66.67,68.0,71.79,70.0,70.0,75.0,44.44,2
66.67,68.0,71.79,70.0,83.33,93.75,88.89,3
66.67,80.0,46.15,56.67,70.0,68.75,70.37,2
66.67,76.0,84.62,73.33,83.33,81.25,77.78,3
66.67,76.0,82.05,73.33,66.67,81.25,70.37,3
50.0,44.0,58.97,50.0,53.33,50.0,57.41,2
83.33,68.0,89.74,63.33,13.33,12.5,20.37,1
66.67,56.0,51.28,50.0,90.0,68.75,68.52,2
66.67,68.0,69.23,63.33,83.33,50.0,72.22,2
83.33,72.0,69.23,93.33,70.0,81.25,72.22,3
50.0,44.0,48.72,63.33,63.33,56.25,57.41,2
66.67,92.0,79.49,93.33,50.0,37.5,50.0,2
100.0,88.0,84.62,90.0,76.67,68.75,66.67,3
83.33,88.0,92.31,90.0,70.0,75.0,75.93,3
66.67,92.0,76.92,43.33,66.67,62.5,50.0,2
83.33,84.0,82.05,96.67,73.33,68.75,72.22,3
33.33,24.0,33.33,33.33,70.0,50.0,59.26,1
50.0,44.0,41.03,0.0,23.33,56.25,16.67,1
50.0,56.0,71.79,36.67,63.33,37.5,62.96,2
33.33,28.0,38.46,23.33,16.67,37.5,29.63,1
83.33,84.0,76.92,66.67,70.0,75.0,70.37,3
83.33,84.0,69.23,86.67,60.0,50.0,40.74,2
83.33,84.0,84.62,73.33,80.0,56.25,88.89,3
66.67,76.0,66.67,73.33,73.33,75.0,74.07,3
83.33,88.0,92.31,90.0,76.67,68.75,74.07,3
50.0,12.0,43.59,20.0,46.67,50.0,12.96,1
66.67,80.0,87.18,86.67,86.67,81.25,79.63,3
83.33,80.0,89.74,83.33,86.67,87.5,98.15,3
83.33,92.0,89.74,93.33,96.67,93.75,98.15,3
50.0,44.0,48.72,50.0,70.0,93.75,62.96,2
50.0,68.0,69.23,66.67,66.67,68.75,72.22,2
100.0,84.0,79.49,83.33,76.67,56.25,66.67,3
83.33,80.0,61.54,93.33,43.33,37.5,53.7,2
83.33,76.0,84.62,73.33,80.0,75.0,77.78,3
100.0,92.0,94.87,90.0,93.33,93.75,100.0,3
83.33,88.0,84.62,76.67,43.33,43.75,50.0,2
66.67,76.0,69.23,63.33,26.67,25.0,29.63,1
66.67,68.0,79.49,73.33,73.33,75.0,44.44,2
66.67,88.0,79.49,83.33,43.33,62.5,48.15,2
66.67,76.0,74.36,86.67,83.33,81.25,77.78,3
66.67,76.0,79.49,70.0,13.33,37.5,7.41,1
66.67,60.0,84.62,73.33,50.0,43.75,61.11,2
66.67,68.0,61.54,66.67,60.0,56.25,70.37,2
66.67,76.0,64.1,50.0,23.33,18.75,27.78,1
83.33,80.0,76.92,83.33,40.0,56.25,40.74,2
83.33,80.0,79.49,80.0,86.67,75.0,83.33,3
66.67,76.0,82.05,73.33,86.67,81.25,81.48,3
50.0,56.0,61.54,43.33,83.33,81.25,83.33,2
66.67,36.0,28.21,30.0,26.67,43.75,24.07,1
33.33,48.0,41.03,53.33,50.0,50.0,44.44,2
50.0,40.0,48.72,40.0,53.33,56.25,48.15,2
66.67,68.0,64.1,53.33,83.33,68.75,70.37,2
50.0,44.0,43.59,50.0,40.0,50.0,55.56,2
16.67,20.0,25.64,26.67,66.67,62.5,70.37,1
83.33,60.0,48.72,66.67,76.67,68.75,66.67,2
50.0,76.0,64.1,73.33,60.0,68.75,48.15,2
16.67,28.0,30.77,33.33,40.0,31.25,40.74,1
16.67,28.0,15.38,33.33,83.33,75.0,61.11,1
16.67,76.0,58.97,20.0,43.33,50.0,20.37,1
33.33,36.0,30.77,23.33,63.33,87.5,59.26,1
66.67,72.0,84.62,83.33,53.33,43.75,46.3,2
50.0,36.0,7.69,56.67,46.67,62.5,24.07,1
83.33,44.0,64.1,63.33,60.0,75.0,79.63,2
83.33,76.0,71.79,70.0,73.33,75.0,68.52,3
83.33,88.0,84.62,90.0,60.0,75.0,75.93,3
50.0,44.0,64.1,53.33,46.67,43.75,46.3,2
50.0,76.0,66.67,70.0,73.33,50.0,62.96,2
83.33,84.0,92.31,96.67,73.33,68.75,75.93,3
33.33,24.0,23.08,16.67,83.33,75.0,68.52,1
33.33,32.0,28.21,13.33,66.67,75.0,72.22,1
83.33,20.0,38.46,30.0,33.33,31.25,27.78,1
50.0,20.0,12.82,36.67,46.67,43.75,55.56,1
83.33,96.0,87.18,100.0,90.0,93.75,92.59,3
33.33,32.0,30.77,36.67,80.0,56.25,62.96,1
50.0,92.0,79.49,80.0,93.33,87.5,85.19,3
66.67,72.0,64.1,76.67,76.67,68.75,74.07,3
33.33,44.0,58.97,46.67,53.33,18.75,29.63,1
33.33,36.0,30.77,30.0,36.67,37.5,27.78,1
66.67,68.0,82.05,76.67,76.67,75.0,48.15,2
83.33,76.0,74.36,76.67,90.0,87.5,88.89,3
66.67,84.0,84.62,76.67,66.67,81.25,77.78,3
50.0,52.0,46.15,50.0,46.67,37.5,51.85,2
50.0,80.0,76.92,70.0,26.67,25.0,29.63,1
66.67,80.0,71.79,76.67,80.0,68.75,75.93,3
66.67,72.0,76.92,76.67,90.0,81.25,83.33,3
33.33,24.0,25.64,23.33,83.33,81.25,74.07,1
83.33,80.0,74.36,86.67,73.33,75.0,81.48,3
50.0,44.0,48.72,40.0,50.0,43.75,48.15,2
66.67,76.0,71.79,80.0,83.33,100.0,87.04,3
66.67,72.0,61.54,60.0,13.33,31.25,33.33,1
50.0,44.0,38.46,33.33,33.33,31.25,37.04,1
66.67,48.0,71.79,60.0,80.0,68.75,33.33,2
50.0,56.0,51.28,46.67,46.67,56.25,50.0,2
83.33,60.0,87.18,80.0,73.33,81.25,85.19,3
66.67,72.0,69.23,66.67,46.67,68.75,68.52,2
100.0,84.0,89.74,93.33,90.0,93.75,85.19,3
50.0,48.0,48.72,43.33,76.67,68.75,64.81,2
33.33,32.0,38.46,33.33,53.33,50.0,53.7,1
50.0,32.0,28.21,33.33,33.33,56.25,22.22,1
83.33,20.0,38.46,36.67,26.67,25.0,35.19,1
66.67,52.0,66.67,60.0,63.33,56.25,50.0,2
66.67,48.0,71.79,70.0,63.33,68.75,59.26,2
50.0,52.0,41.03,66.67,86.67,75.0,83.33,2
66.67,68.0,74.36,66.67,73.33,75.0,75.93,3
66.67,68.0,69.23,70.0,63.33,43.75,70.37,2
83.33,60.0,46.15,63.33,60.0,37.5,77.78,2
16.67,12.0,53.85,50.0,50.0,43.75,50.0,1
66.67,72.0,82.05,76.67,53.33,37.5,33.33,2
100.0,96.0,92.31,90.0,90.0,81.25,96.3,3
50.0,68.0,71.79,80.0,70.0,62.5,50.0,2
50.0,64.0,43.59,73.33,53.33,62.5,53.7,2
66.67,72.0,79.49,73.33,63.33,68.75,74.07,3
50.0,64.0,66.67,60.0,33.33,31.25,35.19,1
66.67,56.0,56.41,46.67,83.33,62.5,77.78,2
50.0,52.0,53.85,66.67,73.33,75.0,81.48,2
83.33,88.0,89.74,80.0,76.67,81.25,81.48,3
16.67,52.0,15.38,33.33,33.33,37.5,29.63,1
83.33,68.0,74.36,66.67,83.33,93.75,85.19,3
66.67,44.0,35.9,26.67,50.0,31.25,25.93,1
50.0,40.0,43.59,46.67,50.0,37.5,48.15,2
33.33,40.0,12.82,23.33,23.33,31.25,31.48,1
66.67,64.0,74.36,63.33,66.67,68.75,42.59,2
66.67,92.0,69.23,66.67,16.67,31.25,31.48,1
66.67,72.0,76.92,80.0,86.67,87.5,87.04,3
33.33,40.0,61.54,13.33,20.0,25.0,44.44,1
50.0,52.0,66.67,43.33,46.67,62.5,55.56,2
66.67,80.0,76.92,76.67,73.33,87.5,85.19,3
83.33,72.0,76.92,63.33,80.0,87.5,77.78,3
100.0,100.0,82.05,86.67,90.0,93.75,90.74,3
66.67,68.0,48.72,60.0,66.67,75.0,68.52,2
83.33,72.0,71.79,73.33,63.33,68.75,72.22,3
33.33,32.0,30.77,33.33,56.67,50.0,57.41,1
66.67,68.0,69.23,60.0,76.67,50.0,75.93,2
83.33,24.0,33.33,13.33,30.0,37.5,27.78,1
16.67,68.0,20.51,20.0,33.33,43.75,55.56,1
83.33,24.0,35.9,20.0,13.33,25.0,37.04,1
83.33,100.0,84.62,86.67,100.0,87.5,90.74,3
50.0,44.0,53.85,53.33,86.67,75.0,70.37,2
66.67,64.0,51.28,66.67,70.0,75.0,74.07,2
66.67,76.0,66.67,40.0,60.0,50.0,81.48,2
66.67,68.0,43.59,76.67,70.0,68.75,70.37,2
83.33,72.0,71.79,73.33,26.67,25.0,25.93,1
83.33,88.0,82.05,86.67,93.33,81.25,66.67,3
16.67,16.0,33.33,23.33,86.67,93.75,72.22,1
66.67,80.0,74.36,73.33,33.33,18.75,27.78,1
100.0,96.0,92.31,90.0,90.0,87.5,90.74,3
50.0,44.0,51.28,46.67,76.67,81.25,83.33,2
33.33,28.0,43.59,33.33,26.67,25.0,35.19,1
66.67,52.0,87.18,50.0,43.33,68.75,74.07,2
66.67,84.0,71.79,50.0,53.33,62.5,66.67,2
83.33,20.0,23.08,26.67,23.33,31.25,33.33,1
50.0,40.0,48.72,56.67,50.0,50.0,44.44,2
50.0,48.0,74.36,80.0,20.0,25.0,22.22,1
66.67,16.0,10.26,33.33,13.33,50.0,37.04,1
83.33,76.0,92.31,76.67,60.0,81.25,79.63,3
100.0,24.0,33.33,23.33,3.33,37.5,40.74,1
50.0,68.0,48.72,60.0,70.0,75.0,61.11,2
66.67,36.0,41.03,16.67,36.67,37.5,31.48,1
16.67,60.0,48.72,60.0,13.33,62.5,24.07,1
83.33,84.0,71.79,83.33,63.33,75.0,72.22,3
66.67,68.0,43.59,70.0,63.33,68.75,72.22,2
66.67,64.0,79.49,60.0,46.67,56.25,72.22,2
66.67,64.0,43.59,70.0,93.33,81.25,94.44,2
83.33,32.0,28.21,30.0,23.33,25.0,25.93,1
66.67,32.0,33.33,30.0,30.0,31.25,25.93,1
100.0,84.0,84.62,90.0,73.33,75.0,68.52,3
83.33,76.0,66.67,76.67,70.0,68.75,72.22,3
83.33,28.0,25.64,16.67,33.33,25.0,37.04,1
33.33,16.0,25.64,16.67,76.67,68.75,81.48,1
100.0,100.0,84.62,86.67,90.0,93.75,94.44,3
50.0,20.0,56.41,23.33,56.67,18.75,46.3,1
50.0,56.0,64.1,63.33,66.67,68.75,70.37,2
100.0,92.0,92.31,86.67,93.33,87.5,87.04,3
66.67,76.0,79.49,76.67,46.67,31.25,48.15,2
50.0,56.0,53.85,43.33,90.0,87.5,75.93,2
83.33,76.0,84.62,73.33,36.67,18.75,20.37,1
66.67,68.0,71.79,63.33,26.67,12.5,16.67,1
33.33,28.0,20.51,36.67,63.33,62.5,70.37,1
66.67,60.0,66.67,80.0,60.0,50.0,59.26,2
50.0,84.0,66.67,63.33,20.0,25.0,29.63,1
66.67,76.0,61.54,73.33,36.67,18.75,5.56,1
66.67,48.0,48.72,60.0,33.33,31.25,33.33,1
66.67,84.0,58.97,70.0,30.0,18.75,24.07,1
50.0,40.0,58.97,10.0,56.67,18.75,55.56,1
66.67,76.0,79.49,73.33,86.67,87.5,83.33,3
50.0,56.0,64.1,53.33,30.0,31.25,33.33,1
83.33,72.0,76.92,66.67,63.33,43.75,46.3,2
33.33,48.0,43.59,53.33,46.67,25.0,31.48,1
83.33,88.0,89.74,80.0,73.33,81.25,70.37,3
33.33,8.0,33.33,20.0,80.0,62.5,62.96,1
83.33,96.0,87.18,90.0,90.0,93.75,87.04,3
66.67,84.0,84.62,93.33,80.0,56.25,77.78,3
50.0,36.0,48.72,53.33,43.33,50.0,46.3,2
83.33,76.0,71.79,60.0,80.0,75.0,75.93,3
66.67,64.0,76.92,56.67,73.33,50.0,66.67,2
66.67,80.0,76.92,90.0,43.33,50.0,55.56,2
33.33,20.0,20.51,13.33,46.67,56.25,57.41,1
66.67,72.0,61.54,70.0,66.67,50.0,68.52,2
83.33,48.0,71.79,66.67,76.67,43.75,53.7,2
66.67,80.0,76.92,73.33,73.33,75.0,70.37,3
66.67,52.0,58.97,66.67,66.67,56.25,57.41,2
50.0,32.0,48.72,60.0,50.0,56.25,42.59,2
83.33,80.0,100.0,96.67,93.33,93.75,79.63,3
66.67,80.0,76.92,80.0,33.33,6.25,24.07,1
50.0,44.0,46.15,40.0,46.67,50.0,46.3,2
66.67,72.0,71.79,70.0,73.33,68.75,74.07,3
66.67,64.0,74.36,56.67,26.67,18.75,12.96,1
83.33,80.0,69.23,80.0,80.0,62.5,83.33,3
66.67,64.0,69.23,73.33,43.33,75.0,55.56,2
83.33,76.0,76.92,76.67,76.67,81.25,74.07,3
66.67,72.0,69.23,70.0,76.67,68.75,77.78,3
66.67,80.0,79.49,80.0,70.0,68.75,79.63,3
50.0,52.0,48.72,43.33,43.33,56.25,42.59,2
66.67,92.0,76.92,76.67,80.0,81.25,81.48,3
50.0,48.0,43.59,46.67,50.0,43.75,46.3,2
83.33,80.0,61.54,80.0,90.0,87.5,88.89,3
50.0,68.0,64.1,70.0,70.0,75.0,64.81,2
50.0,48.0,48.72,46.67,43.33,56.25,46.3,2
83.33,72.0,71.79,70.0,70.0,75.0,72.22,3
16.67,72.0,56.41,16.67,56.67,37.5,46.3,1
66.67,56.0,71.79,66.67,66.67,68.75,70.37,2
50.0,48.0,53.85,20.0,20.0,25.0,50.0,1
33.33,60.0,12.82,46.67,46.67,12.5,57.41,1
66.67,76.0,69.23,80.0,43.33,68.75,66.67,2
66.67,76.0,71.79,76.67,83.33,87.5,96.3,3
83.33,80.0,79.49,80.0,93.33,75.0,59.26,3
33.33,32.0,10.26,50.0,43.33,31.25,50.0,1
50.0,40.0,56.41,56.67,50.0,37.5,42.59,2
100.0,96.0,94.87,86.67,70.0,75.0,72.22,3
50.0,52.0,51.28,56.67,50.0,62.5,55.56,2
66.67,84.0,94.87,80.0,53.33,50.0,48.15,2
50.0,16.0,56.41,20.0,36.67,56.25,46.3,1
100.0,88.0,84.62,90.0,90.0,81.25,79.63,3
33.33,32.0,28.21,33.33,66.67,50.0,62.96,1
16.67,44.0,33.33,16.67,33.33,18.75,31.48,1
83.33,84.0,89.74,76.67,56.67,37.5,44.44,2
66.67,48.0,58.97,40.0,56.67,56.25,61.11,2
83.33,96.0,87.18,90.0,100.0,87.5,88.89,3
66.67,48.0,46.15,70.0,63.33,56.25,81.48,2
50.0,44.0,51.28,40.0,83.33,81.25,66.67,2
83.33,92.0,76.92,86.67,50.0,50.0,55.56,2
83.33,68.0,82.05,66.67,60.0,50.0,44.44,2
50.0,36.0,12.82,46.67,40.0,56.25,11.11,1
66.67,72.0,79.49,60.0,73.33,93.75,85.19,3
83.33,68.0,84.62,80.0,43.33,62.5,46.3,2
83.33,68.0,66.67,66.67,76.67,62.5,74.07,3
50.0,60.0,58.97,63.33,56.67,62.5,64.81,2
50.0,52.0,58.97,63.33,60.0,43.75,48.15,2
50.0,48.0,56.41,46.67,73.33,68.75,83.33,2
100.0,92.0,89.74,80.0,73.33,68.75,77.78,3
100.0,88.0,82.05,86.67,73.33,75.0,74.07,3
66.67,72.0,76.92,66.67,70.0,68.75,72.22,3
50.0,44.0,53.85,53.33,80.0,81.25,87.04,2
83.33,72.0,64.1,70.0,83.33,75.0,74.07,3
33.33,16.0,30.77,33.33,63.33,75.0,72.22,1
66.67,72.0,66.67,73.33,66.67,75.0,77.78,3
66.67,40.0,87.18,73.33,53.33,56.25,64.81,2
100.0,84.0,100.0,93.33,90.0,87.5,81.48,3
100.0,92.0,87.18,83.33,70.0,68.75,74.07,3
83.33,92.0,82.05,86.67,76.67,75.0,66.67,3
50.0,48.0,51.28,53.33,53.33,43.75,46.3,2
83.33,76.0,79.49,63.33,23.33,25.0,38.89,1
50.0,40.0,43.59,43.33,56.67,50.0,51.85,2
66.67,68.0,69.23,63.33,73.33,68.75,51.85,2
50.0,52.0,64.1,60.0,46.67,62.5,66.67,2
33.33,28.0,30.77,36.67,60.0,68.75,66.67,1
83.33,16.0,30.77,36.67,33.33,31.25,20.37,1
0.0,40.0,12.82,26.67,23.33,25.0,31.48,1
83.33,88.0,71.79,60.0,80.0,75.0,79.63,3
83.33,32.0,33.33,20.0,26.67,18.75,31.48,1
50.0,72.0,74.36,76.67,16.67,25.0,24.07,1
83.33,72.0,74.36,83.33,80.0,75.0,81.48,3
83.33,80.0,94.87,76.67,53.33,75.0,85.19,3
100.0,84.0,76.92,86.67,73.33,75.0,66.67,3
66.67,76.0,79.49,70.0,73.33,68.75,75.93,3
83.33,92.0,82.05,86.67,70.0,68.75,74.07,3
83.33,88.0,53.85,90.0,10.0,18.75,25.93,1
66.67,28.0,51.28,36.67,20.0,31.25,33.33,1
50.0,48.0,41.03,30.0,33.33,56.25,38.89,1
83.33,80.0,79.49,83.33,50.0,87.5,81.48,3
83.33,40.0,25.64,23.33,36.67,31.25,20.37,1
83.33,20.0,38.46,30.0,23.33,37.5,25.93,1
50.0,48.0,53.85,53.33,53.33,43.75,40.74,2
66.67,72.0,71.79,70.0,73.33,68.75,75.93,3
83.33,84.0,79.49,90.0,73.33,68.75,79.63,3
50.0,48.0,56.41,60.0,56.67,62.5,53.7,2
66.67,72.0,71.79,73.33,83.33,87.5,79.63,3
83.33,80.0,79.49,93.33,73.33,75.0,72.22,3
66.67,44.0,53.85,46.67,63.33,62.5,46.3,2
50.0,68.0,38.46,56.67,83.33,68.75,83.33,2
33.33,16.0,30.77,36.67,40.0,31.25,22.22,1
50.0,48.0,48.72,53.33,50.0,50.0,44.44,2
50.0,44.0,48.72,56.67,73.33,87.5,81.48,2
83.33,84.0,64.1,83.33,76.67,81.25,79.63,3
66.67,68.0,58.97,73.33,60.0,50.0,70.37,2
50.0,56.0,56.41,66.67,76.67,93.75,70.37,2
50.0,44.0,56.41,56.67,53.33,62.5,68.52,2
16.67,44.0,61.54,43.33,10.0,50.0,12.96,1
66.67,72.0,76.92,50.0,73.33,68.75,68.52,2
66.67,84.0,87.18,76.67,60.0,50.0,31.48,2
16.67,48.0,48.72,33.33,60.0,18.75,42.59,1
83.33,92.0,89.74,96.67,80.0,93.75,88.89,3
50.0,52.0,46.15,46.67,53.33,43.75,53.7,2
16.67,24.0,25.64,16.67,86.67,75.0,83.33,1
50.0,56.0,46.15,60.0,40.0,75.0,51.85,2
16.67,16.0,25.64,30.0,63.33,81.25,64.81,1
83.33,88.0,87.18,83.33,76.67,81.25,77.78,3
66.67,68.0,58.97,60.0,60.0,62.5,53.7,2
66.67,76.0,76.92,70.0,86.67,93.75,92.59,3
83.33,88.0,79.49,60.0,76.67,75.0,83.33,3
66.67,64.0,82.05,76.67,90.0,81.25,75.93,3
50.0,44.0,53.85,46.67,40.0,43.75,50.0,2
83.33,80.0,79.49,53.33,76.67,75.0,81.48,3
83.33,84.0,84.62,63.33,80.0,87.5,81.48,3
83.33,92.0,84.62,90.0,90.0,87.5,81.48,3
83.33,28.0,17.95,26.67,30.0,25.0,37.04,1
83.33,88.0,92.31,86.67,73.33,81.25,72.22,3
66.67,52.0,53.85,53.33,43.33,50.0,57.41,2
83.33,68.0,82.05,76.67,66.67,81.25,79.63,3
83.33,96.0,89.74,86.67,90.0,93.75,85.19,3
83.33,64.0,53.85,76.67,56.67,56.25,68.52,2
83.33,72.0,66.67,86.67,16.67,18.75,25.93,1
66.67,48.0,71.79,70.0,63.33,75.0,66.67,2
66.67,60.0,64.1,66.67,73.33,50.0,70.37,2
66.67,72.0,76.92,56.67,26.67,18.75,16.67,1
83.33,100.0,66.67,80.0,50.0,56.25,51.85,2
33.33,36.0,30.77,43.33,50.0,37.5,40.74,1
16.67,24.0,23.08,26.67,73.33,87.5,79.63,1
66.67,52.0,51.28,56.67,73.33,87.5,90.74,2
50.0,40.0,53.85,43.33,53.33,31.25,46.3,2
33.33,32.0,30.77,33.33,53.33,68.75,61.11,1
66.67,64.0,71.79,70.0,80.0,75.0,79.63,3
83.33,88.0,79.49,80.0,60.0,75.0,81.48,3
83.33,56.0,58.97,83.33,23.33,43.75,27.78,1
33.33,32.0,23.08,36.67,23.33,31.25,37.04,1
50.0,64.0,17.95,46.67,63.33,43.75,12.96,1
83.33,76.0,87.18,80.0,43.33,62.5,51.85,2
66.67,68.0,69.23,80.0,90.0,81.25,87.04,3
83.33,16.0,38.46,33.33,36.67,25.0,33.33,1
83.33,36.0,25.64,13.33,53.33,43.75,25.93,1
66.67,64.0,74.36,70.0,20.0,37.5,27.78,1
83.33,72.0,69.23,73.33,90.0,93.75,88.89,3
83.33,32.0,12.82,30.0,40.0,12.5,35.19,1
83.33,76.0,71.79,76.67,86.67,75.0,83.33,3
83.33,92.0,84.62,90.0,50.0,50.0,40.74,2
50.0,44.0,58.97,66.67,60.0,18.75,7.41,1
0.0,56.0,56.41,56.67,10.0,18.75,48.15,1
66.67,52.0,61.54,63.33,63.33,62.5,55.56,2
83.33,80.0,71.79,93.33,53.33,56.25,51.85,2
100.0,84.0,87.18,83.33,90.0,81.25,100.0,3
83.33,100.0,94.87,86.67,70.0,75.0,79.63,3
16.67,40.0,43.59,16.67,60.0,68.75,83.33,1
50.0,84.0,87.18,80.0,73.33,81.25,85.19,3
50.0,56.0,71.79,63.33,66.67,50.0,61.11,2
66.67,84.0,79.49,76.67,73.33,81.25,90.74,3
66.67,76.0,74.36,76.67,63.33,75.0,74.07,3
83.33,68.0,64.1,86.67,46.67,50.0,55.56,2
33.33,44.0,53.85,53.33,46.67,50.0,50.0,2
66.67,84.0,69.23,73.33,56.67,62.5,40.74,2
50.0,68.0,61.54,53.33,36.67,68.75,74.07,2
66.67,68.0,71.79,66.67,30.0,31.25,22.22,1
66.67,84.0,51.28,86.67,40.0,25.0,18.52,1
83.33,72.0,71.79,73.33,73.33,75.0,77.78,3
66.67,76.0,79.49,76.67,46.67,43.75,42.59,2
83.33,24.0,30.77,23.33,36.67,25.0,37.04,1
50.0,72.0,12.82,16.67,46.67,50.0,50.0,1
83.33,76.0,74.36,50.0,66.67,68.75,62.96,2
83.33,72.0,64.1,66.67,66.67,62.5,44.44,2
66.67,80.0,66.67,50.0,20.0,18.75,33.33,1
50.0,48.0,17.95,56.67,40.0,12.5,18.52,1
50.0,56.0,51.28,43.33,43.33,50.0,53.7,2
83.33,64.0,87.18,73.33,26.67,25.0,18.52,1
66.67,68.0,43.59,76.67,46.67,50.0,55.56,2
33.33,44.0,48.72,50.0,53.33,50.0,55.56,2
83.33,84.0,89.74,90.0,66.67,81.25,81.48,3
83.33,52.0,46.15,50.0,60.0,50.0,51.85,2
83.33,60.0,66.67,83.33,20.0,18.75,25.93,1
66.67,72.0,74.36,73.33,66.67,68.75,51.85,2
66.67,80.0,84.62,86.67,60.0,81.25,79.63,3
66.67,80.0,71.79,70.0,50.0,56.25,59.26,2
83.33,76.0,92.31,53.33,80.0,81.25,85.19,3
33.33,40.0,33.33,43.33,36.67,37.5,37.04,1
33.33,32.0,35.9,40.0,30.0,50.0,46.3,1
50.0,48.0,53.85,43.33,53.33,56.25,70.37,2
66.67,52.0,66.67,70.0,63.33,62.5,68.52,2
66.67,68.0,71.79,70.0,70.0,75.0,75.93,3
50.0,72.0,61.54,73.33,83.33,62.5,61.11,2
33.33,32.0,28.21,33.33,46.67,68.75,66.67,1
66.67,48.0,74.36,83.33,63.33,37.5,59.26,2
83.33,92.0,87.18,76.67,93.33,87.5,77.78,3
16.67,36.0,38.46,23.33,63.33,62.5,75.93,1
50.0,68.0,41.03,56.67,76.67,62.5,51.85,2
33.33,40.0,48.72,53.33,80.0,68.75,75.93,2
33.33,40.0,46.15,46.67,36.67,37.5,38.89,1
83.33,96.0,82.05,83.33,76.67,75.0,66.67,3
66.67,68.0,76.92,70.0,66.67,75.0,75.93,3
66.67,72.0,71.79,70.0,90.0,87.5,96.3,3
16.67,28.0,25.64,20.0,76.67,75.0,66.67,1
83.33,72.0,84.62,73.33,53.33,62.5,44.44,2
83.33,32.0,20.51,33.33,20.0,25.0,20.37,1
83.33,92.0,74.36,76.67,80.0,81.25,70.37,3
66.67,80.0,87.18,80.0,56.67,81.25,68.52,3
66.67,76.0,76.92,73.33,76.67,75.0,70.37,3
66.67,68.0,66.67,70.0,16.67,37.5,16.67,1
83.33,64.0,41.03,86.67,83.33,62.5,53.7,2
50.0,44.0,43.59,50.0,46.67,56.25,42.59,2
66.67,48.0,56.41,60.0,63.33,50.0,53.7,2
50.0,64.0,58.97,73.33,26.67,37.5,33.33,1
33.33,40.0,35.9,16.67,20.0,25.0,14.81,1
50.0,40.0,58.97,60.0,76.67,50.0,68.52,2
66.67,76.0,74.36,70.0,66.67,75.0,74.07,3
83.33,56.0,64.1,66.67,23.33,18.75,25.93,1
50.0,52.0,58.97,60.0,76.67,62.5,62.96,2
100.0,88.0,94.87,83.33,100.0,87.5,92.59,3
66.67,80.0,82.05,76.67,63.33,68.75,77.78,3
100.0,84.0,82.05,90.0,76.67,75.0,83.33,3
66.67,88.0,69.23,73.33,83.33,56.25,77.78,3
50.0,52.0,53.85,53.33,53.33,43.75,50.0,2
83.33,60.0,84.62,86.67,83.33,75.0,72.22,3
83.33,96.0,76.92,83.33,66.67,75.0,75.93,3
66.67,80.0,71.79,70.0,20.0,31.25,27.78,1
66.67,60.0,48.72,53.33,50.0,37.5,53.7,2
33.33,36.0,48.72,36.67,43.33,37.5,40.74,1
66.67,72.0,66.67,46.67,70.0,68.75,64.81,2
66.67,88.0,84.62,83.33,60.0,81.25,79.63,3
83.33,68.0,69.23,63.33,100.0,81.25,83.33,3
33.33,32.0,35.9,36.67,50.0,43.75,44.44,1
50.0,56.0,56.41,56.67,70.0,75.0,75.93,2
83.33,76.0,74.36,73.33,73.33,62.5,70.37,3
33.33,40.0,38.46,36.67,40.0,43.75,40.74,1
16.67,28.0,25.64,20.0,80.0,87.5,70.37,1
16.67,32.0,38.46,26.67,30.0,50.0,22.22,1
50.0,56.0,51.28,56.67,76.67,81.25,90.74,2
66.67,48.0,71.79,63.33,66.67,62.5,64.81,2
100.0,88.0,100.0,80.0,63.33,81.25,74.07,3
66.67,80.0,64.1,66.67,70.0,43.75,66.67,2
66.67,52.0,46.15,50.0,46.67,50.0,53.7,2
66.67,72.0,48.72,73.33,60.0,62.5,64.81,2
66.67,76.0,74.36,73.33,73.33,75.0,72.22,3
83.33,84.0,92.31,86.67,73.33,81.25,75.93,3
83.33,88.0,84.62,86.67,73.33,81.25,81.48,3
83.33,76.0,79.49,76.67,73.33,56.25,83.33,3
50.0,44.0,56.41,46.67,53.33,50.0,51.85,2
16.67,48.0,41.03,30.0,33.33,31.25,25.93,1
83.33,68.0,82.05,73.33,56.67,50.0,55.56,2
83.33,96.0,87.18,90.0,83.33,93.75,94.44,3
83.33,88.0,87.18,96.67,93.33,87.5,90.74,3
66.67,68.0,71.79,73.33,73.33,68.75,75.93,3
83.33,64.0,53.85,43.33,86.67,31.25,72.22,2
66.67,84.0,84.62,76.67,76.67,68.75,72.22,3
83.33,84.0,84.62,83.33,76.67,81.25,77.78,3
50.0,60.0,66.67,70.0,50.0,81.25,55.56,2
83.33,84.0,92.31,93.33,93.33,81.25,98.15,3
66.67,68.0,74.36,73.33,70.0,75.0,66.67,3
83.33,84.0,87.18,60.0,23.33,25.0,33.33,1
83.33,84.0,97.44,93.33,83.33,75.0,55.56,3
83.33,92.0,82.05,83.33,80.0,68.75,87.04,3
83.33,88.0,87.18,93.33,83.33,93.75,92.59,3
16.67,24.0,33.33,16.67,16.67,56.25,14.81,1
66.67,64.0,64.1,50.0,66.67,81.25,70.37,2
16.67,28.0,23.08,26.67,83.33,50.0,61.11,1
83.33,80.0,56.41,80.0,76.67,87.5,88.89,3
50.0,68.0,87.18,83.33,80.0,81.25,90.74,3
83.33,84.0,79.49,86.67,70.0,68.75,72.22,3
83.33,88.0,66.67,73.33,56.67,50.0,48.15,2
83.33,72.0,69.23,76.67,73.33,81.25,68.52,3
66.67,60.0,82.05,66.67,20.0,25.0,27.78,1
66.67,56.0,56.41,66.67,60.0,75.0,53.7,2
33.33,28.0,35.9,30.0,56.67,50.0,50.0,1
50.0,40.0,48.72,46.67,50.0,50.0,42.59,2
83.33,40.0,28.21,36.67,30.0,37.5,38.89,1
83.33,76.0,71.79,76.67,63.33,50.0,50.0,2
66.67,60.0,79.49,80.0,53.33,50.0,48.15,2
66.67,64.0,87.18,93.33,40.0,31.25,31.48,1
33.33,28.0,12.82,23.33,73.33,62.5,48.15,1
66.67,64.0,66.67,50.0,83.33,56.25,57.41,2
83.33,100.0,87.18,83.33,90.0,93.75,87.04,3
66.67,76.0,56.41,36.67,53.33,62.5,75.93,2
50.0,60.0,76.92,70.0,50.0,62.5,85.19,2
50.0,52.0,43.59,50.0,50.0,43.75,38.89,2
50.0,48.0,41.03,33.33,53.33,50.0,55.56,2
50.0,56.0,53.85,56.67,60.0,62.5,51.85,2
50.0,36.0,38.46,43.33,43.33,31.25,40.74,1
83.33,92.0,89.74,90.0,86.67,87.5,77.78,3
83.33,84.0,87.18,90.0,93.33,87.5,85.19,3
83.33,96.0,89.74,86.67,96.67,93.75,90.74,3
33.33,48.0,35.9,43.33,53.33,31.25,35.19,1
50.0,48.0,48.72,46.67,46.67,43.75,42.59,2
50.0,40.0,64.1,50.0,70.0,93.75,81.48,2
50.0,48.0,43.59,53.33,43.33,50.0,50.0,2
50.0,40.0,33.33,20.0,40.0,12.5,64.81,1
83.33,76.0,92.31,83.33,76.67,68.75,74.07,3
66.67,52.0,53.85,76.67,60.0,56.25,66.67,2
66.67,76.0,74.36,73.33,76.67,68.75,62.96,3
33.33,48.0,33.33,30.0,43.33,37.5,46.3,1
83.33,92.0,84.62,90.0,93.33,100.0,94.44,3
66.67,84.0,58.97,60.0,23.33,31.25,20.37,1
16.67,24.0,17.95,20.0,80.0,81.25,79.63,1
66.67,48.0,74.36,70.0,40.0,50.0,37.04,2
83.33,72.0,76.92,80.0,83.33,75.0,79.63,3
66.67,52.0,56.41,50.0,66.67,50.0,68.52,2
50.0,72.0,58.97,53.33,50.0,62.5,72.22,2
66.67,52.0,69.23,56.67,56.67,68.75,50.0,2
33.33,32.0,25.64,26.67,33.33,12.5,22.22,1
66.67,72.0,69.23,66.67,70.0,81.25,77.78,3
83.33,80.0,94.87,83.33,80.0,81.25,75.93,3
83.33,36.0,38.46,26.67,23.33,43.75,38.89,1
66.67,76.0,76.92,66.67,23.33,25.0,37.04,1
66.67,56.0,51.28,76.67,43.33,68.75,77.78,2
100.0,84.0,92.31,83.33,96.67,87.5,100.0,3
33.33,48.0,33.33,50.0,36.67,43.75,38.89,1
50.0,44.0,48.72,46.67,40.0,50.0,50.0,2
66.67,48.0,56.41,66.67,73.33,62.5,77.78,2
66.67,84.0,84.62,83.33,76.67,81.25,75.93,3
66.67,64.0,79.49,83.33,53.33,56.25,53.7,2
83.33,68.0,74.36,76.67,93.33,81.25,79.63,3
83.33,92.0,89.74,90.0,70.0,75.0,68.52,3
50.0,48.0,58.97,50.0,70.0,68.75,77.78,2
33.33,40.0,38.46,30.0,43.33,37.5,29.63,1
50.0,64.0,66.67,63.33,63.33,56.25,50.0,2
66.67,88.0,69.23,83.33,53.33,56.25,68.52,2
50.0,52.0,51.28,53.33,43.33,43.75,44.44,2
16.67,40.0,35.9,30.0,90.0,68.75,68.52,1
50.0,56.0,43.59,60.0,70.0,81.25,85.19,2
83.33,84.0,66.67,96.67,60.0,62.5,61.11,2
83.33,24.0,33.33,30.0,36.67,31.25,24.07,1
83.33,56.0,84.62,83.33,76.67,81.25,81.48,3
66.67,80.0,71.79,70.0,70.0,68.75,74.07,3
83.33,60.0,84.62,63.33,66.67,43.75,51.85,2
33.33,36.0,15.38,26.67,36.67,37.5,27.78,1
33.33,40.0,33.33,30.0,43.33,37.5,24.07,1
83.33,72.0,74.36,76.67,86.67,87.5,83.33,3
66.67,84.0,84.62,90.0,43.33,62.5,50.0,2
50.0,16.0,30.77,16.67,36.67,25.0,38.89,1
33.33,48.0,46.15,56.67,80.0,75.0,87.04,2
100.0,84.0,92.31,86.67,80.0,68.75,75.93,3
50.0,48.0,61.54,56.67,73.33,81.25,77.78,2
66.67,44.0,64.1,70.0,73.33,75.0,66.67,2
50.0,72.0,74.36,76.67,70.0,68.75,66.67,2
66.67,68.0,71.79,70.0,96.67,93.75,83.33,3
66.67,48.0,56.41,53.33,83.33,81.25,74.07,2
66.67,72.0,56.41,66.67,26.67,31.25,33.33,1
50.0,48.0,48.72,40.0,33.33,50.0,48.15,2
83.33,88.0,82.05,93.33,73.33,75.0,72.22,3
16.67,36.0,56.41,53.33,13.33,43.75,46.3,1
83.33,56.0,66.67,76.67,46.67,56.25,50.0,2
33.33,16.0,56.41,36.67,46.67,18.75,44.44,1
50.0,76.0,76.92,83.33,43.33,50.0,48.15,2
100.0,60.0,87.18,76.67,20.0,25.0,22.22,1
100.0,84.0,89.74,90.0,76.67,68.75,70.37,3
83.33,72.0,71.79,40.0,63.33,56.25,55.56,2
66.67,76.0,74.36,70.0,76.67,68.75,77.78,3
50.0,52.0,51.28,46.67,43.33,37.5,44.44,2
83.33,84.0,66.67,80.0,50.0,37.5,48.15,2
66.67,64.0,61.54,50.0,76.67,100.0,75.93,2
83.33,88.0,74.36,76.67,43.33,56.25,55.56,2
83.33,76.0,74.36,66.67,80.0,75.0,75.93,3
83.33,92.0,92.31,86.67,73.33,75.0,75.93,3
33.33,24.0,23.08,20.0,86.67,75.0,79.63,1
50.0,56.0,71.79,76.67,56.67,62.5,66.67,2
50.0,48.0,58.97,43.33,73.33,81.25,77.78,2
66.67,64.0,74.36,73.33,73.33,75.0,75.93,3
50.0,36.0,41.03,36.67,36.67,31.25,40.74,1
83.33,80.0,84.62,76.67,53.33,62.5,40.74,2
83.33,84.0,92.31,90.0,86.67,93.75,92.59,3
16.67,24.0,28.21,33.33,100.0,75.0,70.37,1
33.33,44.0,38.46,43.33,36.67,43.75,35.19,1
50.0,84.0,79.49,76.67,56.67,43.75,42.59,2
83.33,72.0,71.79,73.33,23.33,25.0,33.33,1
50.0,12.0,41.03,43.33,20.0,50.0,24.07,1
50.0,36.0,46.15,43.33,43.33,43.75,53.7,2
100.0,96.0,94.87,83.33,76.67,68.75,75.93,3
83.33,96.0,89.74,90.0,86.67,87.5,81.48,3
83.33,80.0,66.67,70.0,86.67,81.25,90.74,3
66.67,60.0,69.23,50.0,56.67,81.25,59.26,2
83.33,76.0,82.05,73.33,83.33,68.75,88.89,3
50.0,52.0,43.59,53.33,46.67,50.0,53.7,2
50.0,16.0,7.69,40.0,56.67,25.0,38.89,1
50.0,72.0,56.41,56.67,76.67,93.75,81.48,2
83.33,68.0,74.36,60.0,90.0,100.0,88.89,3
83.33,88.0,89.74,80.0,73.33,68.75,64.81,3
66.67,40.0,56.41,53.33,86.67,87.5,79.63,2
66.67,68.0,76.92,70.0,73.33,43.75,68.52,2
100.0,12.0,28.21,20.0,16.67,18.75,16.67,1
50.0,48.0,56.41,53.33,86.67,75.0,92.59,2
66.67,72.0,69.23,66.67,93.33,93.75,85.19,3
100.0,96.0,89.74,83.33,96.67,87.5,87.04,3
100.0,88.0,76.92,93.33,63.33,68.75,66.67,3
83.33,72.0,82.05,80.0,46.67,25.0,24.07,1
33.33,48.0,53.85,60.0,20.0,50.0,16.67,1
16.67,28.0,5.13,43.33,33.33,50.0,33.33,1
66.67,48.0,17.95,43.33,13.33,56.25,31.48,1
66.67,76.0,71.79,76.67,76.67,75.0,70.37,3
50.0,44.0,61.54,53.33,73.33,56.25,55.56,2
100.0,84.0,89.74,93.33,70.0,75.0,66.67,3
33.33,20.0,28.21,23.33,70.0,62.5,61.11,1
16.67,28.0,7.69,30.0,86.67,68.75,64.81,1
83.33,84.0,84.62,90.0,93.33,87.5,87.04,3
83.33,32.0,30.77,40.0,20.0,31.25,29.63,1
66.67,36.0,10.26,53.33,40.0,50.0,24.07,1
33.33,20.0,12.82,30.0,46.67,25.0,33.33,1
50.0,68.0,74.36,80.0,76.67,62.5,70.37,2
66.67,76.0,71.79,66.67,93.33,87.5,87.04,3
33.33,28.0,28.21,26.67,33.33,37.5,46.3,1
83.33,88.0,89.74,83.33,36.67,50.0,59.26,2
83.33,88.0,97.44,93.33,86.67,81.25,90.74,3
83.33,88.0,89.74,86.67,70.0,68.75,72.22,3
50.0,36.0,46.15,63.33,60.0,50.0,66.67,2
66.67,64.0,66.67,73.33,43.33,68.75,64.81,2
66.67,20.0,53.85,20.0,56.67,12.5,42.59,1
83.33,84.0,87.18,96.67,83.33,81.25,61.11,3
83.33,72.0,76.92,76.67,60.0,62.5,48.15,2
66.67,68.0,64.1,76.67,76.67,68.75,48.15,2
50.0,52.0,61.54,50.0,43.33,81.25,57.41,2
66.67,72.0,76.92,70.0,86.67,93.75,83.33,3
33.33,44.0,38.46,43.33,50.0,31.25,48.15,1
66.67,52.0,82.05,86.67,10.0,31.25,38.89,1
33.33,28.0,35.9,40.0,50.0,56.25,72.22,1
50.0,84.0,84.62,86.67,83.33,87.5,87.04,3
83.33,24.0,28.21,36.67,23.33,25.0,38.89,1
33.33,36.0,30.77,33.33,66.67,56.25,59.26,1
16.67,16.0,28.21,30.0,76.67,81.25,72.22,1
50.0,60.0,43.59,43.33,46.67,43.75,48.15,2
66.67,40.0,69.23,50.0,40.0,62.5,61.11,2
66.67,48.0,64.1,70.0,70.0,75.0,72.22,2
83.33,56.0,76.92,80.0,70.0,87.5,81.48,3
66.67,44.0,51.28,43.33,43.33,50.0,40.74,2
50.0,68.0,56.41,56.67,33.33,31.25,31.48,1
33.33,32.0,30.77,30.0,60.0,56.25,53.7,1
33.33,40.0,17.95,30.0,43.33,18.75,27.78,1
66.67,44.0,71.79,70.0,80.0,68.75,66.67,2
66.67,72.0,74.36,73.33,73.33,68.75,50.0,2
83.33,68.0,69.23,63.33,50.0,62.5,70.37,2
50.0,60.0,38.46,46.67,60.0,62.5,51.85,2
83.33,84.0,89.74,90.0,86.67,87.5,100.0,3
66.67,76.0,74.36,73.33,76.67,68.75,61.11,3
50.0,48.0,53.85,63.33,50.0,75.0,62.96,2
66.67,68.0,74.36,66.67,70.0,75.0,70.37,3
66.67,56.0,64.1,80.0,40.0,50.0,70.37,2
66.67,76.0,71.79,80.0,83.33,81.25,79.63,3
66.67,48.0,74.36,70.0,60.0,75.0,62.96,2
33.33,36.0,35.9,36.67,36.67,37.5,44.44,1
50.0,52.0,53.85,73.33,83.33,81.25,79.63,2
100.0,72.0,87.18,86.67,23.33,25.0,18.52,1
83.33,76.0,82.05,56.67,93.33,81.25,87.04,3
83.33,84.0,79.49,63.33,26.67,31.25,33.33,1
50.0,72.0,58.97,63.33,63.33,75.0,61.11,2
83.33,28.0,43.59,36.67,20.0,25.0,22.22,1
66.67,56.0,66.67,50.0,50.0,50.0,51.85,2
50.0,52.0,53.85,43.33,63.33,37.5,46.3,2
50.0,44.0,48.72,40.0,13.33,6.25,62.96,1
66.67,56.0,56.41,53.33,66.67,81.25,74.07,2
66.67,64.0,48.72,63.33,66.67,62.5,66.67,2
50.0,32.0,5.13,50.0,23.33,56.25,57.41,1
50.0,44.0,43.59,43.33,40.0,50.0,48.15,2
16.67,36.0,28.21,43.33,30.0,25.0,24.07,1
83.33,72.0,74.36,70.0,66.67,75.0,77.78,3
83.33,56.0,71.79,83.33,86.67,81.25,81.48,3
83.33,24.0,35.9,20.0,26.67,31.25,12.96,1
66.67,72.0,66.67,83.33,33.33,25.0,20.37,1
66.67,52.0,46.15,53.33,90.0,62.5,87.04,2
83.33,88.0,94.87,100.0,90.0,87.5,87.04,3
33.33,44.0,38.46,63.33,56.67,50.0,25.93,1
50.0,60.0,64.1,60.0,70.0,50.0,66.67,2
83.33,96.0,87.18,86.67,90.0,87.5,92.59,3
66.67,88.0,84.62,93.33,63.33,81.25,85.19,3
50.0,28.0,35.9,40.0,16.67,31.25,33.33,1
66.67,60.0,56.41,70.0,60.0,56.25,59.26,2
16.67,24.0,41.03,36.67,23.33,50.0,33.33,1
50.0,60.0,76.92,76.67,70.0,68.75,68.52,2
66.67,80.0,74.36,73.33,70.0,75.0,68.52,3
66.67,20.0,2.56,43.33,56.67,75.0,68.52,1
66.67,92.0,84.62,60.0,56.67,50.0,55.56,2
66.67,76.0,79.49,80.0,76.67,62.5,88.89,3
66.67,52.0,48.72,43.33,66.67,56.25,72.22,2
83.33,32.0,25.64,30.0,36.67,31.25,29.63,1
66.67,68.0,82.05,86.67,50.0,43.75,61.11,2
66.67,72.0,71.79,66.67,83.33,87.5,81.48,3
16.67,20.0,10.26,40.0,76.67,75.0,83.33,1
16.67,48.0,46.15,23.33,66.67,43.75,14.81,1
66.67,52.0,71.79,80.0,60.0,75.0,70.37,2
83.33,80.0,64.1,76.67,60.0,43.75,53.7,2
83.33,72.0,79.49,66.67,96.67,87.5,87.04,3
83.33,68.0,74.36,76.67,76.67,68.75,70.37,3
50.0,56.0,41.03,46.67,43.33,50.0,50.0,2
33.33,8.0,46.15,0.0,50.0,18.75,57.41,1
16.67,28.0,51.28,46.67,63.33,12.5,50.0,1
83.33,76.0,82.05,83.33,76.67,62.5,74.07,3
66.67,60.0,69.23,50.0,50.0,43.75,57.41,2
66.67,84.0,89.74,80.0,80.0,81.25,83.33,3
83.33,28.0,41.03,13.33,16.67,25.0,46.3,1
83.33,56.0,82.05,76.67,66.67,81.25,79.63,3
50.0,56.0,61.54,63.33,73.33,56.25,66.67,2
83.33,80.0,82.05,83.33,70.0,75.0,66.67,3
50.0,48.0,48.72,40.0,63.33,50.0,53.7,2
16.67,16.0,33.33,26.67,83.33,75.0,79.63,1
83.33,84.0,79.49,86.67,90.0,62.5,77.78,3
33.33,40.0,38.46,36.67,40.0,37.5,38.89,1
66.67,72.0,76.92,66.67,50.0,68.75,70.37,2
16.67,20.0,28.21,30.0,23.33,37.5,33.33,1
50.0,72.0,66.67,66.67,66.67,62.5,74.07,2
50.0,40.0,51.28,46.67,43.33,37.5,46.3,2
16.67,20.0,25.64,26.67,76.67,62.5,59.26,1
66.67,68.0,43.59,66.67,66.67,62.5,70.37,2
50.0,64.0,56.41,46.67,56.67,50.0,42.59,2
33.33,20.0,41.03,20.0,33.33,12.5,44.44,1
16.67,12.0,28.21,16.67,76.67,56.25,72.22,1
50.0,68.0,53.85,56.67,80.0,81.25,77.78,2
83.33,88.0,94.87,86.67,86.67,93.75,90.74,3
33.33,32.0,25.64,13.33,80.0,81.25,68.52,1
83.33,76.0,82.05,73.33,86.67,75.0,66.67,3
50.0,48.0,41.03,53.33,36.67,50.0,53.7,2
66.67,84.0,74.36,70.0,20.0,18.75,27.78,1
33.33,52.0,41.03,46.67,50.0,50.0,50.0,2
83.33,72.0,74.36,76.67,86.67,75.0,74.07,3
33.33,16.0,30.77,33.33,73.33,75.0,66.67,1
66.67,76.0,61.54,50.0,70.0,68.75,70.37,2
83.33,80.0,74.36,80.0,76.67,68.75,87.04,3
83.33,84.0,87.18,80.0,83.33,62.5,83.33,3
50.0,60.0,25.64,43.33,20.0,25.0,64.81,1
83.33,80.0,84.62,93.33,60.0,75.0,74.07,3
83.33,76.0,79.49,76.67,76.67,81.25,88.89,3
83.33,84.0,87.18,76.67,90.0,87.5,90.74,3
50.0,52.0,51.28,50.0,76.67,81.25,79.63,2
83.33,80.0,79.49,86.67,70.0,75.0,77.78,3
83.33,92.0,92.31,90.0,96.67,87.5,94.44,3
66.67,84.0,53.85,63.33,26.67,25.0,25.93,1
66.67,72.0,82.05,83.33,90.0,93.75,90.74,3
50.0,64.0,82.05,60.0,33.33,18.75,29.63,1
83.33,88.0,92.31,86.67,76.67,68.75,81.48,3
50.0,64.0,69.23,76.67,60.0,62.5,38.89,2
66.67,80.0,71.79,70.0,70.0,81.25,81.48,3
50.0,84.0,87.18,90.0,46.67,43.75,55.56,2
83.33,80.0,84.62,90.0,90.0,87.5,85.19,3
83.33,80.0,74.36,80.0,23.33,12.5,25.93,1
33.33,36.0,28.21,43.33,56.67,50.0,61.11,1
83.33,92.0,92.31,96.67,90.0,81.25,96.3,3
33.33,52.0,56.41,40.0,46.67,56.25,50.0,2
50.0,44.0,41.03,33.33,36.67,31.25,40.74,1
66.67,88.0,84.62,70.0,76.67,81.25,77.78,3
100.0,92.0,92.31,100.0,96.67,87.5,88.89,3
83.33,72.0,82.05,53.33,76.67,81.25,79.63,3
83.33,32.0,43.59,33.33,16.67,31.25,37.04,1
83.33,92.0,84.62,96.67,73.33,75.0,79.63,3
83.33,60.0,74.36,70.0,20.0,25.0,24.07,1
100.0,84.0,92.31,86.67,73.33,81.25,61.11,3
33.33,24.0,28.21,30.0,63.33,87.5,61.11,1
50.0,44.0,53.85,53.33,46.67,43.75,51.85,2
66.67,76.0,35.9,46.67,70.0,62.5,72.22,2
50.0,56.0,58.97,50.0,43.33,56.25,61.11,2
66.67,72.0,64.1,80.0,20.0,18.75,25.93,1
16.67,8.0,25.64,33.33,86.67,81.25,81.48,1
66.67,32.0,35.9,30.0,23.33,25.0,40.74,1
50.0,56.0,56.41,46.67,43.33,56.25,75.93,2
50.0,56.0,58.97,73.33,56.67,56.25,62.96,2
50.0,44.0,58.97,46.67,66.67,75.0,74.07,2
100.0,28.0,5.13,33.33,20.0,31.25,14.81,1
33.33,32.0,28.21,26.67,26.67,25.0,27.78,1
66.67,64.0,76.92,66.67,76.67,43.75,72.22,2
50.0,64.0,51.28,50.0,36.67,31.25,31.48,1
50.0,44.0,46.15,46.67,43.33,43.75,44.44,2
83.33,64.0,71.79,70.0,70.0,75.0,77.78,3
50.0,76.0,79.49,83.33,83.33,81.25,81.48,3
50.0,44.0,48.72,60.0,80.0,75.0,70.37,2
83.33,72.0,74.36,76.67,90.0,87.5,90.74,3
16.67,52.0,51.28,20.0,20.0,56.25,64.81,1
66.67,64.0,71.79,70.0,43.33,50.0,40.74,2
33.33,36.0,28.21,13.33,76.67,68.75,62.96,1
66.67,68.0,84.62,50.0,60.0,62.5,62.96,2
33.33,32.0,30.77,43.33,46.67,50.0,24.07,1
50.0,44.0,46.15,50.0,46.67,50.0,48.15,2
83.33,68.0,76.92,80.0,76.67,81.25,88.89,3
50.0,72.0,76.92,43.33,53.33,75.0,77.78,2
83.33,24.0,30.77,30.0,33.33,18.75,40.74,1
50.0,52.0,43.59,46.67,50.0,50.0,48.15,2
83.33,96.0,76.92,83.33,70.0,75.0,70.37,3
66.67,44.0,51.28,43.33,50.0,43.75,46.3,2
83.33,40.0,23.08,26.67,26.67,37.5,29.63,1
83.33,88.0,94.87,80.0,70.0,81.25,68.52,3
83.33,88.0,79.49,70.0,76.67,75.0,83.33,3
100.0,68.0,84.62,73.33,56.67,81.25,75.93,3
66.67,56.0,58.97,50.0,83.33,62.5,44.44,2
83.33,68.0,71.79,86.67,56.67,37.5,38.89,2
50.0,8.0,12.82,40.0,43.33,43.75,14.81,1
66.67,68.0,74.36,83.33,86.67,87.5,87.04,3
66.67,68.0,69.23,50.0,66.67,68.75,74.07,2
66.67,52.0,48.72,66.67,46.67,50.0,61.11,2
50.0,44.0,46.15,50.0,53.33,56.25,40.74,2
83.33,76.0,82.05,73.33,76.67,87.5,70.37,3
66.67,88.0,84.62,66.67,16.67,31.25,27.78,1
83.33,32.0,35.9,36.67,10.0,37.5,38.89,1
50.0,40.0,38.46,36.67,43.33,31.25,31.48,1
83.33,36.0,33.33,40.0,10.0,25.0,42.59,1
50.0,80.0,61.54,66.67,66.67,50.0,79.63,2
33.33,32.0,46.15,33.33,36.67,50.0,37.04,1
50.0,60.0,76.92,53.33,73.33,43.75,59.26,2
83.33,52.0,71.79,66.67,66.67,56.25,38.89,2
83.33,72.0,71.79,86.67,90.0,56.25,81.48,3
66.67,72.0,79.49,76.67,70.0,68.75,68.52,3
83.33,76.0,76.92,80.0,83.33,50.0,79.63,3
83.33,44.0,35.9,26.67,43.33,25.0,16.67,1
50.0,36.0,35.9,46.67,43.33,43.75,37.04,1
50.0,48.0,53.85,50.0,53.33,43.75,53.7,2
50.0,48.0,51.28,46.67,53.33,56.25,44.44,2
16.67,20.0,23.08,30.0,66.67,81.25,75.93,1
66.67,76.0,46.15,46.67,60.0,68.75,61.11,2
83.33,96.0,84.62,86.67,90.0,93.75,88.89,3
33.33,32.0,17.95,46.67,23.33,18.75,31.48,1
33.33,36.0,15.38,36.67,33.33,18.75,24.07,1
50.0,48.0,51.28,56.67,60.0,68.75,59.26,2
66.67,72.0,74.36,70.0,83.33,87.5,90.74,3
83.33,76.0,89.74,86.67,86.67,81.25,79.63,3
83.33,76.0,71.79,80.0,86.67,87.5,51.85,3
83.33,72.0,89.74,73.33,76.67,68.75,72.22,3
66.67,64.0,66.67,80.0,83.33,87.5,81.48,3
66.67,56.0,58.97,43.33,96.67,75.0,72.22,2
50.0,68.0,23.08,16.67,53.33,75.0,14.81,1
83.33,24.0,33.33,36.67,30.0,43.75,22.22,1
50.0,56.0,58.97,50.0,30.0,37.5,37.04,1
83.33,76.0,76.92,83.33,76.67,81.25,81.48,3
66.67,48.0,46.15,70.0,46.67,68.75,55.56,2
33.33,52.0,56.41,50.0,53.33,50.0,44.44,2
83.33,64.0,71.79,76.67,80.0,87.5,88.89,3
33.33,16.0,17.95,36.67,60.0,62.5,25.93,1
83.33,92.0,89.74,90.0,90.0,81.25,90.74,3
83.33,92.0,89.74,83.33,70.0,62.5,70.37,3
33.33,36.0,15.38,36.67,23.33,6.25,38.89,1
83.33,88.0,71.79,76.67,76.67,75.0,68.52,3
33.33,52.0,46.15,56.67,93.33,75.0,81.48,2
50.0,52.0,51.28,43.33,40.0,50.0,50.0,2
16.67,40.0,33.33,23.33,23.33,25.0,12.96,1
66.67,56.0,61.54,60.0,73.33,43.75,64.81,2
50.0,52.0,56.41,50.0,83.33,68.75,79.63,2
83.33,88.0,82.05,76.67,70.0,75.0,72.22,3
83.33,76.0,82.05,70.0,73.33,87.5,72.22,3
33.33,24.0,17.95,20.0,83.33,100.0,90.74,1
16.67,36.0,12.82,23.33,43.33,31.25,27.78,1
66.67,76.0,61.54,60.0,93.33,81.25,77.78,3
16.67,16.0,66.67,33.33,53.33,50.0,11.11,1
83.33,84.0,92.31,80.0,76.67,100.0,57.41,3
66.67,80.0,92.31,83.33,83.33,68.75,85.19,3
66.67,68.0,79.49,73.33,86.67,87.5,88.89,3
50.0,52.0,46.15,40.0,43.33,43.75,53.7,2
50.0,48.0,48.72,66.67,66.67,75.0,88.89,2
50.0,56.0,56.41,60.0,63.33,56.25,53.7,2
66.67,76.0,76.92,70.0,66.67,62.5,74.07,3
83.33,60.0,79.49,83.33,83.33,87.5,85.19,3
33.33,44.0,46.15,36.67,26.67,25.0,37.04,1
83.33,96.0,82.05,80.0,70.0,75.0,68.52,3
83.33,28.0,25.64,33.33,40.0,18.75,14.81,1
66.67,52.0,58.97,50.0,46.67,68.75,79.63,2
83.33,44.0,48.72,50.0,53.33,6.25,14.81,1
66.67,84.0,82.05,76.67,80.0,75.0,75.93,3
83.33,68.0,71.79,66.67,73.33,68.75,62.96,3
50.0,68.0,64.1,43.33,23.33,18.75,14.81,1
50.0,52.0,46.15,40.0,76.67,68.75,81.48,2
83.33,76.0,71.79,80.0,73.33,81.25,74.07,3
66.67,80.0,79.49,76.67,66.67,62.5,74.07,3
66.67,44.0,15.38,23.33,43.33,56.25,53.7,1
66.67,76.0,84.62,80.0,86.67,68.75,87.04,3
66.67,80.0,64.1,70.0,33.33,43.75,51.85,2
50.0,68.0,69.23,70.0,66.67,68.75,40.74,2
50.0,44.0,53.85,56.67,46.67,50.0,51.85,2
50.0,48.0,51.28,50.0,46.67,50.0,53.7,2
66.67,68.0,69.23,66.67,96.67,87.5,92.59,3
66.67,80.0,61.54,60.0,50.0,62.5,68.52,2
33.33,56.0,10.26,56.67,20.0,37.5,61.11,1
83.33,88.0,79.49,83.33,66.67,68.75,66.67,3
83.33,84.0,76.92,70.0,23.33,31.25,29.63,1
83.33,92.0,84.62,90.0,73.33,75.0,62.96,3
66.67,68.0,74.36,70.0,63.33,56.25,46.3,2
83.33,76.0,84.62,70.0,83.33,62.5,87.04,3
66.67,60.0,48.72,50.0,83.33,56.25,53.7,2
33.33,16.0,17.95,26.67,80.0,62.5,68.52,1
83.33,80.0,84.62,63.33,83.33,93.75,74.07,3
16.67,16.0,41.03,30.0,33.33,62.5,59.26,1
50.0,32.0,38.46,36.67,33.33,37.5,44.44,1
16.67,56.0,46.15,53.33,16.67,50.0,48.15,1
50.0,32.0,35.9,40.0,33.33,25.0,46.3,1
50.0,36.0,43.59,56.67,46.67,50.0,50.0,2
33.33,36.0,35.9,33.33,36.67,37.5,44.44,1
50.0,84.0,64.1,83.33,60.0,62.5,55.56,2
50.0,76.0,33.33,66.67,76.67,56.25,61.11,2
33.33,40.0,35.9,53.33,63.33,25.0,25.93,1
50.0,48.0,41.03,46.67,46.67,43.75,44.44,2
50.0,56.0,53.85,16.67,56.67,50.0,9.26,1
50.0,40.0,41.03,46.67,50.0,50.0,51.85,2
33.33,24.0,28.21,26.67,23.33,18.75,42.59,1
83.33,76.0,61.54,73.33,80.0,87.5,83.33,3
83.33,92.0,82.05,83.33,53.33,37.5,50.0,2
66.67,64.0,74.36,70.0,76.67,68.75,72.22,3
83.33,16.0,48.72,33.33,16.67,18.75,27.78,1
50.0,44.0,58.97,53.33,76.67,75.0,77.78,2
83.33,100.0,87.18,80.0,93.33,93.75,87.04,3
33.33,20.0,35.9,40.0,30.0,25.0,40.74,1
66.67,76.0,79.49,66.67,66.67,75.0,64.81,3
83.33,100.0,82.05,80.0,86.67,93.75,79.63,3
66.67,16.0,48.72,56.67,20.0,25.0,38.89,1
83.33,72.0,71.79,73.33,90.0,93.75,77.78,3
50.0,72.0,66.67,73.33,70.0,68.75,66.67,2
83.33,76.0,69.23,70.0,70.0,81.25,70.37,3
83.33,76.0,71.79,76.67,90.0,87.5,88.89,3
66.67,24.0,35.9,30.0,30.0,37.5,40.74,1
66.67,68.0,82.05,73.33,83.33,87.5,75.93,3
33.33,28.0,17.95,20.0,63.33,68.75,68.52,1
83.33,96.0,87.18,93.33,70.0,75.0,72.22,3
16.67,60.0,10.26,40.0,16.67,56.25,59.26,1
66.67,48.0,84.62,50.0,60.0,75.0,46.3,2
100.0,80.0,89.74,90.0,90.0,93.75,81.48,3
16.67,40.0,15.38,16.67,70.0,75.0,75.93,1
50.0,64.0,53.85,46.67,63.33,37.5,51.85,2
50.0,56.0,51.28,66.67,70.0,75.0,85.19,2
50.0,60.0,51.28,53.33,70.0,68.75,85.19,2
83.33,76.0,69.23,80.0,43.33,62.5,48.15,2
83.33,76.0,76.92,86.67,56.67,50.0,48.15,2
66.67,80.0,74.36,86.67,36.67,37.5,22.22,1
83.33,24.0,30.77,30.0,36.67,31.25,31.48,1
66.67,72.0,69.23,60.0,63.33,68.75,46.3,2
33.33,28.0,28.21,50.0,36.67,50.0,31.48,1
33.33,32.0,25.64,3.33,70.0,68.75,62.96,1
83.33,92.0,71.79,76.67,80.0,75.0,74.07,3
66.67,80.0,53.85,70.0,70.0,68.75,48.15,2
66.67,64.0,53.85,63.33,73.33,68.75,44.44,2
66.67,64.0,66.67,46.67,63.33,62.5,70.37,2
83.33,80.0,84.62,80.0,83.33,68.75,85.19,3
66.67,64.0,69.23,66.67,43.33,68.75,59.26,2
66.67,80.0,79.49,83.33,46.67,56.25,40.74,2
100.0,96.0,87.18,96.67,73.33,93.75,81.48,3
83.33,76.0,92.31,60.0,90.0,75.0,68.52,3
83.33,84.0,82.05,86.67,93.33,81.25,92.59,3
66.67,68.0,74.36,83.33,53.33,56.25,51.85,2
83.33,80.0,74.36,80.0,23.33,25.0,31.48,1
50.0,84.0,58.97,66.67,30.0,25.0,24.07,1
50.0,36.0,35.9,36.67,33.33,50.0,35.19,1
83.33,80.0,79.49,76.67,23.33,12.5,29.63,1
33.33,36.0,33.33,30.0,63.33,56.25,57.41,1
83.33,20.0,46.15,36.67,36.67,43.75,42.59,1
100.0,92.0,87.18,83.33,86.67,100.0,92.59,3
66.67,84.0,79.49,73.33,80.0,81.25,77.78,3
66.67,64.0,64.1,53.33,56.67,50.0,51.85,2
50.0,52.0,25.64,60.0,16.67,50.0,40.74,1
50.0,64.0,74.36,70.0,20.0,18.75,24.07,1
66.67,24.0,30.77,36.67,30.0,37.5,24.07,1
83.33,36.0,33.33,26.67,40.0,31.25,25.93,1
66.67,76.0,76.92,83.33,50.0,81.25,81.48,3
50.0,12.0,56.41,20.0,66.67,18.75,68.52,1
66.67,60.0,69.23,73.33,83.33,93.75,81.48,3
66.67,64.0,79.49,66.67,90.0,87.5,77.78,3
83.33,76.0,69.23,76.67,73.33,75.0,77.78,3
83.33,64.0,92.31,80.0,20.0,25.0,14.81,1
66.67,64.0,61.54,73.33,86.67,93.75,81.48,3
16.67,20.0,38.46,30.0,93.33,68.75,72.22,1
66.67,84.0,76.92,60.0,80.0,81.25,75.93,3
66.67,84.0,64.1,76.67,6.67,18.75,24.07,1
83.33,60.0,58.97,73.33,20.0,18.75,20.37,1
83.33,76.0,64.1,73.33,86.67,93.75,83.33,3
66.67,76.0,79.49,66.67,90.0,87.5,92.59,3
66.67,76.0,74.36,70.0,93.33,87.5,92.59,3
33.33,68.0,79.49,60.0,83.33,56.25,55.56,2
50.0,56.0,43.59,53.33,30.0,31.25,27.78,1
50.0,48.0,71.79,50.0,60.0,68.75,48.15,2
50.0,40.0,53.85,60.0,56.67,50.0,64.81,2
33.33,48.0,48.72,56.67,73.33,87.5,66.67,2
16.67,28.0,25.64,30.0,70.0,62.5,94.44,1
50.0,76.0,64.1,80.0,63.33,62.5,68.52,2
100.0,100.0,84.62,86.67,86.67,93.75,85.19,3
66.67,72.0,74.36,83.33,83.33,75.0,79.63,3
83.33,100.0,87.18,86.67,83.33,87.5,88.89,3
50.0,48.0,53.85,36.67,50.0,43.75,48.15,2
83.33,64.0,87.18,56.67,20.0,31.25,20.37,1
50.0,44.0,41.03,70.0,43.33,81.25,72.22,2
66.67,48.0,53.85,53.33,56.67,56.25,57.41,2
100.0,72.0,89.74,80.0,53.33,43.75,48.15,2
66.67,72.0,74.36,70.0,56.67,50.0,62.96,2
50.0,52.0,46.15,36.67,43.33,50.0,38.89,2
50.0,76.0,61.54,73.33,60.0,62.5,50.0,2
50.0,56.0,58.97,73.33,80.0,56.25,57.41,2
100.0,84.0,94.87,96.67,93.33,87.5,98.15,3
83.33,20.0,30.77,40.0,30.0,18.75,22.22,1
66.67,68.0,64.1,76.67,13.33,25.0,18.52,1
66.67,92.0,41.03,63.33,23.33,25.0,18.52,1
83.33,68.0,74.36,70.0,66.67,68.75,72.22,3
16.67,44.0,35.9,20.0,23.33,12.5,35.19,1
66.67,32.0,35.9,23.33,30.0,25.0,24.07,1
16.67,24.0,35.9,26.67,36.67,18.75,27.78,1
16.67,20.0,30.77,23.33,83.33,87.5,72.22,1
16.67,20.0,30.77,13.33,20.0,18.75,20.37,1
50.0,52.0,69.23,50.0,63.33,81.25,64.81,2
66.67,80.0,79.49,63.33,96.67,87.5,88.89,3
83.33,76.0,74.36,83.33,80.0,75.0,88.89,3
66.67,68.0,64.1,63.33,73.33,50.0,74.07,2
83.33,92.0,82.05,86.67,63.33,75.0,70.37,3
66.67,44.0,69.23,73.33,63.33,68.75,72.22,2
66.67,64.0,56.41,56.67,33.33,37.5,29.63,1
83.33,72.0,89.74,80.0,80.0,81.25,64.81,3
66.67,72.0,84.62,76.67,53.33,43.75,46.3,2
83.33,88.0,56.41,80.0,90.0,81.25,75.93,3
33.33,28.0,33.33,26.67,36.67,31.25,24.07,1
50.0,56.0,51.28,43.33,83.33,81.25,77.78,2
16.67,28.0,23.08,23.33,36.67,37.5,29.63,1
83.33,36.0,30.77,26.67,36.67,25.0,38.89,1
33.33,32.0,28.21,46.67,36.67,25.0,33.33,1
50.0,40.0,48.72,56.67,80.0,68.75,81.48,2
83.33,84.0,53.85,76.67,73.33,81.25,79.63,3
50.0,72.0,89.74,66.67,30.0,18.75,31.48,1
66.67,68.0,71.79,70.0,93.33,87.5,87.04,3
66.67,32.0,46.15,20.0,30.0,31.25,25.93,1
50.0,48.0,41.03,50.0,43.33,56.25,44.44,2
33.33,36.0,33.33,33.33,46.67,56.25,75.93,1
50.0,80.0,56.41,76.67,53.33,56.25,68.52,2
83.33,84.0,89.74,80.0,93.33,81.25,53.7,3
33.33,28.0,35.9,43.33,50.0,43.75,40.74,1
83.33,80.0,66.67,73.33,43.33,50.0,46.3,2
66.67,72.0,76.92,66.67,76.67,68.75,64.81,3
33.33,36.0,35.9,46.67,36.67,43.75,35.19,1
50.0,52.0,12.82,53.33,20.0,50.0,18.52,1
66.67,52.0,71.79,53.33,60.0,75.0,68.52,2
50.0,72.0,15.38,43.33,46.67,25.0,20.37,1
100.0,100.0,84.62,86.67,100.0,87.5,83.33,3
100.0,72.0,74.36,76.67,53.33,50.0,61.11,2
50.0,60.0,46.15,36.67,30.0,43.75,18.52,1
33.33,12.0,28.21,23.33,63.33,81.25,70.37,1
66.67,80.0,64.1,60.0,26.67,18.75,24.07,1
66.67,76.0,74.36,73.33,96.67,81.25,87.04,3
83.33,52.0,79.49,93.33,83.33,81.25,90.74,3
50.0,44.0,48.72,43.33,93.33,87.5,85.19,2
100.0,84.0,89.74,93.33,63.33,75.0,68.52,3
33.33,40.0,35.9,46.67,40.0,37.5,35.19,1
16.67,24.0,20.51,30.0,23.33,31.25,44.44,1
50.0,52.0,43.59,46.67,53.33,56.25,42.59,2
100.0,88.0,87.18,86.67,63.33,68.75,81.48,3
16.67,20.0,66.67,46.67,40.0,50.0,29.63,1
66.67,64.0,58.97,63.33,23.33,18.75,20.37,1
83.33,88.0,82.05,93.33,80.0,75.0,75.93,3
83.33,72.0,64.1,73.33,90.0,87.5,92.59,3
83.33,72.0,66.67,66.67,86.67,93.75,83.33,3
50.0,68.0,82.05,83.33,23.33,31.25,16.67,1
33.33,20.0,12.82,50.0,36.67,18.75,59.26,1
83.33,84.0,58.97,83.33,80.0,75.0,77.78,3
100.0,80.0,84.62,83.33,50.0,56.25,42.59,2
83.33,88.0,92.31,56.67,66.67,87.5,81.48,3
33.33,32.0,48.72,20.0,30.0,31.25,37.04,1
66.67,72.0,79.49,76.67,93.33,87.5,85.19,3
66.67,72.0,76.92,70.0,73.33,75.0,72.22,3
83.33,76.0,94.87,70.0,20.0,31.25,37.04,1
66.67,56.0,41.03,66.67,63.33,81.25,61.11,2
83.33,68.0,69.23,73.33,76.67,75.0,75.93,3
83.33,96.0,87.18,86.67,76.67,68.75,75.93,3
83.33,84.0,89.74,90.0,90.0,93.75,98.15,3
83.33,76.0,53.85,83.33,80.0,100.0,83.33,3
50.0,64.0,43.59,60.0,66.67,62.5,81.48,2
66.67,80.0,82.05,73.33,50.0,43.75,62.96,2
50.0,56.0,56.41,40.0,73.33,75.0,90.74,2
66.67,48.0,48.72,43.33,76.67,81.25,88.89,2
66.67,32.0,28.21,36.67,16.67,25.0,37.04,1
66.67,72.0,69.23,73.33,76.67,75.0,75.93,3
16.67,20.0,35.9,20.0,26.67,18.75,44.44,1
50.0,48.0,58.97,66.67,63.33,43.75,51.85,2
33.33,36.0,38.46,36.67,40.0,37.5,38.89,1
83.33,92.0,89.74,90.0,73.33,75.0,62.96,3
66.67,76.0,69.23,73.33,93.33,87.5,87.04,3
83.33,88.0,92.31,93.33,76.67,68.75,77.78,3
33.33,24.0,33.33,16.67,36.67,12.5,27.78,1
16.67,20.0,17.95,20.0,90.0,81.25,53.7,1
66.67,72.0,64.1,80.0,23.33,37.5,16.67,1
100.0,72.0,58.97,80.0,30.0,31.25,22.22,1
33.33,32.0,41.03,33.33,23.33,18.75,24.07,1
66.67,68.0,71.79,73.33,93.33,87.5,75.93,3
33.33,48.0,46.15,33.33,33.33,37.5,35.19,1
66.67,80.0,82.05,73.33,73.33,81.25,77.78,3
83.33,80.0,84.62,83.33,73.33,81.25,81.48,3
83.33,72.0,71.79,73.33,70.0,68.75,70.37,3
83.33,68.0,87.18,70.0,40.0,50.0,42.59,2
83.33,92.0,84.62,83.33,70.0,68.75,64.81,3
100.0,92.0,84.62,86.67,63.33,81.25,72.22,3
50.0,64.0,58.97,66.67,56.67,62.5,40.74,2
66.67,48.0,58.97,63.33,80.0,62.5,62.96,2
50.0,64.0,58.97,43.33,76.67,75.0,79.63,2
33.33,32.0,30.77,33.33,30.0,31.25,44.44,1
66.67,76.0,74.36,86.67,76.67,68.75,64.81,3
50.0,56.0,41.03,56.67,70.0,81.25,64.81,2
66.67,68.0,64.1,63.33,46.67,68.75,62.96,2
66.67,84.0,66.67,80.0,30.0,37.5,27.78,1
66.67,88.0,74.36,83.33,63.33,43.75,50.0,2
50.0,56.0,20.51,20.0,40.0,43.75,18.52,1
66.67,76.0,74.36,66.67,86.67,87.5,81.48,3
16.67,20.0,28.21,40.0,63.33,37.5,50.0,1
50.0,48.0,51.28,50.0,46.67,43.75,51.85,2
66.67,76.0,84.62,86.67,50.0,56.25,38.89,2
83.33,84.0,82.05,83.33,53.33,43.75,51.85,2
66.67,72.0,69.23,70.0,43.33,62.5,77.78,2
16.67,36.0,17.95,26.67,86.67,68.75,61.11,1
16.67,16.0,30.77,13.33,80.0,56.25,62.96,1
83.33,84.0,43.59,63.33,50.0,56.25,66.67,2
66.67,76.0,66.67,80.0,80.0,68.75,74.07,3
83.33,76.0,71.79,83.33,46.67,68.75,57.41,2
50.0,52.0,41.03,46.67,53.33,50.0,48.15,2
50.0,44.0,46.15,46.67,53.33,37.5,57.41,2
50.0,52.0,46.15,40.0,50.0,37.5,46.3,2
33.33,28.0,23.08,30.0,43.33,43.75,25.93,1
83.33,64.0,74.36,73.33,90.0,81.25,85.19,3
83.33,32.0,23.08,13.33,30.0,43.75,18.52,1
66.67,72.0,66.67,43.33,70.0,75.0,74.07,2
83.33,84.0,61.54,80.0,46.67,62.5,50.0,2
66.67,76.0,69.23,76.67,76.67,68.75,75.93,3
83.33,68.0,74.36,80.0,80.0,81.25,81.48,3
50.0,40.0,48.72,60.0,20.0,18.75,11.11,1
83.33,84.0,66.67,83.33,16.67,25.0,29.63,1
33.33,16.0,53.85,36.67,33.33,31.25,9.26,1
50.0,64.0,61.54,50.0,73.33,50.0,57.41,2
33.33,32.0,38.46,36.67,73.33,56.25,44.44,1
66.67,60.0,56.41,50.0,33.33,37.5,29.63,1
33.33,16.0,23.08,23.33,80.0,81.25,77.78,1
83.33,88.0,82.05,86.67,83.33,87.5,96.3,3
66.67,72.0,66.67,63.33,80.0,87.5,85.19,3
16.67,32.0,38.46,30.0,66.67,87.5,66.67,1
83.33,72.0,69.23,70.0,86.67,87.5,88.89,3
83.33,92.0,89.74,96.67,76.67,93.75,85.19,3
83.33,76.0,94.87,56.67,86.67,75.0,77.78,3
83.33,80.0,76.92,76.67,93.33,68.75,77.78,3
66.67,88.0,89.74,93.33,86.67,87.5,83.33,3
16.67,16.0,20.51,26.67,80.0,68.75,75.93,1
83.33,84.0,94.87,93.33,73.33,75.0,70.37,3
50.0,52.0,41.03,50.0,36.67,43.75,42.59,2
66.67,52.0,69.23,73.33,66.67,37.5,74.07,2
33.33,28.0,28.21,23.33,66.67,75.0,88.89,1
83.33,92.0,87.18,66.67,76.67,68.75,70.37,3
50.0,52.0,66.67,56.67,60.0,50.0,61.11,2
83.33,84.0,87.18,90.0,90.0,56.25,74.07,3
66.67,76.0,74.36,66.67,93.33,81.25,88.89,3
16.67,36.0,25.64,16.67,76.67,68.75,62.96,1
33.33,40.0,38.46,53.33,46.67,50.0,53.7,2
66.67,64.0,74.36,76.67,73.33,68.75,66.67,3
83.33,100.0,66.67,76.67,53.33,56.25,46.3,2
83.33,84.0,82.05,56.67,70.0,75.0,77.78,3
16.67,36.0,43.59,16.67,70.0,50.0,62.96,1
50.0,68.0,56.41,56.67,56.67,56.25,48.15,2
50.0,80.0,71.79,76.67,26.67,25.0,12.96,1
50.0,80.0,46.15,53.33,53.33,75.0,66.67,2
66.67,84.0,82.05,80.0,40.0,50.0,53.7,2
33.33,32.0,35.9,40.0,36.67,43.75,40.74,1
66.67,72.0,61.54,76.67,86.67,81.25,94.44,3
50.0,20.0,30.77,26.67,83.33,62.5,75.93,1
50.0,56.0,58.97,56.67,33.33,31.25,35.19,1
50.0,64.0,71.79,63.33,66.67,56.25,62.96,2
50.0,52.0,43.59,56.67,86.67,81.25,64.81,2
66.67,72.0,64.1,70.0,76.67,75.0,75.93,3
66.67,32.0,46.15,53.33,80.0,75.0,77.78,2
50.0,24.0,48.72,40.0,70.0,18.75,11.11,1
33.33,28.0,20.51,20.0,63.33,75.0,94.44,1
16.67,36.0,30.77,23.33,53.33,62.5,68.52,1
50.0,56.0,48.72,50.0,36.67,12.5,11.11,1
66.67,56.0,41.03,63.33,66.67,75.0,68.52,2
83.33,72.0,84.62,60.0,93.33,81.25,79.63,3
16.67,32.0,17.95,33.33,23.33,37.5,12.96,1
100.0,96.0,89.74,96.67,86.67,93.75,83.33,3
50.0,72.0,58.97,76.67,70.0,75.0,61.11,2
16.67,36.0,46.15,50.0,43.33,25.0,18.52,1
50.0,44.0,43.59,50.0,46.67,43.75,46.3,2
33.33,32.0,20.51,36.67,83.33,100.0,79.63,1
66.67,68.0,43.59,63.33,70.0,62.5,72.22,2
66.67,76.0,71.79,60.0,76.67,68.75,72.22,3
16.67,24.0,28.21,23.33,80.0,68.75,79.63,1
83.33,76.0,71.79,63.33,73.33,68.75,74.07,3
66.67,72.0,69.23,73.33,46.67,75.0,70.37,2
66.67,88.0,74.36,63.33,53.33,43.75,40.74,2
83.33,68.0,48.72,80.0,63.33,50.0,75.93,2
50.0,20.0,15.38,33.33,20.0,56.25,55.56,1
83.33,92.0,97.44,83.33,96.67,87.5,94.44,3
66.67,68.0,66.67,70.0,80.0,75.0,66.67,3
83.33,76.0,69.23,70.0,83.33,81.25,81.48,3
33.33,28.0,33.33,23.33,56.67,81.25,87.04,1
50.0,40.0,61.54,50.0,70.0,75.0,68.52,2
83.33,84.0,89.74,83.33,83.33,68.75,77.78,3
50.0,32.0,46.15,46.67,83.33,62.5,79.63,2
83.33,88.0,79.49,86.67,76.67,68.75,81.48,3
83.33,88.0,92.31,93.33,90.0,93.75,96.3,3
50.0,52.0,48.72,63.33,80.0,81.25,72.22,2
66.67,88.0,76.92,73.33,80.0,87.5,75.93,3
66.67,16.0,10.26,16.67,50.0,43.75,42.59,1
50.0,40.0,56.41,53.33,40.0,43.75,53.7,2
50.0,52.0,56.41,60.0,56.67,68.75,53.7,2
66.67,68.0,76.92,70.0,70.0,68.75,70.37,3
16.67,24.0,28.21,36.67,26.67,12.5,42.59,1
66.67,72.0,79.49,66.67,90.0,81.25,94.44,3
50.0,40.0,20.51,40.0,26.67,50.0,42.59,1
33.33,16.0,25.64,30.0,80.0,75.0,55.56,1
83.33,84.0,97.44,90.0,83.33,68.75,66.67,3
66.67,72.0,71.79,73.33,70.0,75.0,72.22,3
66.67,68.0,71.79,63.33,83.33,68.75,53.7,2
50.0,60.0,58.97,53.33,86.67,87.5,79.63,2
33.33,20.0,28.21,33.33,76.67,62.5,72.22,1
33.33,32.0,43.59,40.0,40.0,31.25,33.33,1
83.33,84.0,94.87,93.33,73.33,68.75,74.07,3
33.33,32.0,30.77,33.33,70.0,56.25,66.67,1
83.33,88.0,97.44,90.0,76.67,75.0,77.78,3
100.0,80.0,84.62,90.0,73.33,75.0,75.93,3
50.0,32.0,30.77,53.33,40.0,43.75,31.48,1
33.33,48.0,38.46,36.67,50.0,37.5,35.19,1
50.0,56.0,56.41,46.67,76.67,62.5,72.22,2
83.33,80.0,87.18,73.33,53.33,81.25,85.19,3
16.67,40.0,15.38,30.0,33.33,31.25,35.19,1
66.67,72.0,66.67,66.67,73.33,75.0,74.07,3
50.0,52.0,51.28,56.67,90.0,62.5,81.48,2
66.67,64.0,69.23,73.33,90.0,87.5,75.93,3
16.67,48.0,41.03,26.67,43.33,37.5,25.93,1
83.33,72.0,76.92,76.67,53.33,62.5,48.15,2
50.0,56.0,69.23,50.0,76.67,81.25,83.33,2
50.0,48.0,48.72,46.67,80.0,75.0,75.93,2
50.0,52.0,46.15,46.67,50.0,56.25,44.44,2
33.33,20.0,41.03,20.0,76.67,68.75,70.37,1
50.0,44.0,33.33,40.0,36.67,37.5,38.89,1
66.67,68.0,71.79,70.0,50.0,75.0,68.52,2
33.33,28.0,41.03,23.33,33.33,31.25,50.0,1
50.0,36.0,53.85,50.0,80.0,68.75,74.07,2
83.33,68.0,74.36,70.0,90.0,100.0,90.74,3
83.33,64.0,76.92,73.33,13.33,12.5,14.81,1
83.33,76.0,76.92,73.33,70.0,81.25,70.37,3
50.0,76.0,71.79,70.0,66.67,68.75,64.81,2
16.67,36.0,61.54,26.67,33.33,12.5,66.67,1
50.0,68.0,41.03,56.67,30.0,31.25,31.48,1
66.67,48.0,53.85,56.67,66.67,62.5,64.81,2
83.33,92.0,79.49,56.67,86.67,81.25,79.63,3
66.67,72.0,76.92,76.67,100.0,87.5,94.44,3
83.33,84.0,76.92,83.33,60.0,87.5,88.89,3
66.67,68.0,51.28,70.0,63.33,75.0,68.52,2
50.0,68.0,56.41,56.67,66.67,68.75,79.63,2
33.33,48.0,25.64,23.33,76.67,93.75,72.22,1
83.33,4.0,33.33,20.0,26.67,31.25,18.52,1
50.0,48.0,53.85,50.0,43.33,62.5,44.44,2
50.0,52.0,46.15,53.33,40.0,43.75,50.0,2
16.67,24.0,12.82,40.0,56.67,75.0,87.04,1
33.33,36.0,33.33,30.0,53.33,62.5,51.85,1
83.33,76.0,74.36,80.0,53.33,50.0,61.11,2
66.67,52.0,56.41,50.0,70.0,81.25,92.59,2
83.33,60.0,69.23,56.67,60.0,81.25,46.3,2
66.67,56.0,64.1,70.0,26.67,18.75,29.63,1
83.33,80.0,76.92,70.0,83.33,75.0,62.96,3
83.33,76.0,76.92,53.33,83.33,93.75,77.78,3
33.33,36.0,43.59,40.0,30.0,37.5,33.33,1
83.33,76.0,74.36,66.67,70.0,75.0,72.22,3
50.0,80.0,71.79,56.67,50.0,62.5,72.22,2
83.33,76.0,66.67,86.67,36.67,56.25,40.74,2
83.33,80.0,89.74,90.0,73.33,75.0,57.41,3
83.33,76.0,76.92,80.0,73.33,75.0,79.63,3
50.0,48.0,12.82,53.33,63.33,25.0,50.0,1
50.0,52.0,43.59,50.0,83.33,75.0,81.48,2
83.33,88.0,71.79,80.0,50.0,37.5,48.15,2
66.67,52.0,20.51,50.0,6.67,50.0,46.3,1
50.0,72.0,61.54,60.0,16.67,18.75,12.96,1
50.0,48.0,33.33,56.67,43.33,12.5,14.81,1
66.67,64.0,87.18,70.0,80.0,75.0,74.07,3
83.33,76.0,69.23,63.33,6.67,31.25,18.52,1
33.33,28.0,30.77,26.67,40.0,37.5,25.93,1
33.33,44.0,28.21,43.33,26.67,18.75,20.37,1
16.67,24.0,28.21,23.33,66.67,81.25,57.41,1
66.67,84.0,71.79,83.33,50.0,43.75,42.59,2
66.67,72.0,74.36,70.0,50.0,75.0,66.67,2
83.33,84.0,84.62,53.33,80.0,87.5,64.81,3
66.67,56.0,64.1,53.33,30.0,31.25,31.48,1
83.33,76.0,69.23,83.33,93.33,93.75,90.74,3
50.0,44.0,46.15,46.67,43.33,56.25,51.85,2
83.33,72.0,74.36,66.67,26.67,18.75,14.81,1
83.33,32.0,46.15,36.67,36.67,25.0,38.89,1
33.33,24.0,28.21,20.0,86.67,68.75,85.19,1
50.0,44.0,48.72,50.0,43.33,43.75,40.74,2
50.0,48.0,58.97,53.33,76.67,75.0,62.96,2
66.67,60.0,82.05,80.0,20.0,25.0,18.52,1
33.33,28.0,20.51,23.33,60.0,68.75,64.81,1
83.33,72.0,74.36,70.0,90.0,87.5,85.19,3
33.33,32.0,43.59,23.33,66.67,62.5,77.78,1
50.0,88.0,71.79,80.0,76.67,93.75,88.89,3
66.67,40.0,79.49,76.67,30.0,37.5,20.37,1
83.33,96.0,84.62,93.33,86.67,87.5,88.89,3
83.33,84.0,82.05,73.33,80.0,68.75,77.78,3
100.0,80.0,84.62,83.33,73.33,87.5,55.56,3
66.67,60.0,69.23,46.67,60.0,62.5,70.37,2
83.33,88.0,87.18,83.33,66.67,75.0,72.22,3
100.0,88.0,92.31,93.33,93.33,93.75,81.48,3
100.0,64.0,71.79,63.33,20.0,25.0,18.52,1
100.0,64.0,61.54,53.33,40.0,81.25,66.67,2
66.67,48.0,69.23,56.67,80.0,81.25,61.11,2
83.33,84.0,89.74,93.33,73.33,75.0,81.48,3
83.33,32.0,43.59,26.67,30.0,31.25,22.22,1
50.0,48.0,46.15,53.33,46.67,43.75,51.85,2
50.0,52.0,51.28,66.67,86.67,68.75,53.7,2
50.0,44.0,53.85,46.67,16.67,62.5,27.78,1
50.0,24.0,41.03,30.0,30.0,12.5,33.33,1
83.33,68.0,66.67,66.67,93.33,93.75,88.89,3
16.67,28.0,33.33,20.0,66.67,56.25,62.96,1
50.0,72.0,64.1,70.0,73.33,75.0,64.81,2
33.33,40.0,46.15,40.0,36.67,43.75,35.19,1
66.67,76.0,71.79,63.33,86.67,93.75,79.63,3
66.67,64.0,56.41,53.33,70.0,75.0,72.22,2
66.67,68.0,64.1,66.67,93.33,81.25,81.48,3
83.33,28.0,20.51,30.0,30.0,31.25,35.19,1
50.0,52.0,66.67,56.67,70.0,81.25,66.67,2
33.33,36.0,33.33,36.67,66.67,56.25,62.96,1
66.67,80.0,82.05,73.33,73.33,87.5,75.93,3
83.33,72.0,66.67,73.33,70.0,81.25,81.48,3
50.0,56.0,38.46,43.33,86.67,87.5,81.48,2
33.33,44.0,33.33,40.0,43.33,31.25,42.59,1
83.33,96.0,84.62,90.0,70.0,75.0,72.22,3
33.33,32.0,17.95,33.33,30.0,37.5,20.37,1
16.67,24.0,23.08,26.67,63.33,75.0,55.56,1
33.33,40.0,33.33,36.67,40.0,43.75,37.04,1
50.0,44.0,25.64,20.0,23.33,31.25,48.15,1
50.0,64.0,12.82,36.67,13.33,62.5,25.93,1
50.0,12.0,38.46,20.0,20.0,62.5,51.85,1
83.33,20.0,15.38,40.0,30.0,31.25,37.04,1
100.0,92.0,82.05,80.0,76.67,81.25,70.37,3
66.67,64.0,43.59,63.33,63.33,50.0,70.37,2
66.67,76.0,82.05,90.0,56.67,50.0,51.85,2
83.33,84.0,89.74,73.33,46.67,62.5,53.7,2
16.67,44.0,58.97,60.0,60.0,43.75,27.78,1
66.67,76.0,84.62,80.0,43.33,62.5,40.74,2
83.33,68.0,71.79,76.67,96.67,93.75,90.74,3
66.67,56.0,48.72,56.67,76.67,87.5,77.78,2
66.67,92.0,56.41,53.33,33.33,25.0,20.37,1
50.0,16.0,33.33,20.0,30.0,37.5,29.63,1
83.33,80.0,84.62,56.67,83.33,75.0,77.78,3
50.0,76.0,84.62,76.67,86.67,81.25,88.89,3
16.67,32.0,25.64,16.67,76.67,68.75,88.89,1
33.33,44.0,41.03,36.67,16.67,37.5,14.81,1
83.33,80.0,76.92,73.33,80.0,68.75,75.93,3
16.67,24.0,17.95,30.0,56.67,75.0,61.11,1
83.33,84.0,76.92,90.0,83.33,56.25,88.89,3
33.33,36.0,38.46,43.33,40.0,37.5,29.63,1
50.0,44.0,76.92,73.33,40.0,56.25,75.93,2
33.33,36.0,23.08,36.67,20.0,18.75,12.96,1
66.67,60.0,51.28,50.0,66.67,56.25,70.37,2
66.67,64.0,58.97,50.0,63.33,75.0,72.22,2
83.33,92.0,84.62,76.67,70.0,81.25,66.67,3
83.33,68.0,82.05,76.67,56.67,87.5,70.37,3
83.33,72.0,87.18,73.33,73.33,75.0,77.78,3
33.33,28.0,20.51,33.33,70.0,62.5,55.56,1
83.33,88.0,92.31,93.33,86.67,87.5,92.59,3
50.0,44.0,46.15,46.67,43.33,50.0,51.85,2
50.0,56.0,53.85,63.33,50.0,68.75,61.11,2
66.67,76.0,82.05,76.67,86.67,87.5,75.93,3
83.33,80.0,94.87,83.33,66.67,62.5,66.67,3
66.67,80.0,69.23,83.33,76.67,75.0,74.07,3
50.0,48.0,48.72,50.0,46.67,62.5,42.59,2
50.0,68.0,76.92,63.33,50.0,68.75,51.85,2
33.33,44.0,53.85,46.67,50.0,50.0,44.44,2
83.33,88.0,94.87,86.67,93.33,87.5,92.59,3
66.67,68.0,64.1,63.33,66.67,50.0,62.96,2
50.0,68.0,51.28,60.0,73.33,68.75,83.33,2
66.67,56.0,46.15,56.67,70.0,75.0,64.81,2
100.0,84.0,89.74,83.33,86.67,75.0,88.89,3
50.0,44.0,43.59,46.67,63.33,43.75,50.0,2
83.33,88.0,53.85,80.0,80.0,75.0,87.04,3
83.33,84.0,94.87,86.67,73.33,68.75,75.93,3
66.67,56.0,71.79,50.0,36.67,31.25,31.48,1
50.0,48.0,48.72,53.33,86.67,75.0,77.78,2
83.33,28.0,33.33,26.67,33.33,31.25,37.04,1
66.67,40.0,56.41,60.0,76.67,87.5,66.67,2
83.33,92.0,89.74,93.33,73.33,75.0,79.63,3
33.33,40.0,35.9,43.33,43.33,43.75,46.3,1
33.33,36.0,30.77,13.33,56.67,75.0,57.41,1
33.33,56.0,53.85,53.33,86.67,68.75,72.22,2
66.67,72.0,69.23,73.33,90.0,87.5,92.59,3
83.33,56.0,69.23,63.33,26.67,31.25,22.22,1
83.33,44.0,33.33,33.33,33.33,18.75,37.04,1
83.33,80.0,53.85,76.67,90.0,75.0,96.3,3
16.67,16.0,64.1,50.0,43.33,25.0,40.74,1
83.33,68.0,71.79,76.67,46.67,50.0,46.3,2
50.0,56.0,61.54,63.33,70.0,50.0,46.3,2
66.67,52.0,66.67,46.67,53.33,68.75,48.15,2
33.33,28.0,25.64,23.33,76.67,81.25,92.59,1
33.33,36.0,38.46,43.33,40.0,37.5,53.7,1
83.33,76.0,82.05,86.67,40.0,50.0,53.7,2
66.67,76.0,64.1,66.67,70.0,50.0,70.37,2
16.67,28.0,33.33,26.67,73.33,81.25,74.07,1
66.67,80.0,76.92,80.0,80.0,81.25,79.63,3
33.33,8.0,33.33,30.0,60.0,68.75,74.07,1
50.0,36.0,46.15,46.67,50.0,43.75,46.3,2
50.0,44.0,48.72,53.33,46.67,50.0,42.59,2
33.33,28.0,33.33,33.33,63.33,50.0,53.7,1
83.33,76.0,76.92,80.0,93.33,81.25,79.63,3
50.0,56.0,51.28,43.33,73.33,68.75,85.19,2
66.67,72.0,74.36,76.67,73.33,81.25,79.63,3
66.67,72.0,82.05,76.67,70.0,68.75,70.37,3
33.33,32.0,41.03,40.0,10.0,37.5,31.48,1
66.67,84.0,69.23,83.33,40.0,43.75,53.7,2
83.33,76.0,61.54,66.67,66.67,50.0,62.96,2
33.33,52.0,51.28,63.33,30.0,25.0,25.93,1
33.33,32.0,23.08,33.33,26.67,18.75,40.74,1
33.33,36.0,12.82,16.67,30.0,31.25,25.93,1
50.0,60.0,69.23,60.0,66.67,62.5,79.63,2
83.33,96.0,87.18,93.33,86.67,87.5,96.3,3
50.0,56.0,58.97,43.33,66.67,68.75,100.0,2
66.67,68.0,74.36,70.0,50.0,62.5,72.22,2
66.67,64.0,53.85,56.67,53.33,50.0,44.44,2
33.33,36.0,43.59,40.0,40.0,31.25,27.78,1
66.67,84.0,53.85,66.67,33.33,12.5,40.74,1
66.67,68.0,69.23,70.0,86.67,100.0,87.04,3
66.67,68.0,48.72,66.67,60.0,75.0,74.07,2
16.67,28.0,28.21,30.0,63.33,62.5,66.67,1
50.0,48.0,41.03,46.67,46.67,43.75,42.59,2
66.67,72.0,69.23,70.0,76.67,68.75,75.93,3
66.67,64.0,82.05,70.0,86.67,81.25,85.19,3
66.67,68.0,71.79,70.0,90.0,87.5,88.89,3
50.0,52.0,48.72,43.33,43.33,50.0,51.85,2
66.67,80.0,74.36,83.33,76.67,68.75,77.78,3
50.0,48.0,61.54,53.33,76.67,75.0,77.78,2
83.33,72.0,61.54,83.33,20.0,18.75,16.67,1
66.67,72.0,71.79,76.67,90.0,81.25,88.89,3
83.33,36.0,38.46,20.0,26.67,37.5,33.33,1
50.0,64.0,66.67,56.67,60.0,75.0,68.52,2
33.33,36.0,38.46,6.67,33.33,50.0,20.37,1
66.67,68.0,69.23,66.67,50.0,62.5,64.81,2
83.33,60.0,97.44,80.0,86.67,87.5,77.78,3
50.0,56.0,53.85,60.0,86.67,81.25,81.48,2
50.0,64.0,56.41,76.67,76.67,50.0,51.85,2
66.67,48.0,48.72,43.33,43.33,43.75,53.7,2
100.0,28.0,12.82,16.67,30.0,25.0,33.33,1
83.33,32.0,41.03,30.0,43.33,18.75,25.93,1
66.67,72.0,76.92,76.67,46.67,37.5,46.3,2
33.33,44.0,38.46,33.33,33.33,37.5,37.04,1
33.33,24.0,43.59,20.0,16.67,18.75,33.33,1
50.0,60.0,46.15,50.0,70.0,75.0,79.63,2
50.0,48.0,48.72,56.67,50.0,43.75,57.41,2
50.0,56.0,43.59,63.33,36.67,43.75,64.81,2
16.67,44.0,79.49,63.33,56.67,68.75,14.81,1
83.33,84.0,87.18,80.0,70.0,68.75,72.22,3
33.33,52.0,53.85,46.67,50.0,37.5,44.44,2
83.33,80.0,79.49,80.0,76.67,75.0,81.48,3
66.67,64.0,76.92,73.33,93.33,81.25,88.89,3
83.33,40.0,23.08,30.0,40.0,25.0,44.44,1
33.33,32.0,20.51,36.67,43.33,25.0,25.93,1
50.0,80.0,61.54,40.0,73.33,43.75,55.56,2
50.0,28.0,7.69,40.0,46.67,43.75,14.81,1
50.0,40.0,56.41,53.33,63.33,25.0,22.22,1
66.67,56.0,64.1,63.33,63.33,50.0,53.7,2
50.0,52.0,48.72,60.0,83.33,75.0,77.78,2
83.33,76.0,79.49,83.33,56.67,43.75,50.0,2
83.33,68.0,76.92,76.67,70.0,68.75,68.52,3
33.33,20.0,30.77,23.33,36.67,31.25,51.85,1
50.0,64.0,56.41,56.67,96.67,81.25,81.48,2
16.67,48.0,17.95,43.33,16.67,50.0,42.59,1
66.67,72.0,66.67,73.33,93.33,93.75,79.63,3
50.0,16.0,51.28,10.0,20.0,62.5,53.7,1
100.0,88.0,82.05,96.67,73.33,75.0,75.93,3
50.0,44.0,69.23,60.0,53.33,75.0,48.15,2
83.33,84.0,71.79,73.33,50.0,50.0,53.7,2
50.0,60.0,51.28,56.67,76.67,62.5,74.07,2
83.33,84.0,89.74,100.0,80.0,87.5,87.04,3
33.33,28.0,33.33,23.33,23.33,25.0,14.81,1
50.0,44.0,41.03,50.0,53.33,43.75,50.0,2
66.67,68.0,76.92,80.0,73.33,75.0,70.37,3
50.0,48.0,51.28,53.33,96.67,100.0,87.04,2
66.67,68.0,74.36,66.67,90.0,81.25,90.74,3
66.67,80.0,74.36,80.0,50.0,50.0,55.56,2
83.33,88.0,71.79,73.33,83.33,87.5,81.48,3
100.0,96.0,94.87,90.0,90.0,87.5,87.04,3
50.0,72.0,74.36,66.67,60.0,56.25,59.26,2
50.0,52.0,46.15,50.0,50.0,50.0,38.89,2
66.67,60.0,53.85,56.67,56.67,43.75,59.26,2
83.33,40.0,20.51,23.33,3.33,37.5,38.89,1
16.67,40.0,53.85,30.0,23.33,25.0,59.26,1
66.67,92.0,79.49,73.33,50.0,43.75,50.0,2
66.67,64.0,64.1,66.67,30.0,25.0,14.81,1
83.33,84.0,76.92,80.0,50.0,75.0,85.19,3
83.33,92.0,74.36,80.0,63.33,68.75,81.48,3
66.67,76.0,58.97,73.33,16.67,31.25,25.93,1
66.67,44.0,58.97,53.33,63.33,68.75,61.11,2
66.67,24.0,23.08,33.33,30.0,43.75,33.33,1
66.67,48.0,64.1,63.33,56.67,50.0,61.11,2
66.67,76.0,74.36,73.33,53.33,37.5,46.3,2
83.33,88.0,76.92,76.67,80.0,75.0,74.07,3
66.67,80.0,71.79,70.0,90.0,87.5,90.74,3
66.67,12.0,28.21,56.67,20.0,43.75,57.41,1
66.67,72.0,66.67,70.0,80.0,68.75,72.22,3
83.33,72.0,69.23,66.67,80.0,75.0,74.07,3
33.33,36.0,35.9,43.33,30.0,50.0,50.0,1
50.0,64.0,46.15,63.33,86.67,68.75,66.67,2
83.33,80.0,87.18,90.0,73.33,75.0,74.07,3
66.67,92.0,84.62,83.33,46.67,50.0,53.7,2
83.33,92.0,84.62,83.33,90.0,93.75,81.48,3
16.67,36.0,23.08,50.0,63.33,31.25,22.22,1
66.67,60.0,64.1,70.0,63.33,68.75,50.0,2
33.33,28.0,38.46,40.0,43.33,37.5,40.74,1
33.33,36.0,35.9,36.67,16.67,37.5,27.78,1
66.67,52.0,64.1,93.33,30.0,31.25,25.93,1
50.0,68.0,53.85,66.67,50.0,43.75,72.22,2
50.0,60.0,48.72,60.0,73.33,56.25,48.15,2
16.67,24.0,28.21,23.33,80.0,81.25,77.78,1
66.67,72.0,71.79,80.0,86.67,87.5,81.48,3
83.33,80.0,79.49,76.67,53.33,50.0,51.85,2
83.33,72.0,61.54,73.33,63.33,50.0,44.44,2
16.67,48.0,43.59,26.67,50.0,62.5,61.11,1
16.67,20.0,46.15,60.0,56.67,18.75,50.0,1
66.67,84.0,82.05,73.33,83.33,81.25,79.63,3
66.67,84.0,71.79,70.0,46.67,43.75,51.85,2
83.33,80.0,71.79,83.33,70.0,68.75,75.93,3
50.0,44.0,48.72,46.67,50.0,43.75,42.59,2
33.33,40.0,35.9,16.67,33.33,31.25,16.67,1
50.0,72.0,61.54,63.33,36.67,31.25,29.63,1
33.33,28.0,33.33,26.67,76.67,87.5,70.37,1
66.67,72.0,76.92,63.33,76.67,50.0,66.67,2
50.0,12.0,61.54,56.67,16.67,56.25,57.41,1
16.67,32.0,46.15,26.67,80.0,81.25,96.3,1
50.0,60.0,46.15,53.33,86.67,81.25,81.48,2
33.33,24.0,35.9,33.33,50.0,37.5,35.19,1
66.67,68.0,51.28,60.0,70.0,68.75,72.22,2
66.67,76.0,84.62,70.0,23.33,18.75,35.19,1
83.33,28.0,25.64,20.0,23.33,18.75,31.48,1
33.33,32.0,25.64,26.67,33.33,37.5,24.07,1
33.33,28.0,20.51,30.0,86.67,68.75,75.93,1
66.67,80.0,58.97,53.33,30.0,18.75,25.93,1
50.0,48.0,56.41,43.33,53.33,50.0,40.74,2
50.0,88.0,51.28,60.0,73.33,50.0,75.93,2
66.67,64.0,76.92,73.33,90.0,93.75,94.44,3
83.33,44.0,56.41,63.33,56.67,12.5,11.11,1
50.0,64.0,66.67,66.67,73.33,50.0,72.22,2
50.0,64.0,64.1,56.67,60.0,62.5,53.7,2
33.33,40.0,56.41,66.67,60.0,56.25,48.15,2
100.0,84.0,84.62,93.33,90.0,87.5,90.74,3
83.33,72.0,74.36,73.33,50.0,50.0,48.15,2
83.33,68.0,48.72,73.33,23.33,31.25,25.93,1
50.0,52.0,51.28,60.0,53.33,56.25,75.93,2
33.33,44.0,51.28,50.0,43.33,50.0,46.3,2
50.0,48.0,41.03,43.33,46.67,43.75,46.3,2
16.67,16.0,58.97,50.0,63.33,18.75,57.41,1
66.67,64.0,92.31,66.67,50.0,56.25,40.74,2
16.67,36.0,41.03,20.0,20.0,25.0,33.33,1
83.33,72.0,61.54,70.0,70.0,68.75,72.22,3
50.0,48.0,46.15,20.0,43.33,18.75,20.37,1
66.67,72.0,79.49,80.0,56.67,62.5,46.3,2
83.33,88.0,79.49,93.33,73.33,75.0,72.22,3
50.0,48.0,79.49,63.33,56.67,75.0,40.74,2
50.0,36.0,43.59,40.0,23.33,25.0,25.93,1
50.0,68.0,66.67,63.33,70.0,81.25,55.56,2
66.67,88.0,58.97,90.0,30.0,12.5,27.78,1
66.67,72.0,71.79,86.67,46.67,31.25,42.59,2
33.33,32.0,23.08,30.0,40.0,43.75,44.44,1
50.0,52.0,51.28,46.67,56.67,50.0,57.41,2
33.33,32.0,38.46,33.33,66.67,56.25,61.11,1
66.67,60.0,87.18,63.33,33.33,25.0,27.78,1
66.67,64.0,58.97,53.33,60.0,50.0,57.41,2
50.0,72.0,56.41,56.67,66.67,75.0,77.78,2
33.33,48.0,79.49,83.33,73.33,56.25,42.59,2
66.67,76.0,56.41,73.33,23.33,12.5,25.93,1
83.33,16.0,38.46,26.67,33.33,31.25,35.19,1
50.0,52.0,48.72,63.33,76.67,87.5,79.63,2
83.33,80.0,87.18,80.0,70.0,75.0,64.81,3
66.67,48.0,66.67,60.0,73.33,68.75,77.78,2
83.33,84.0,82.05,80.0,83.33,62.5,75.93,3
66.67,72.0,76.92,80.0,83.33,100.0,85.19,3
50.0,60.0,58.97,63.33,83.33,75.0,70.37,2
100.0,88.0,97.44,90.0,93.33,93.75,94.44,3
83.33,28.0,33.33,26.67,16.67,25.0,27.78,1
83.33,76.0,71.79,63.33,83.33,93.75,90.74,3
66.67,68.0,53.85,60.0,70.0,56.25,48.15,2
66.67,76.0,74.36,50.0,26.67,25.0,20.37,1
16.67,56.0,64.1,20.0,56.67,56.25,24.07,1
83.33,40.0,30.77,40.0,26.67,25.0,29.63,1
66.67,56.0,64.1,50.0,33.33,31.25,27.78,1
83.33,68.0,74.36,76.67,66.67,68.75,72.22,3
66.67,68.0,69.23,73.33,70.0,43.75,68.52,2
33.33,24.0,30.77,40.0,23.33,37.5,31.48,1
33.33,52.0,15.38,30.0,50.0,12.5,44.44,1
16.67,32.0,15.38,33.33,66.67,81.25,87.04,1
83.33,80.0,79.49,56.67,73.33,87.5,79.63,3
66.67,64.0,79.49,80.0,46.67,56.25,44.44,2
66.67,68.0,76.92,66.67,16.67,12.5,14.81,1
66.67,72.0,76.92,80.0,96.67,93.75,88.89,3
83.33,88.0,87.18,96.67,73.33,75.0,66.67,3
50.0,40.0,74.36,53.33,83.33,68.75,55.56,2
66.67,72.0,71.79,63.33,73.33,75.0,75.93,3
83.33,72.0,74.36,73.33,96.67,93.75,90.74,3
100.0,88.0,92.31,86.67,76.67,75.0,72.22,3
66.67,48.0,66.67,50.0,56.67,50.0,68.52,2
66.67,80.0,69.23,80.0,73.33,75.0,74.07,3
66.67,80.0,89.74,63.33,16.67,18.75,25.93,1
33.33,28.0,7.69,30.0,40.0,18.75,48.15,1
100.0,84.0,89.74,96.67,90.0,93.75,83.33,3
66.67,68.0,76.92,50.0,63.33,75.0,61.11,2
16.67,24.0,23.08,36.67,30.0,43.75,16.67,1
50.0,48.0,56.41,70.0,50.0,50.0,61.11,2
33.33,48.0,51.28,40.0,83.33,87.5,83.33,2
83.33,12.0,17.95,36.67,36.67,43.75,18.52,1
100.0,88.0,84.62,86.67,93.33,87.5,79.63,3
100.0,68.0,79.49,83.33,66.67,56.25,79.63,3
66.67,48.0,71.79,73.33,73.33,62.5,64.81,2
66.67,72.0,76.92,73.33,63.33,68.75,75.93,3
50.0,20.0,46.15,10.0,33.33,12.5,50.0,1
33.33,40.0,12.82,36.67,76.67,56.25,81.48,1
83.33,72.0,82.05,70.0,76.67,68.75,77.78,3
100.0,88.0,79.49,93.33,93.33,93.75,98.15,3
83.33,84.0,71.79,53.33,66.67,50.0,55.56,2
33.33,28.0,25.64,36.67,43.33,25.0,37.04,1
66.67,16.0,30.77,36.67,26.67,25.0,27.78,1
16.67,52.0,46.15,50.0,16.67,50.0,57.41,1
33.33,16.0,28.21,16.67,76.67,62.5,48.15,1
66.67,68.0,41.03,60.0,66.67,87.5,68.52,2
83.33,92.0,92.31,93.33,70.0,68.75,74.07,3
50.0,72.0,51.28,43.33,70.0,81.25,72.22,2
83.33,92.0,87.18,86.67,83.33,87.5,88.89,3
66.67,68.0,69.23,66.67,93.33,87.5,94.44,3
33.33,28.0,41.03,43.33,23.33,18.75,29.63,1
83.33,56.0,92.31,76.67,40.0,50.0,46.3,2
100.0,92.0,84.62,90.0,73.33,75.0,68.52,3
83.33,72.0,69.23,80.0,36.67,56.25,59.26,2
66.67,80.0,74.36,70.0,90.0,87.5,87.04,3
50.0,52.0,48.72,50.0,50.0,50.0,50.0,2
66.67,84.0,92.31,83.33,90.0,81.25,79.63,3
83.33,52.0,69.23,56.67,76.67,43.75,61.11,2
66.67,44.0,61.54,70.0,70.0,68.75,66.67,2
66.67,72.0,66.67,76.67,70.0,68.75,75.93,3
33.33,36.0,30.77,30.0,63.33,56.25,59.26,1
50.0,52.0,46.15,43.33,70.0,81.25,79.63,2
33.33,24.0,41.03,36.67,23.33,50.0,38.89,1
50.0,60.0,56.41,60.0,50.0,68.75,57.41,2
83.33,72.0,82.05,83.33,56.67,43.75,55.56,2
66.67,64.0,74.36,66.67,73.33,50.0,61.11,2
33.33,56.0,51.28,60.0,80.0,62.5,72.22,2
66.67,32.0,28.21,20.0,33.33,31.25,22.22,1
83.33,88.0,71.79,73.33,23.33,31.25,25.93,1
66.67,36.0,64.1,46.67,26.67,18.75,48.15,1
66.67,76.0,79.49,73.33,76.67,68.75,62.96,3
66.67,72.0,71.79,50.0,66.67,75.0,68.52,2
33.33,20.0,35.9,33.33,23.33,25.0,18.52,1
66.67,76.0,69.23,63.33,23.33,37.5,16.67,1
66.67,64.0,69.23,80.0,73.33,68.75,77.78,3
50.0,56.0,43.59,46.67,46.67,50.0,48.15,2
66.67,36.0,30.77,40.0,30.0,25.0,31.48,1
16.67,48.0,46.15,46.67,26.67,43.75,48.15,1
83.33,76.0,79.49,73.33,43.33,43.75,50.0,2
33.33,44.0,43.59,36.67,36.67,31.25,38.89,1
33.33,16.0,20.51,43.33,50.0,75.0,35.19,1
50.0,48.0,53.85,43.33,16.67,25.0,12.96,1
50.0,64.0,51.28,50.0,60.0,50.0,55.56,2
33.33,44.0,15.38,63.33,46.67,50.0,27.78,1
83.33,84.0,61.54,90.0,80.0,75.0,94.44,3
33.33,56.0,58.97,53.33,60.0,56.25,61.11,2
50.0,44.0,51.28,43.33,50.0,37.5,40.74,2
50.0,44.0,38.46,46.67,53.33,50.0,48.15,2
66.67,72.0,79.49,76.67,63.33,50.0,38.89,2
66.67,64.0,58.97,60.0,56.67,62.5,42.59,2
83.33,84.0,84.62,60.0,76.67,68.75,83.33,3
83.33,72.0,71.79,73.33,90.0,87.5,83.33,3
83.33,92.0,94.87,86.67,90.0,93.75,87.04,3
66.67,84.0,79.49,73.33,73.33,75.0,77.78,3
66.67,76.0,76.92,70.0,83.33,81.25,74.07,3
33.33,44.0,33.33,30.0,26.67,43.75,44.44,1
83.33,84.0,74.36,80.0,53.33,68.75,85.19,3
33.33,24.0,25.64,20.0,73.33,68.75,61.11,1
66.67,76.0,74.36,80.0,20.0,31.25,33.33,1
66.67,76.0,56.41,43.33,56.67,75.0,87.04,2
50.0,52.0,53.85,53.33,50.0,50.0,50.0,2
66.67,76.0,71.79,76.67,26.67,25.0,27.78,1
83.33,88.0,79.49,83.33,83.33,81.25,53.7,3
83.33,76.0,71.79,73.33,73.33,68.75,75.93,3
66.67,48.0,61.54,63.33,33.33,37.5,29.63,1
50.0,84.0,76.92,66.67,66.67,68.75,68.52,2
50.0,28.0,25.64,20.0,43.33,37.5,40.74,1
83.33,92.0,94.87,93.33,76.67,75.0,64.81,3
83.33,72.0,84.62,73.33,83.33,81.25,77.78,3
66.67,84.0,58.97,83.33,56.67,56.25,48.15,2
66.67,72.0,76.92,63.33,86.67,81.25,85.19,3
66.67,88.0,87.18,53.33,23.33,25.0,37.04,1
16.67,28.0,35.9,36.67,56.67,81.25,57.41,1
83.33,84.0,84.62,83.33,80.0,62.5,81.48,3
83.33,68.0,76.92,73.33,86.67,87.5,87.04,3
50.0,56.0,46.15,53.33,40.0,50.0,53.7,2
66.67,48.0,66.67,63.33,36.67,18.75,29.63,1
83.33,60.0,69.23,53.33,76.67,43.75,66.67,2
83.33,80.0,71.79,86.67,70.0,81.25,83.33,3
33.33,36.0,17.95,23.33,66.67,87.5,72.22,1
83.33,28.0,28.21,33.33,20.0,37.5,37.04,1
33.33,32.0,25.64,26.67,83.33,56.25,79.63,1
100.0,92.0,89.74,96.67,93.33,100.0,92.59,3
33.33,36.0,33.33,36.67,36.67,37.5,35.19,1
83.33,92.0,94.87,90.0,63.33,75.0,75.93,3
83.33,84.0,66.67,83.33,73.33,75.0,70.37,3
66.67,72.0,74.36,53.33,70.0,68.75,66.67,2
83.33,64.0,89.74,83.33,76.67,81.25,85.19,3
66.67,72.0,74.36,66.67,66.67,50.0,70.37,2
66.67,72.0,79.49,66.67,93.33,87.5,90.74,3
83.33,24.0,25.64,23.33,26.67,25.0,37.04,1
50.0,32.0,35.9,60.0,6.67,43.75,50.0,1
33.33,36.0,28.21,23.33,83.33,75.0,85.19,1
83.33,80.0,76.92,70.0,70.0,75.0,68.52,3
50.0,72.0,71.79,53.33,43.33,56.25,62.96,2
16.67,32.0,15.38,16.67,76.67,68.75,62.96,1
66.67,76.0,79.49,73.33,66.67,62.5,72.22,3
83.33,88.0,89.74,90.0,86.67,93.75,98.15,3
83.33,72.0,74.36,66.67,80.0,87.5,87.04,3
83.33,68.0,89.74,63.33,80.0,87.5,81.48,3
66.67,80.0,61.54,70.0,46.67,50.0,50.0,2
83.33,88.0,100.0,83.33,73.33,68.75,74.07,3
50.0,48.0,53.85,50.0,80.0,81.25,88.89,2
83.33,64.0,76.92,90.0,43.33,50.0,48.15,2
50.0,64.0,53.85,56.67,30.0,31.25,35.19,1
66.67,64.0,74.36,83.33,50.0,43.75,55.56,2
66.67,60.0,64.1,60.0,50.0,56.25,66.67,2
66.67,72.0,66.67,76.67,90.0,81.25,85.19,3
50.0,76.0,58.97,36.67,86.67,62.5,57.41,2
50.0,56.0,76.92,60.0,30.0,18.75,27.78,1
83.33,80.0,56.41,90.0,80.0,75.0,81.48,3
50.0,64.0,61.54,53.33,60.0,68.75,59.26,2
33.33,36.0,28.21,13.33,33.33,25.0,0.0,1
100.0,92.0,87.18,90.0,86.67,93.75,96.3,3
83.33,84.0,71.79,56.67,23.33,37.5,25.93,1
16.67,32.0,33.33,30.0,40.0,31.25,24.07,1
66.67,72.0,71.79,76.67,73.33,75.0,72.22,3
83.33,88.0,82.05,80.0,76.67,81.25,75.93,3
66.67,52.0,56.41,56.67,50.0,56.25,68.52,2
66.67,84.0,61.54,76.67,73.33,75.0,75.93,3
66.67,72.0,58.97,53.33,33.33,31.25,33.33,1
66.67,76.0,71.79,80.0,66.67,75.0,70.37,3
83.33,72.0,71.79,70.0,86.67,87.5,98.15,3
16.67,28.0,33.33,30.0,70.0,68.75,50.0,1
33.33,28.0,35.9,36.67,40.0,37.5,44.44,1
66.67,80.0,82.05,93.33,50.0,56.25,46.3,2
83.33,80.0,82.05,76.67,53.33,50.0,61.11,2
16.67,20.0,23.08,33.33,63.33,87.5,62.96,1
66.67,52.0,66.67,66.67,70.0,75.0,68.52,2
33.33,32.0,23.08,40.0,23.33,31.25,35.19,1
50.0,40.0,51.28,43.33,50.0,50.0,44.44,2
33.33,40.0,35.9,33.33,13.33,37.5,37.04,1
66.67,64.0,74.36,46.67,56.67,56.25,50.0,2
66.67,72.0,48.72,70.0,70.0,75.0,72.22,2
83.33,92.0,82.05,60.0,86.67,87.5,81.48,3
83.33,80.0,71.79,80.0,60.0,50.0,53.7,2
100.0,28.0,33.33,56.67,33.33,43.75,18.52,1
83.33,72.0,71.79,76.67,83.33,81.25,79.63,3
66.67,52.0,33.33,56.67,56.67,62.5,64.81,2
66.67,76.0,58.97,70.0,86.67,75.0,85.19,3
50.0,32.0,35.9,46.67,40.0,31.25,37.04,1
83.33,84.0,94.87,93.33,90.0,87.5,94.44,3
83.33,72.0,71.79,76.67,73.33,81.25,77.78,3
33.33,48.0,30.77,30.0,33.33,50.0,38.89,1
16.67,32.0,25.64,26.67,83.33,62.5,64.81,1
66.67,68.0,64.1,70.0,23.33,25.0,18.52,1
50.0,40.0,33.33,36.67,40.0,37.5,38.89,1
50.0,48.0,56.41,43.33,50.0,43.75,48.15,2
50.0,48.0,48.72,43.33,43.33,43.75,46.3,2
16.67,20.0,23.08,16.67,86.67,62.5,66.67,1
50.0,52.0,46.15,46.67,43.33,43.75,44.44,2
33.33,48.0,33.33,36.67,46.67,43.75,33.33,1
66.67,44.0,69.23,70.0,70.0,68.75,72.22,2
66.67,72.0,56.41,76.67,96.67,81.25,87.04,3
66.67,68.0,79.49,73.33,70.0,68.75,70.37,3
66.67,76.0,71.79,80.0,83.33,87.5,88.89,3
33.33,20.0,20.51,30.0,66.67,50.0,61.11,1
66.67,52.0,53.85,66.67,60.0,56.25,50.0,2
83.33,80.0,74.36,86.67,83.33,75.0,75.93,3
66.67,76.0,69.23,73.33,83.33,93.75,85.19,3
66.67,72.0,84.62,76.67,76.67,75.0,83.33,3
33.33,16.0,35.9,26.67,70.0,75.0,70.37,1
83.33,88.0,64.1,90.0,80.0,81.25,87.04,3
50.0,48.0,46.15,80.0,63.33,75.0,53.7,2
33.33,24.0,38.46,33.33,66.67,81.25,64.81,1
33.33,24.0,17.95,20.0,76.67,87.5,61.11,1
33.33,12.0,41.03,43.33,30.0,25.0,24.07,1
100.0,96.0,97.44,86.67,86.67,93.75,90.74,3
33.33,16.0,25.64,30.0,36.67,37.5,33.33,1
83.33,60.0,74.36,73.33,33.33,25.0,27.78,1
50.0,64.0,43.59,70.0,83.33,75.0,48.15,2
33.33,44.0,20.51,16.67,46.67,62.5,22.22,1
83.33,88.0,79.49,93.33,36.67,37.5,55.56,2
83.33,72.0,82.05,66.67,26.67,18.75,12.96,1
83.33,76.0,76.92,73.33,86.67,87.5,87.04,3
50.0,52.0,41.03,53.33,46.67,43.75,48.15,2
66.67,84.0,82.05,80.0,73.33,93.75,75.93,3
50.0,56.0,46.15,53.33,46.67,50.0,42.59,2
50.0,52.0,48.72,46.67,76.67,81.25,66.67,2
66.67,84.0,74.36,76.67,80.0,81.25,83.33,3
83.33,76.0,79.49,76.67,70.0,81.25,79.63,3
66.67,60.0,58.97,76.67,20.0,31.25,25.93,1
83.33,28.0,5.13,26.67,13.33,37.5,25.93,1
66.67,92.0,89.74,73.33,86.67,87.5,87.04,3
50.0,40.0,12.82,16.67,30.0,50.0,57.41,1
83.33,56.0,79.49,73.33,26.67,31.25,35.19,1
83.33,68.0,66.67,66.67,63.33,56.25,44.44,2
100.0,80.0,89.74,100.0,66.67,75.0,81.48,3
16.67,28.0,23.08,20.0,60.0,75.0,77.78,1
66.67,76.0,87.18,76.67,80.0,75.0,74.07,3
50.0,44.0,41.03,50.0,50.0,43.75,46.3,2
50.0,48.0,53.85,43.33,50.0,43.75,38.89,2
83.33,88.0,84.62,90.0,70.0,62.5,77.78,3
83.33,84.0,64.1,76.67,90.0,87.5,81.48,3
50.0,64.0,48.72,46.67,73.33,87.5,74.07,2
66.67,76.0,66.67,73.33,90.0,87.5,92.59,3
50.0,60.0,61.54,66.67,26.67,31.25,31.48,1
33.33,36.0,30.77,30.0,60.0,56.25,59.26,1
66.67,80.0,69.23,86.67,80.0,75.0,81.48,3
83.33,72.0,71.79,86.67,76.67,56.25,81.48,3
66.67,68.0,71.79,73.33,96.67,100.0,92.59,3
50.0,48.0,35.9,50.0,10.0,37.5,18.52,1
66.67,68.0,74.36,43.33,70.0,75.0,74.07,2
50.0,48.0,58.97,43.33,90.0,68.75,75.93,2
50.0,48.0,41.03,50.0,46.67,43.75,48.15,2
83.33,80.0,76.92,80.0,73.33,56.25,90.74,3
83.33,80.0,76.92,90.0,83.33,81.25,74.07,3
50.0,44.0,53.85,60.0,83.33,81.25,72.22,2
83.33,88.0,58.97,73.33,16.67,31.25,14.81,1
50.0,40.0,56.41,53.33,53.33,62.5,66.67,2
50.0,64.0,61.54,70.0,53.33,56.25,40.74,2
66.67,44.0,56.41,56.67,73.33,81.25,72.22,2
83.33,28.0,25.64,30.0,26.67,31.25,16.67,1
83.33,92.0,69.23,60.0,73.33,75.0,87.04,3
100.0,88.0,92.31,83.33,86.67,87.5,83.33,3
83.33,80.0,74.36,76.67,93.33,93.75,87.04,3
66.67,80.0,76.92,56.67,33.33,18.75,31.48,1
50.0,56.0,46.15,46.67,60.0,75.0,72.22,2
33.33,40.0,35.9,50.0,43.33,37.5,38.89,1
66.67,76.0,46.15,63.33,66.67,62.5,64.81,2
66.67,76.0,66.67,73.33,26.67,25.0,24.07,1
33.33,36.0,28.21,36.67,16.67,25.0,33.33,1
50.0,56.0,51.28,53.33,43.33,43.75,59.26,2
50.0,44.0,58.97,60.0,60.0,62.5,62.96,2
83.33,76.0,84.62,70.0,43.33,50.0,50.0,2
50.0,56.0,15.38,13.33,53.33,12.5,53.7,1
66.67,72.0,74.36,46.67,73.33,68.75,66.67,2
50.0,44.0,41.03,46.67,66.67,75.0,77.78,2
33.33,56.0,46.15,60.0,80.0,93.75,75.93,2
66.67,68.0,66.67,70.0,86.67,81.25,85.19,3
83.33,28.0,25.64,0.0,26.67,37.5,37.04,1
50.0,52.0,53.85,46.67,43.33,43.75,46.3,2
50.0,52.0,66.67,56.67,76.67,81.25,77.78,2
66.67,80.0,69.23,73.33,73.33,75.0,72.22,3
50.0,40.0,43.59,50.0,40.0,56.25,42.59,2
83.33,68.0,74.36,73.33,93.33,93.75,87.04,3
83.33,92.0,92.31,76.67,73.33,68.75,79.63,3
66.67,56.0,53.85,70.0,20.0,18.75,20.37,1
33.33,72.0,84.62,66.67,50.0,81.25,61.11,2
100.0,92.0,94.87,90.0,83.33,87.5,90.74,3
50.0,48.0,58.97,50.0,46.67,56.25,48.15,2
66.67,48.0,66.67,66.67,56.67,81.25,70.37,2
50.0,44.0,51.28,43.33,50.0,43.75,35.19,2
33.33,12.0,2.56,33.33,80.0,68.75,88.89,1
33.33,32.0,35.9,40.0,40.0,50.0,33.33,1
50.0,52.0,48.72,43.33,60.0,56.25,44.44,2
83.33,80.0,94.87,83.33,73.33,75.0,72.22,3
83.33,92.0,92.31,86.67,96.67,87.5,94.44,3
66.67,68.0,71.79,70.0,63.33,50.0,62.96,2
50.0,40.0,43.59,46.67,43.33,43.75,48.15,2
66.67,52.0,33.33,76.67,73.33,56.25,46.3,2
66.67,72.0,74.36,73.33,66.67,50.0,70.37,2
66.67,80.0,66.67,70.0,80.0,93.75,85.19,3
50.0,44.0,69.23,46.67,43.33,56.25,79.63,2
66.67,72.0,69.23,70.0,93.33,87.5,88.89,3
66.67,80.0,66.67,73.33,83.33,87.5,87.04,3
83.33,84.0,76.92,80.0,50.0,56.25,46.3,2
66.67,64.0,74.36,70.0,56.67,68.75,66.67,2
16.67,28.0,30.77,26.67,86.67,93.75,55.56,1
83.33,28.0,10.26,40.0,16.67,18.75,38.89,1
33.33,40.0,43.59,36.67,40.0,37.5,44.44,1
83.33,80.0,84.62,63.33,23.33,12.5,29.63,1
50.0,56.0,58.97,60.0,73.33,56.25,72.22,2
66.67,72.0,79.49,70.0,80.0,75.0,72.22,3
100.0,84.0,94.87,93.33,93.33,87.5,90.74,3
50.0,56.0,56.41,56.67,50.0,43.75,37.04,2
33.33,28.0,25.64,40.0,63.33,75.0,75.93,1
83.33,80.0,92.31,86.67,76.67,62.5,79.63,3
50.0,48.0,51.28,50.0,50.0,56.25,40.74,2
100.0,32.0,35.9,23.33,16.67,6.25,31.48,1
50.0,56.0,41.03,30.0,83.33,81.25,90.74,2
50.0,64.0,41.03,43.33,63.33,50.0,53.7,2
83.33,88.0,71.79,73.33,26.67,37.5,40.74,1
50.0,56.0,48.72,60.0,66.67,56.25,53.7,2
66.67,64.0,69.23,63.33,66.67,50.0,59.26,2
66.67,92.0,82.05,66.67,40.0,56.25,40.74,2
66.67,72.0,71.79,63.33,86.67,87.5,96.3,3
33.33,44.0,33.33,40.0,43.33,37.5,29.63,1
66.67,68.0,69.23,63.33,70.0,50.0,68.52,2
50.0,60.0,53.85,53.33,56.67,62.5,44.44,2
50.0,48.0,41.03,40.0,46.67,43.75,48.15,2
50.0,48.0,61.54,60.0,63.33,37.5,62.96,2
66.67,72.0,76.92,83.33,46.67,50.0,62.96,2
66.67,44.0,35.9,53.33,50.0,18.75,20.37,1
83.33,40.0,35.9,30.0,33.33,31.25,25.93,1
66.67,76.0,71.79,66.67,66.67,75.0,74.07,3
83.33,76.0,76.92,76.67,83.33,75.0,75.93,3
83.33,64.0,79.49,56.67,53.33,62.5,59.26,2
33.33,52.0,46.15,33.33,43.33,31.25,33.33,1
0.0,28.0,35.9,20.0,36.67,37.5,46.3,1
83.33,84.0,76.92,70.0,76.67,87.5,75.93,3
33.33,40.0,38.46,33.33,40.0,43.75,35.19,1
83.33,64.0,74.36,73.33,76.67,68.75,68.52,3
66.67,72.0,76.92,60.0,20.0,31.25,22.22,1
16.67,28.0,30.77,30.0,66.67,81.25,81.48,1
83.33,84.0,87.18,83.33,60.0,81.25,64.81,3
100.0,92.0,87.18,96.67,93.33,81.25,92.59,3
66.67,56.0,84.62,43.33,66.67,75.0,46.3,2
100.0,88.0,89.74,93.33,90.0,87.5,98.15,3
83.33,88.0,89.74,93.33,66.67,75.0,70.37,3
33.33,20.0,41.03,36.67,40.0,18.75,33.33,1
66.67,52.0,48.72,63.33,50.0,56.25,48.15,2
16.67,28.0,23.08,43.33,70.0,62.5,68.52,1
83.33,80.0,64.1,70.0,33.33,25.0,35.19,1
83.33,40.0,56.41,70.0,70.0,43.75,68.52,2
83.33,88.0,92.31,96.67,93.33,81.25,85.19,3
83.33,76.0,76.92,76.67,70.0,81.25,74.07,3
16.67,36.0,33.33,26.67,33.33,18.75,25.93,1
83.33,88.0,89.74,86.67,63.33,68.75,64.81,3
50.0,76.0,64.1,63.33,20.0,18.75,18.52,1
50.0,72.0,58.97,56.67,83.33,81.25,55.56,2
50.0,56.0,66.67,66.67,66.67,43.75,59.26,2
66.67,80.0,56.41,83.33,33.33,18.75,22.22,1
33.33,28.0,17.95,43.33,43.33,18.75,20.37,1
100.0,88.0,82.05,90.0,73.33,81.25,72.22,3
16.67,44.0,41.03,36.67,33.33,43.75,38.89,1
50.0,20.0,28.21,33.33,20.0,12.5,40.74,1
83.33,80.0,97.44,96.67,70.0,68.75,79.63,3
66.67,52.0,48.72,50.0,96.67,75.0,66.67,2
66.67,76.0,58.97,73.33,20.0,12.5,35.19,1
66.67,72.0,69.23,73.33,93.33,87.5,92.59,3
33.33,36.0,33.33,33.33,36.67,25.0,37.04,1
50.0,48.0,61.54,56.67,66.67,75.0,90.74,2
83.33,80.0,76.92,60.0,73.33,81.25,79.63,3
66.67,72.0,71.79,63.33,66.67,43.75,64.81,2
83.33,28.0,43.59,26.67,26.67,31.25,14.81,1
83.33,36.0,41.03,26.67,20.0,37.5,14.81,1
83.33,96.0,87.18,90.0,70.0,68.75,66.67,3
50.0,52.0,61.54,63.33,73.33,75.0,72.22,2
83.33,92.0,87.18,90.0,66.67,75.0,77.78,3
16.67,20.0,61.54,23.33,50.0,56.25,57.41,1
33.33,24.0,25.64,13.33,73.33,81.25,57.41,1
66.67,64.0,66.67,73.33,80.0,75.0,72.22,3
66.67,80.0,76.92,83.33,53.33,68.75,85.19,3
33.33,28.0,28.21,26.67,63.33,56.25,79.63,1
50.0,48.0,38.46,30.0,83.33,75.0,98.15,2
66.67,64.0,74.36,70.0,70.0,43.75,64.81,2
16.67,24.0,30.77,30.0,70.0,56.25,62.96,1
66.67,84.0,69.23,76.67,66.67,75.0,72.22,3
50.0,36.0,10.26,40.0,26.67,12.5,20.37,1
83.33,88.0,89.74,86.67,76.67,75.0,72.22,3
33.33,32.0,41.03,53.33,43.33,31.25,37.04,1
33.33,32.0,25.64,30.0,36.67,25.0,20.37,1
83.33,80.0,71.79,66.67,80.0,81.25,77.78,3
83.33,52.0,79.49,80.0,80.0,81.25,75.93,3
83.33,32.0,41.03,33.33,40.0,31.25,40.74,1
66.67,60.0,51.28,73.33,76.67,56.25,51.85,2
50.0,52.0,46.15,43.33,90.0,68.75,70.37,2
100.0,88.0,82.05,86.67,70.0,75.0,75.93,3
66.67,64.0,74.36,70.0,30.0,18.75,24.07,1
66.67,32.0,38.46,40.0,30.0,31.25,40.74,1
83.33,80.0,94.87,86.67,76.67,75.0,75.93,3
66.67,44.0,64.1,50.0,83.33,75.0,83.33,2
66.67,84.0,76.92,63.33,33.33,25.0,33.33,1
66.67,36.0,25.64,30.0,13.33,31.25,33.33,1
50.0,40.0,46.15,56.67,50.0,50.0,42.59,2
66.67,80.0,79.49,83.33,63.33,43.75,46.3,2
33.33,28.0,28.21,43.33,56.67,75.0,77.78,1
16.67,28.0,30.77,30.0,33.33,18.75,29.63,1
16.67,28.0,25.64,26.67,73.33,62.5,59.26,1
66.67,64.0,66.67,73.33,53.33,68.75,59.26,2
16.67,36.0,38.46,40.0,23.33,37.5,12.96,1
33.33,32.0,35.9,30.0,70.0,62.5,53.7,1
66.67,64.0,69.23,80.0,83.33,75.0,64.81,3
66.67,72.0,89.74,86.67,80.0,68.75,79.63,3
50.0,44.0,51.28,46.67,46.67,62.5,55.56,2
50.0,32.0,41.03,33.33,33.33,31.25,50.0,1
33.33,20.0,33.33,16.67,13.33,25.0,27.78,1
50.0,48.0,56.41,43.33,80.0,81.25,70.37,2
33.33,32.0,35.9,40.0,53.33,62.5,57.41,1
33.33,20.0,38.46,33.33,16.67,37.5,25.93,1
100.0,92.0,92.31,90.0,80.0,75.0,72.22,3
33.33,36.0,35.9,36.67,43.33,50.0,44.44,1
66.67,84.0,82.05,60.0,13.33,31.25,14.81,1
83.33,80.0,66.67,83.33,60.0,50.0,46.3,2
66.67,84.0,82.05,73.33,76.67,62.5,85.19,3
66.67,60.0,46.15,70.0,63.33,62.5,62.96,2
50.0,36.0,38.46,36.67,43.33,43.75,35.19,1
66.67,68.0,74.36,76.67,83.33,81.25,79.63,3
33.33,32.0,30.77,33.33,56.67,50.0,59.26,1
83.33,88.0,79.49,83.33,73.33,68.75,72.22,3
83.33,16.0,25.64,13.33,26.67,18.75,42.59,1
50.0,56.0,74.36,63.33,53.33,75.0,46.3,2
16.67,40.0,20.51,40.0,16.67,31.25,18.52,1
33.33,28.0,17.95,30.0,66.67,68.75,61.11,1
83.33,80.0,87.18,83.33,66.67,68.75,74.07,3
33.33,44.0,35.9,46.67,40.0,31.25,37.04,1
66.67,72.0,69.23,73.33,76.67,81.25,66.67,3
66.67,56.0,69.23,66.67,30.0,37.5,31.48,1
83.33,80.0,56.41,83.33,80.0,81.25,81.48,3
83.33,68.0,66.67,53.33,60.0,56.25,42.59,2
50.0,40.0,46.15,43.33,50.0,50.0,50.0,2
83.33,52.0,71.79,73.33,76.67,87.5,75.93,3
66.67,76.0,71.79,80.0,13.33,25.0,24.07,1
83.33,36.0,15.38,26.67,23.33,31.25,38.89,1
66.67,68.0,56.41,16.67,13.33,18.75,44.44,1
83.33,72.0,89.74,70.0,26.67,25.0,20.37,1
66.67,68.0,74.36,80.0,30.0,6.25,20.37,1
50.0,44.0,43.59,40.0,36.67,50.0,57.41,2
83.33,52.0,69.23,76.67,16.67,25.0,24.07,1
66.67,68.0,71.79,80.0,73.33,68.75,72.22,3
50.0,48.0,48.72,46.67,46.67,56.25,38.89,2
16.67,24.0,30.77,20.0,36.67,37.5,27.78,1
66.67,68.0,69.23,73.33,50.0,68.75,77.78,2
66.67,64.0,97.44,70.0,30.0,18.75,20.37,1
50.0,56.0,64.1,53.33,36.67,31.25,33.33,1
83.33,80.0,76.92,83.33,70.0,75.0,74.07,3
83.33,84.0,82.05,60.0,93.33,93.75,81.48,3
66.67,76.0,69.23,80.0,60.0,43.75,48.15,2
83.33,84.0,82.05,76.67,50.0,50.0,51.85,2
100.0,84.0,82.05,96.67,90.0,87.5,92.59,3
66.67,44.0,74.36,70.0,66.67,68.75,72.22,2
16.67,16.0,7.69,40.0,40.0,62.5,57.41,1
16.67,28.0,10.26,36.67,73.33,100.0,81.48,1
66.67,88.0,74.36,86.67,76.67,81.25,88.89,3
50.0,84.0,51.28,46.67,6.67,18.75,59.26,1
33.33,16.0,23.08,23.33,73.33,75.0,68.52,1
50.0,40.0,48.72,63.33,73.33,87.5,77.78,2
66.67,72.0,82.05,63.33,33.33,18.75,33.33,1
33.33,44.0,38.46,40.0,36.67,31.25,40.74,1
50.0,48.0,48.72,40.0,53.33,50.0,50.0,2
66.67,72.0,71.79,63.33,23.33,25.0,27.78,1
83.33,88.0,92.31,90.0,73.33,68.75,72.22,3
83.33,84.0,97.44,90.0,86.67,93.75,87.04,3
66.67,68.0,69.23,76.67,76.67,75.0,68.52,3
83.33,76.0,66.67,63.33,70.0,68.75,74.07,3
83.33,68.0,84.62,76.67,86.67,75.0,75.93,3
83.33,88.0,89.74,93.33,100.0,87.5,88.89,3
33.33,36.0,33.33,36.67,56.67,56.25,61.11,1
16.67,16.0,41.03,50.0,56.67,43.75,14.81,1
83.33,60.0,82.05,46.67,83.33,56.25,51.85,2
83.33,60.0,76.92,76.67,53.33,50.0,61.11,2
66.67,68.0,61.54,50.0,50.0,50.0,55.56,2
50.0,48.0,58.97,60.0,43.33,62.5,51.85,2
66.67,56.0,64.1,53.33,86.67,81.25,92.59,2
66.67,72.0,66.67,53.33,66.67,68.75,74.07,2
66.67,72.0,71.79,46.67,66.67,68.75,77.78,2
83.33,76.0,74.36,73.33,53.33,43.75,48.15,2
83.33,76.0,58.97,60.0,30.0,25.0,24.07,1
83.33,64.0,76.92,70.0,80.0,87.5,100.0,3
33.33,36.0,38.46,36.67,33.33,37.5,35.19,1
83.33,72.0,69.23,70.0,93.33,81.25,90.74,3
50.0,64.0,74.36,80.0,80.0,50.0,51.85,2
33.33,36.0,30.77,23.33,53.33,62.5,53.7,1
33.33,24.0,33.33,16.67,43.33,18.75,27.78,1
50.0,44.0,43.59,53.33,46.67,43.75,53.7,2
83.33,84.0,79.49,90.0,16.67,25.0,25.93,1
83.33,76.0,87.18,70.0,76.67,62.5,81.48,3
66.67,44.0,64.1,70.0,66.67,68.75,70.37,2
100.0,92.0,87.18,93.33,100.0,93.75,87.04,3
66.67,68.0,87.18,80.0,76.67,75.0,79.63,3
66.67,44.0,66.67,70.0,60.0,75.0,68.52,2
83.33,84.0,84.62,86.67,73.33,68.75,75.93,3
66.67,76.0,69.23,56.67,50.0,50.0,35.19,2
83.33,84.0,100.0,90.0,70.0,75.0,64.81,3
50.0,60.0,61.54,50.0,70.0,81.25,74.07,2
83.33,68.0,76.92,93.33,80.0,75.0,77.78,3
66.67,72.0,71.79,73.33,73.33,75.0,72.22,3
83.33,92.0,94.87,93.33,93.33,87.5,90.74,3
100.0,32.0,28.21,20.0,23.33,37.5,33.33,1
16.67,16.0,30.77,20.0,73.33,68.75,68.52,1
100.0,96.0,79.49,66.67,56.67,56.25,57.41,2
50.0,68.0,48.72,43.33,90.0,87.5,77.78,2
50.0,44.0,53.85,43.33,50.0,50.0,53.7,2
66.67,44.0,69.23,70.0,70.0,62.5,66.67,2
83.33,76.0,100.0,83.33,90.0,100.0,83.33,3
50.0,44.0,48.72,46.67,40.0,43.75,48.15,2
33.33,44.0,41.03,36.67,46.67,43.75,33.33,1
83.33,96.0,89.74,90.0,83.33,75.0,74.07,3
50.0,48.0,56.41,46.67,90.0,68.75,77.78,2
66.67,80.0,64.1,73.33,76.67,50.0,68.52,2
50.0,68.0,66.67,60.0,70.0,68.75,74.07,2
83.33,80.0,92.31,86.67,90.0,87.5,87.04,3
66.67,76.0,71.79,70.0,96.67,75.0,66.67,3
83.33,84.0,92.31,93.33,93.33,93.75,92.59,3
50.0,64.0,51.28,53.33,33.33,37.5,33.33,1
83.33,92.0,82.05,90.0,73.33,62.5,75.93,3
50.0,44.0,53.85,53.33,43.33,43.75,42.59,2
66.67,80.0,66.67,76.67,43.33,43.75,40.74,2
33.33,28.0,35.9,23.33,53.33,81.25,81.48,1
66.67,72.0,74.36,66.67,73.33,75.0,70.37,3
66.67,52.0,76.92,56.67,83.33,81.25,55.56,2
66.67,24.0,33.33,26.67,26.67,18.75,46.3,1
83.33,84.0,79.49,76.67,70.0,68.75,77.78,3
16.67,32.0,2.56,23.33,70.0,87.5,59.26,1
33.33,28.0,23.08,30.0,26.67,43.75,31.48,1
66.67,100.0,79.49,70.0,60.0,37.5,46.3,2
0.0,32.0,28.21,33.33,23.33,12.5,37.04,1
83.33,80.0,71.79,63.33,90.0,87.5,90.74,3
83.33,84.0,76.92,70.0,50.0,50.0,37.04,2
50.0,48.0,48.72,36.67,83.33,68.75,62.96,2
83.33,84.0,89.74,83.33,50.0,43.75,42.59,2
83.33,88.0,97.44,90.0,90.0,87.5,90.74,3
50.0,44.0,64.1,60.0,76.67,81.25,72.22,2
66.67,60.0,64.1,46.67,66.67,68.75,66.67,2
66.67,48.0,69.23,50.0,26.67,12.5,25.93,1
66.67,92.0,71.79,76.67,56.67,56.25,53.7,2
83.33,92.0,89.74,90.0,80.0,68.75,72.22,3
33.33,28.0,15.38,20.0,80.0,93.75,62.96,1
83.33,84.0,61.54,56.67,26.67,37.5,25.93,1
66.67,64.0,53.85,53.33,76.67,68.75,75.93,2
66.67,84.0,69.23,76.67,86.67,87.5,83.33,3
50.0,44.0,48.72,43.33,43.33,50.0,51.85,2
66.67,24.0,15.38,26.67,43.33,31.25,14.81,1
33.33,24.0,38.46,40.0,36.67,18.75,37.04,1
16.67,60.0,15.38,13.33,53.33,50.0,59.26,1
83.33,28.0,33.33,40.0,10.0,31.25,35.19,1
33.33,28.0,38.46,33.33,63.33,56.25,61.11,1
50.0,64.0,58.97,60.0,36.67,62.5,57.41,2
83.33,88.0,94.87,93.33,73.33,62.5,74.07,3
66.67,76.0,74.36,80.0,43.33,43.75,38.89,2
33.33,36.0,23.08,33.33,56.67,18.75,38.89,1
83.33,76.0,84.62,83.33,83.33,87.5,75.93,3
66.67,68.0,74.36,70.0,26.67,31.25,18.52,1
50.0,88.0,76.92,86.67,83.33,81.25,87.04,3
100.0,92.0,100.0,90.0,86.67,87.5,83.33,3
50.0,80.0,79.49,96.67,80.0,68.75,75.93,3
83.33,84.0,89.74,86.67,86.67,87.5,83.33,3
83.33,92.0,84.62,76.67,56.67,50.0,37.04,2
66.67,68.0,76.92,76.67,73.33,68.75,66.67,3
83.33,92.0,82.05,96.67,70.0,68.75,77.78,3
66.67,64.0,58.97,70.0,70.0,68.75,51.85,2
66.67,92.0,82.05,73.33,80.0,81.25,72.22,3
83.33,92.0,84.62,86.67,70.0,75.0,72.22,3
33.33,40.0,35.9,43.33,40.0,50.0,48.15,1
66.67,52.0,51.28,46.67,76.67,75.0,72.22,2
100.0,28.0,33.33,20.0,40.0,37.5,37.04,1
66.67,76.0,82.05,90.0,80.0,68.75,77.78,3
16.67,32.0,25.64,10.0,66.67,56.25,88.89,1
83.33,80.0,74.36,83.33,76.67,75.0,83.33,3
50.0,48.0,46.15,43.33,80.0,75.0,77.78,2
33.33,48.0,48.72,43.33,76.67,62.5,83.33,2
50.0,60.0,58.97,70.0,70.0,81.25,48.15,2
50.0,56.0,46.15,43.33,50.0,50.0,50.0,2
83.33,88.0,89.74,96.67,73.33,68.75,77.78,3
50.0,40.0,48.72,33.33,36.67,37.5,37.04,1
66.67,52.0,56.41,50.0,66.67,56.25,53.7,2
66.67,80.0,64.1,70.0,66.67,75.0,46.3,2
83.33,92.0,94.87,86.67,90.0,87.5,83.33,3
66.67,68.0,66.67,73.33,70.0,75.0,70.37,3
100.0,88.0,92.31,90.0,86.67,93.75,92.59,3
66.67,84.0,74.36,76.67,76.67,75.0,75.93,3
16.67,52.0,48.72,50.0,6.67,56.25,37.04,1
50.0,88.0,84.62,86.67,90.0,87.5,75.93,3
50.0,36.0,64.1,20.0,60.0,56.25,22.22,1
83.33,88.0,94.87,83.33,66.67,68.75,64.81,3
33.33,60.0,23.08,56.67,10.0,50.0,44.44,1
83.33,72.0,71.79,73.33,70.0,75.0,68.52,3
83.33,92.0,84.62,96.67,70.0,75.0,72.22,3
16.67,32.0,20.51,30.0,73.33,87.5,72.22,1
33.33,36.0,28.21,36.67,26.67,37.5,20.37,1
16.67,36.0,25.64,33.33,63.33,68.75,57.41,1
83.33,84.0,97.44,83.33,76.67,68.75,74.07,3
50.0,48.0,46.15,43.33,50.0,56.25,48.15,2
50.0,40.0,23.08,23.33,26.67,18.75,16.67,1
16.67,36.0,46.15,33.33,33.33,25.0,14.81,1
83.33,40.0,33.33,26.67,26.67,25.0,40.74,1
83.33,80.0,74.36,80.0,23.33,37.5,27.78,1
83.33,80.0,74.36,80.0,23.33,12.5,12.96,1
66.67,72.0,69.23,73.33,86.67,93.75,79.63,3
50.0,52.0,61.54,40.0,76.67,93.75,75.93,2
83.33,24.0,46.15,23.33,50.0,31.25,33.33,1
83.33,36.0,38.46,33.33,30.0,25.0,27.78,1
66.67,40.0,33.33,33.33,43.33,37.5,18.52,1
66.67,44.0,74.36,73.33,70.0,62.5,74.07,2
33.33,32.0,28.21,16.67,30.0,25.0,25.93,1
50.0,40.0,41.03,40.0,30.0,37.5,46.3,1
83.33,24.0,33.33,40.0,16.67,31.25,29.63,1
66.67,52.0,82.05,66.67,83.33,56.25,57.41,2
83.33,88.0,84.62,86.67,70.0,81.25,79.63,3
83.33,80.0,51.28,76.67,76.67,87.5,79.63,3
66.67,84.0,84.62,86.67,53.33,50.0,50.0,2
83.33,84.0,79.49,86.67,70.0,68.75,77.78,3
50.0,72.0,71.79,70.0,73.33,75.0,66.67,2
16.67,20.0,33.33,20.0,73.33,62.5,79.63,1
66.67,52.0,61.54,70.0,73.33,68.75,74.07,2
50.0,64.0,74.36,73.33,70.0,68.75,61.11,2
50.0,56.0,66.67,56.67,73.33,56.25,51.85,2
66.67,72.0,61.54,76.67,26.67,25.0,27.78,1
66.67,72.0,76.92,70.0,83.33,87.5,85.19,3
83.33,72.0,74.36,73.33,76.67,75.0,79.63,3
33.33,28.0,38.46,26.67,26.67,18.75,42.59,1
50.0,44.0,61.54,73.33,70.0,50.0,62.96,2
66.67,60.0,79.49,76.67,83.33,93.75,88.89,3
50.0,48.0,43.59,46.67,46.67,50.0,42.59,2
83.33,72.0,51.28,83.33,23.33,25.0,24.07,1
83.33,32.0,30.77,33.33,13.33,31.25,38.89,1
66.67,68.0,5.13,16.67,53.33,56.25,29.63,1
83.33,84.0,76.92,90.0,76.67,81.25,68.52,3
50.0,64.0,56.41,50.0,56.67,62.5,61.11,2
66.67,64.0,69.23,80.0,46.67,56.25,44.44,2
66.67,72.0,69.23,66.67,73.33,68.75,81.48,3
83.33,20.0,23.08,23.33,43.33,37.5,44.44,1
66.67,76.0,71.79,73.33,86.67,75.0,83.33,3
100.0,28.0,28.21,23.33,40.0,37.5,44.44,1
66.67,68.0,76.92,70.0,70.0,75.0,72.22,3
33.33,36.0,33.33,30.0,23.33,31.25,12.96,1
50.0,44.0,10.26,13.33,16.67,56.25,33.33,1
50.0,52.0,46.15,56.67,76.67,62.5,74.07,2
33.33,16.0,41.03,33.33,26.67,43.75,9.26,1
50.0,4.0,43.59,40.0,36.67,62.5,12.96,1
50.0,48.0,51.28,43.33,46.67,43.75,50.0,2
83.33,88.0,74.36,80.0,83.33,87.5,57.41,3
83.33,80.0,87.18,90.0,63.33,62.5,75.93,3
50.0,44.0,46.15,23.33,13.33,43.75,53.7,1
66.67,36.0,7.69,20.0,40.0,18.75,27.78,1
83.33,76.0,74.36,70.0,73.33,75.0,74.07,3
83.33,32.0,25.64,40.0,43.33,37.5,25.93,1
33.33,32.0,28.21,23.33,20.0,37.5,31.48,1
83.33,88.0,84.62,63.33,90.0,93.75,79.63,3
83.33,84.0,76.92,90.0,66.67,75.0,75.93,3
50.0,80.0,48.72,66.67,70.0,37.5,57.41,2
83.33,72.0,79.49,70.0,76.67,87.5,75.93,3
50.0,56.0,56.41,20.0,13.33,50.0,55.56,1
50.0,36.0,51.28,43.33,50.0,43.75,50.0,2
100.0,96.0,92.31,90.0,73.33,75.0,72.22,3
83.33,64.0,84.62,73.33,66.67,75.0,66.67,3
50.0,52.0,43.59,50.0,40.0,50.0,50.0,2
66.67,76.0,69.23,53.33,70.0,68.75,62.96,2
33.33,28.0,17.95,33.33,33.33,12.5,18.52,1
33.33,40.0,38.46,33.33,50.0,37.5,37.04,1
83.33,96.0,92.31,93.33,90.0,100.0,100.0,3
66.67,72.0,71.79,53.33,70.0,68.75,64.81,2
83.33,80.0,82.05,83.33,76.67,75.0,70.37,3
83.33,80.0,87.18,66.67,73.33,81.25,81.48,3
50.0,36.0,38.46,43.33,46.67,37.5,37.04,1
33.33,36.0,35.9,46.67,50.0,43.75,38.89,1
83.33,76.0,79.49,73.33,90.0,87.5,88.89,3
66.67,72.0,66.67,73.33,73.33,81.25,68.52,3
33.33,28.0,23.08,20.0,80.0,62.5,79.63,1
16.67,12.0,53.85,46.67,66.67,31.25,57.41,1
66.67,72.0,74.36,70.0,73.33,68.75,83.33,3
50.0,40.0,12.82,20.0,50.0,50.0,61.11,1
83.33,68.0,69.23,60.0,66.67,50.0,53.7,2
50.0,68.0,53.85,63.33,76.67,50.0,81.48,2
50.0,56.0,46.15,56.67,50.0,56.25,46.3,2
66.67,72.0,69.23,73.33,93.33,81.25,92.59,3
66.67,64.0,56.41,73.33,20.0,18.75,18.52,1
83.33,96.0,74.36,86.67,70.0,75.0,70.37,3
33.33,56.0,15.38,26.67,33.33,31.25,37.04,1
50.0,76.0,82.05,76.67,80.0,81.25,79.63,3
66.67,76.0,94.87,83.33,83.33,87.5,72.22,3
66.67,52.0,64.1,60.0,26.67,37.5,31.48,1
66.67,48.0,82.05,76.67,53.33,75.0,70.37,2
83.33,80.0,82.05,73.33,73.33,75.0,79.63,3
66.67,76.0,84.62,83.33,46.67,50.0,61.11,2
83.33,56.0,56.41,56.67,60.0,50.0,55.56,2
16.67,12.0,20.51,20.0,60.0,75.0,74.07,1
66.67,72.0,74.36,90.0,16.67,18.75,20.37,1
83.33,72.0,64.1,66.67,90.0,87.5,83.33,3
50.0,64.0,74.36,60.0,63.33,62.5,74.07,2
66.67,80.0,74.36,70.0,86.67,75.0,87.04,3
33.33,16.0,41.03,20.0,66.67,12.5,57.41,1
100.0,88.0,89.74,90.0,90.0,87.5,90.74,3
83.33,88.0,87.18,93.33,66.67,75.0,62.96,3
50.0,40.0,43.59,43.33,50.0,43.75,50.0,2
83.33,72.0,84.62,66.67,46.67,56.25,42.59,2
66.67,12.0,41.03,23.33,40.0,25.0,35.19,1
66.67,64.0,76.92,80.0,50.0,75.0,68.52,2
100.0,96.0,66.67,80.0,36.67,25.0,35.19,1
100.0,88.0,89.74,86.67,86.67,93.75,92.59,3
83.33,76.0,84.62,76.67,70.0,87.5,72.22,3
16.67,40.0,51.28,20.0,60.0,56.25,51.85,1
16.67,32.0,20.51,23.33,60.0,75.0,70.37,1
66.67,56.0,46.15,66.67,53.33,56.25,62.96,2
66.67,68.0,71.79,50.0,70.0,68.75,64.81,2
50.0,44.0,66.67,53.33,56.67,56.25,64.81,2
66.67,72.0,66.67,63.33,73.33,75.0,74.07,3
83.33,20.0,30.77,30.0,36.67,12.5,7.41,1
83.33,84.0,53.85,73.33,76.67,81.25,83.33,3
50.0,36.0,38.46,33.33,40.0,37.5,42.59,1
100.0,92.0,87.18,93.33,100.0,81.25,87.04,3
50.0,60.0,61.54,63.33,66.67,62.5,59.26,2
83.33,80.0,61.54,86.67,86.67,87.5,88.89,3
83.33,72.0,97.44,83.33,43.33,50.0,48.15,2
50.0,20.0,23.08,26.67,66.67,81.25,72.22,1
66.67,68.0,71.79,63.33,63.33,68.75,48.15,2
66.67,64.0,53.85,66.67,63.33,50.0,68.52,2
83.33,76.0,87.18,86.67,53.33,37.5,53.7,2
66.67,72.0,74.36,83.33,80.0,62.5,85.19,3
66.67,40.0,35.9,36.67,23.33,31.25,16.67,1
66.67,80.0,66.67,70.0,66.67,68.75,50.0,2
50.0,64.0,51.28,56.67,93.33,81.25,83.33,2
50.0,40.0,58.97,40.0,60.0,62.5,61.11,2
66.67,80.0,76.92,73.33,93.33,81.25,81.48,3
33.33,52.0,41.03,30.0,43.33,37.5,44.44,1
66.67,80.0,69.23,73.33,86.67,87.5,75.93,3
33.33,20.0,17.95,26.67,40.0,31.25,33.33,1
50.0,80.0,79.49,93.33,83.33,93.75,83.33,3
66.67,72.0,89.74,76.67,26.67,31.25,24.07,1
66.67,48.0,43.59,73.33,70.0,68.75,61.11,2
83.33,92.0,87.18,83.33,93.33,100.0,88.89,3
66.67,72.0,79.49,76.67,83.33,93.75,96.3,3
83.33,88.0,82.05,83.33,83.33,56.25,79.63,3
100.0,76.0,84.62,100.0,66.67,68.75,79.63,3
50.0,40.0,38.46,43.33,30.0,37.5,37.04,1
50.0,48.0,41.03,43.33,53.33,43.75,55.56,2
16.67,32.0,20.51,16.67,70.0,75.0,57.41,1
100.0,76.0,82.05,76.67,86.67,93.75,87.04,3
66.67,68.0,69.23,73.33,73.33,62.5,44.44,2
66.67,64.0,71.79,80.0,30.0,25.0,35.19,1
83.33,88.0,92.31,86.67,80.0,62.5,70.37,3
33.33,32.0,33.33,40.0,43.33,62.5,51.85,1
33.33,40.0,38.46,40.0,40.0,50.0,46.3,1
33.33,48.0,25.64,23.33,30.0,25.0,35.19,1
100.0,92.0,87.18,93.33,80.0,93.75,83.33,3
33.33,28.0,41.03,20.0,73.33,56.25,81.48,1
33.33,28.0,28.21,26.67,56.67,81.25,81.48,1
66.67,60.0,66.67,66.67,83.33,43.75,70.37,2
83.33,84.0,74.36,90.0,76.67,68.75,68.52,3
33.33,24.0,12.82,23.33,66.67,68.75,66.67,1
66.67,68.0,69.23,80.0,50.0,56.25,42.59,2
100.0,88.0,94.87,83.33,93.33,87.5,92.59,3
66.67,72.0,71.79,83.33,20.0,18.75,27.78,1
83.33,72.0,74.36,76.67,56.67,50.0,51.85,2
83.33,44.0,33.33,26.67,30.0,25.0,33.33,1
83.33,76.0,82.05,76.67,73.33,81.25,81.48,3
83.33,36.0,17.95,30.0,30.0,18.75,48.15,1
66.67,64.0,71.79,43.33,66.67,62.5,64.81,2
83.33,68.0,71.79,73.33,83.33,81.25,90.74,3
100.0,96.0,89.74,86.67,83.33,87.5,88.89,3
50.0,80.0,51.28,60.0,76.67,75.0,50.0,2
83.33,32.0,25.64,46.67,43.33,25.0,27.78,1
66.67,48.0,51.28,56.67,26.67,31.25,35.19,1
83.33,36.0,28.21,26.67,10.0,25.0,35.19,1
66.67,80.0,69.23,46.67,70.0,68.75,70.37,2
66.67,56.0,51.28,50.0,56.67,56.25,50.0,2
66.67,76.0,74.36,66.67,70.0,50.0,68.52,2
66.67,72.0,69.23,66.67,76.67,75.0,74.07,3
66.67,80.0,66.67,86.67,10.0,18.75,31.48,1
66.67,52.0,53.85,53.33,66.67,50.0,74.07,2
16.67,24.0,30.77,16.67,76.67,75.0,66.67,1
66.67,68.0,66.67,56.67,66.67,43.75,64.81,2
83.33,0.0,17.95,33.33,36.67,25.0,24.07,1
16.67,36.0,17.95,30.0,16.67,25.0,42.59,1
50.0,52.0,53.85,50.0,80.0,75.0,85.19,2
33.33,24.0,30.77,26.67,63.33,81.25,68.52,1
100.0,88.0,84.62,93.33,80.0,87.5,94.44,3
50.0,48.0,66.67,50.0,83.33,68.75,83.33,2
16.67,28.0,20.51,13.33,86.67,75.0,57.41,1
83.33,84.0,74.36,70.0,80.0,87.5,59.26,3
50.0,16.0,12.82,53.33,26.67,50.0,55.56,1
50.0,52.0,53.85,43.33,40.0,43.75,55.56,2
66.67,76.0,82.05,46.67,73.33,62.5,50.0,2
66.67,52.0,66.67,53.33,46.67,56.25,53.7,2
66.67,16.0,35.9,26.67,33.33,31.25,25.93,1
83.33,80.0,89.74,80.0,80.0,56.25,79.63,3
83.33,44.0,74.36,63.33,46.67,43.75,72.22,2
83.33,36.0,43.59,36.67,20.0,12.5,40.74,1
83.33,88.0,82.05,86.67,66.67,68.75,72.22,3
50.0,40.0,43.59,53.33,66.67,68.75,79.63,2
16.67,48.0,48.72,16.67,43.33,43.75,20.37,1
66.67,68.0,61.54,70.0,50.0,75.0,77.78,2
66.67,64.0,69.23,66.67,40.0,62.5,51.85,2
83.33,16.0,20.51,63.33,50.0,31.25,42.59,1
83.33,88.0,74.36,83.33,76.67,68.75,68.52,3
33.33,32.0,35.9,43.33,36.67,37.5,38.89,1
83.33,72.0,53.85,70.0,73.33,68.75,66.67,2
83.33,24.0,43.59,26.67,23.33,25.0,33.33,1
33.33,12.0,38.46,26.67,23.33,18.75,44.44,1
83.33,76.0,82.05,90.0,40.0,62.5,50.0,2
50.0,52.0,56.41,53.33,53.33,50.0,51.85,2
66.67,64.0,79.49,70.0,80.0,87.5,83.33,3
83.33,68.0,64.1,63.33,76.67,68.75,74.07,3
66.67,56.0,66.67,40.0,50.0,62.5,81.48,2
50.0,48.0,58.97,50.0,60.0,56.25,51.85,2
33.33,20.0,28.21,23.33,80.0,68.75,64.81,1
33.33,48.0,35.9,33.33,46.67,31.25,27.78,1
66.67,24.0,28.21,23.33,30.0,18.75,37.04,1
33.33,16.0,20.51,23.33,76.67,68.75,85.19,1
83.33,48.0,30.77,33.33,43.33,37.5,38.89,1
66.67,64.0,84.62,76.67,60.0,37.5,53.7,2
50.0,48.0,71.79,56.67,53.33,56.25,57.41,2
66.67,56.0,58.97,53.33,83.33,81.25,74.07,2
83.33,92.0,89.74,93.33,86.67,87.5,83.33,3
83.33,60.0,61.54,70.0,73.33,50.0,38.89,2
66.67,56.0,53.85,50.0,70.0,56.25,51.85,2
66.67,72.0,69.23,76.67,70.0,75.0,74.07,3
66.67,76.0,79.49,70.0,86.67,87.5,83.33,3
83.33,72.0,97.44,86.67,86.67,75.0,77.78,3
16.67,40.0,20.51,30.0,33.33,43.75,31.48,1
66.67,76.0,69.23,80.0,90.0,75.0,87.04,3
50.0,48.0,48.72,46.67,46.67,43.75,48.15,2
83.33,72.0,76.92,70.0,83.33,93.75,90.74,3
83.33,84.0,82.05,86.67,50.0,56.25,40.74,2
83.33,84.0,79.49,80.0,70.0,81.25,68.52,3
83.33,88.0,84.62,60.0,83.33,87.5,83.33,3
66.67,72.0,66.67,73.33,73.33,68.75,81.48,3
50.0,68.0,66.67,66.67,63.33,68.75,68.52,2
66.67,76.0,82.05,80.0,80.0,81.25,81.48,3
83.33,64.0,69.23,76.67,26.67,12.5,37.04,1
33.33,48.0,51.28,50.0,53.33,43.75,59.26,2
66.67,68.0,79.49,63.33,26.67,18.75,25.93,1
66.67,64.0,71.79,70.0,73.33,68.75,48.15,2
83.33,92.0,89.74,76.67,66.67,81.25,72.22,3
100.0,88.0,97.44,93.33,73.33,68.75,75.93,3
33.33,12.0,15.38,56.67,63.33,37.5,25.93,1
66.67,72.0,64.1,43.33,66.67,56.25,70.37,2
66.67,60.0,64.1,80.0,80.0,93.75,92.59,3
66.67,44.0,56.41,50.0,60.0,87.5,77.78,2
50.0,36.0,30.77,26.67,36.67,18.75,27.78,1
83.33,68.0,71.79,40.0,63.33,75.0,61.11,2
33.33,24.0,25.64,43.33,50.0,37.5,20.37,1
83.33,28.0,7.69,20.0,43.33,18.75,20.37,1
33.33,48.0,28.21,36.67,13.33,37.5,37.04,1
83.33,16.0,7.69,30.0,40.0,25.0,33.33,1
33.33,28.0,35.9,33.33,76.67,62.5,62.96,1
66.67,76.0,74.36,73.33,83.33,93.75,85.19,3
50.0,56.0,64.1,63.33,73.33,62.5,57.41,2
66.67,56.0,41.03,63.33,80.0,62.5,51.85,2
83.33,84.0,100.0,86.67,86.67,87.5,79.63,3
83.33,88.0,92.31,83.33,100.0,87.5,88.89,3
83.33,72.0,82.05,43.33,26.67,18.75,31.48,1
66.67,68.0,79.49,53.33,46.67,56.25,51.85,2
33.33,20.0,15.38,16.67,76.67,75.0,75.93,1
66.67,56.0,74.36,43.33,63.33,50.0,75.93,2
33.33,24.0,17.95,23.33,53.33,75.0,81.48,1
16.67,24.0,30.77,26.67,56.67,81.25,75.93,1
66.67,76.0,71.79,73.33,70.0,75.0,70.37,3
50.0,60.0,74.36,73.33,53.33,62.5,87.04,2
66.67,68.0,66.67,66.67,86.67,87.5,75.93,3
83.33,80.0,82.05,73.33,76.67,87.5,70.37,3
83.33,88.0,82.05,56.67,90.0,81.25,83.33,3
16.67,32.0,25.64,26.67,56.67,75.0,64.81,1
83.33,92.0,87.18,100.0,73.33,81.25,77.78,3
83.33,80.0,76.92,70.0,90.0,87.5,94.44,3
16.67,32.0,35.9,36.67,53.33,68.75,53.7,1
66.67,68.0,64.1,70.0,90.0,87.5,88.89,3
83.33,76.0,56.41,86.67,76.67,81.25,72.22,3
66.67,56.0,20.51,16.67,60.0,56.25,14.81,1
83.33,100.0,84.62,90.0,86.67,87.5,90.74,3
66.67,64.0,82.05,83.33,53.33,50.0,62.96,2
33.33,20.0,23.08,16.67,66.67,62.5,72.22,1
33.33,32.0,28.21,30.0,33.33,31.25,22.22,1
33.33,16.0,20.51,26.67,20.0,31.25,42.59,1
83.33,80.0,69.23,86.67,40.0,56.25,50.0,2
50.0,52.0,64.1,43.33,73.33,81.25,74.07,2
83.33,72.0,79.49,76.67,53.33,37.5,57.41,2
66.67,68.0,69.23,66.67,66.67,43.75,70.37,2
66.67,84.0,87.18,90.0,60.0,75.0,87.04,3
50.0,52.0,58.97,56.67,66.67,56.25,64.81,2
100.0,92.0,92.31,90.0,93.33,81.25,87.04,3
66.67,88.0,61.54,83.33,30.0,31.25,11.11,1
16.67,24.0,25.64,23.33,93.33,68.75,72.22,1
66.67,52.0,53.85,73.33,70.0,50.0,42.59,2
50.0,52.0,46.15,40.0,73.33,75.0,79.63,2
16.67,20.0,30.77,13.33,73.33,68.75,70.37,1
66.67,72.0,66.67,60.0,36.67,75.0,55.56,2
83.33,24.0,33.33,30.0,26.67,37.5,24.07,1
50.0,44.0,28.21,23.33,33.33,25.0,14.81,1
66.67,96.0,71.79,73.33,40.0,62.5,57.41,2
83.33,60.0,79.49,70.0,20.0,37.5,18.52,1
66.67,72.0,71.79,66.67,16.67,12.5,12.96,1
16.67,16.0,20.51,26.67,86.67,75.0,64.81,1
33.33,32.0,30.77,23.33,73.33,62.5,74.07,1
83.33,84.0,74.36,80.0,53.33,56.25,50.0,2
33.33,32.0,12.82,26.67,43.33,25.0,42.59,1
83.33,76.0,79.49,70.0,50.0,43.75,46.3,2
83.33,32.0,30.77,26.67,33.33,18.75,35.19,1
83.33,36.0,28.21,26.67,23.33,31.25,35.19,1
66.67,72.0,69.23,76.67,76.67,75.0,66.67,3
33.33,36.0,43.59,40.0,33.33,37.5,37.04,1
50.0,48.0,51.28,56.67,46.67,43.75,40.74,2
16.67,24.0,30.77,16.67,66.67,75.0,68.52,1
33.33,28.0,30.77,30.0,60.0,50.0,59.26,1
66.67,76.0,71.79,66.67,76.67,75.0,77.78,3
50.0,80.0,61.54,60.0,66.67,75.0,64.81,2
66.67,72.0,74.36,73.33,83.33,87.5,85.19,3
66.67,84.0,82.05,76.67,46.67,56.25,53.7,2
16.67,36.0,46.15,16.67,26.67,37.5,53.7,1
16.67,16.0,17.95,16.67,50.0,62.5,85.19,1
83.33,76.0,87.18,80.0,80.0,81.25,77.78,3
66.67,72.0,79.49,70.0,73.33,87.5,87.04,3
83.33,76.0,58.97,86.67,86.67,87.5,88.89,3
83.33,60.0,38.46,83.33,70.0,62.5,61.11,2
66.67,68.0,38.46,63.33,50.0,50.0,50.0,2
50.0,36.0,48.72,43.33,46.67,43.75,48.15,2
66.67,64.0,69.23,60.0,66.67,43.75,70.37,2
66.67,52.0,61.54,73.33,50.0,56.25,53.7,2
83.33,24.0,23.08,30.0,30.0,31.25,37.04,1
50.0,44.0,43.59,43.33,53.33,56.25,42.59,2
83.33,84.0,92.31,93.33,93.33,93.75,74.07,3
50.0,60.0,58.97,53.33,50.0,62.5,55.56,2
83.33,80.0,71.79,73.33,93.33,87.5,94.44,3
66.67,56.0,58.97,53.33,53.33,50.0,57.41,2
66.67,80.0,79.49,76.67,86.67,81.25,79.63,3
83.33,76.0,74.36,76.67,90.0,87.5,85.19,3
50.0,44.0,46.15,50.0,50.0,56.25,46.3,2
83.33,12.0,12.82,40.0,30.0,37.5,37.04,1
66.67,60.0,43.59,70.0,63.33,62.5,68.52,2
33.33,16.0,61.54,20.0,53.33,31.25,35.19,1
16.67,44.0,7.69,53.33,33.33,68.75,22.22,1
100.0,92.0,89.74,93.33,80.0,93.75,100.0,3
66.67,72.0,66.67,73.33,90.0,87.5,96.3,3
50.0,44.0,46.15,46.67,50.0,43.75,38.89,2
66.67,92.0,69.23,73.33,20.0,18.75,31.48,1
83.33,92.0,82.05,90.0,66.67,62.5,70.37,3
33.33,32.0,35.9,40.0,50.0,31.25,35.19,1
66.67,84.0,61.54,76.67,20.0,25.0,25.93,1
66.67,64.0,53.85,70.0,43.33,75.0,57.41,2
83.33,96.0,82.05,76.67,76.67,68.75,64.81,3
50.0,52.0,41.03,46.67,86.67,75.0,83.33,2
50.0,72.0,61.54,56.67,43.33,56.25,77.78,2
66.67,68.0,58.97,63.33,46.67,68.75,68.52,2
33.33,60.0,53.85,50.0,83.33,75.0,94.44,2
50.0,48.0,69.23,63.33,60.0,56.25,50.0,2
16.67,24.0,35.9,26.67,76.67,62.5,70.37,1
66.67,72.0,82.05,73.33,80.0,75.0,72.22,3
66.67,52.0,79.49,70.0,63.33,62.5,62.96,2
66.67,68.0,74.36,63.33,96.67,87.5,92.59,3
66.67,60.0,56.41,43.33,50.0,56.25,61.11,2
83.33,76.0,82.05,70.0,86.67,81.25,70.37,3
50.0,68.0,64.1,63.33,66.67,50.0,48.15,2
66.67,84.0,84.62,60.0,20.0,31.25,16.67,1
83.33,72.0,76.92,80.0,66.67,68.75,66.67,3
100.0,80.0,76.92,60.0,90.0,81.25,81.48,3
50.0,52.0,56.41,40.0,80.0,75.0,96.3,2
66.67,64.0,58.97,60.0,80.0,68.75,77.78,2
50.0,16.0,10.26,50.0,36.67,25.0,51.85,1
83.33,68.0,69.23,70.0,86.67,93.75,92.59,3
33.33,20.0,20.51,33.33,60.0,75.0,70.37,1
50.0,40.0,61.54,46.67,53.33,12.5,9.26,1
66.67,72.0,71.79,80.0,70.0,75.0,46.3,2
66.67,72.0,76.92,76.67,76.67,81.25,85.19,3
66.67,68.0,53.85,73.33,83.33,68.75,68.52,2
83.33,100.0,100.0,86.67,100.0,87.5,88.89,3
50.0,40.0,48.72,50.0,50.0,50.0,50.0,2
66.67,80.0,82.05,76.67,56.67,56.25,59.26,2
83.33,68.0,66.67,70.0,73.33,50.0,74.07,2
50.0,64.0,43.59,76.67,73.33,43.75,75.93,2
50.0,60.0,64.1,70.0,53.33,50.0,50.0,2
83.33,92.0,84.62,86.67,90.0,81.25,88.89,3
83.33,84.0,87.18,56.67,80.0,81.25,77.78,3
33.33,16.0,20.51,50.0,50.0,50.0,25.93,1
83.33,72.0,76.92,73.33,70.0,68.75,72.22,3
16.67,52.0,51.28,66.67,23.33,37.5,22.22,1
33.33,36.0,38.46,43.33,36.67,37.5,44.44,1
66.67,68.0,64.1,63.33,96.67,93.75,92.59,3
50.0,40.0,87.18,63.33,70.0,43.75,77.78,2
83.33,80.0,84.62,86.67,50.0,50.0,44.44,2
50.0,52.0,56.41,53.33,50.0,43.75,57.41,2
66.67,80.0,71.79,46.67,63.33,68.75,66.67,2
83.33,92.0,89.74,90.0,70.0,75.0,74.07,3
33.33,40.0,35.9,40.0,43.33,31.25,35.19,1
50.0,92.0,69.23,86.67,80.0,75.0,74.07,3
66.67,84.0,66.67,73.33,76.67,68.75,74.07,3
83.33,76.0,71.79,70.0,90.0,93.75,98.15,3
83.33,52.0,64.1,53.33,56.67,75.0,51.85,2
83.33,92.0,89.74,90.0,96.67,81.25,94.44,3
50.0,48.0,58.97,43.33,80.0,87.5,77.78,2
83.33,68.0,79.49,70.0,86.67,81.25,90.74,3
50.0,60.0,48.72,43.33,60.0,75.0,85.19,2
33.33,32.0,46.15,36.67,46.67,37.5,20.37,1
66.67,88.0,71.79,83.33,46.67,56.25,57.41,2
83.33,92.0,92.31,90.0,100.0,87.5,94.44,3
66.67,48.0,48.72,56.67,70.0,87.5,75.93,2
83.33,36.0,46.15,26.67,26.67,31.25,38.89,1
83.33,24.0,33.33,10.0,33.33,37.5,33.33,1
33.33,24.0,25.64,36.67,76.67,68.75,87.04,1
66.67,56.0,56.41,63.33,36.67,31.25,29.63,1
33.33,40.0,41.03,30.0,36.67,37.5,48.15,1
66.67,80.0,76.92,76.67,76.67,68.75,77.78,3
100.0,88.0,92.31,90.0,93.33,87.5,92.59,3
50.0,68.0,74.36,60.0,66.67,68.75,62.96,2
66.67,56.0,69.23,73.33,23.33,12.5,24.07,1
83.33,28.0,17.95,46.67,30.0,43.75,37.04,1
16.67,36.0,20.51,3.33,93.33,56.25,66.67,1
50.0,36.0,38.46,46.67,33.33,43.75,40.74,1
66.67,68.0,51.28,60.0,76.67,68.75,48.15,2
50.0,8.0,38.46,33.33,33.33,18.75,55.56,1
33.33,52.0,56.41,23.33,13.33,25.0,50.0,1
66.67,20.0,23.08,20.0,23.33,25.0,20.37,1
66.67,72.0,79.49,83.33,30.0,25.0,33.33,1
83.33,80.0,82.05,86.67,63.33,68.75,87.04,3
66.67,76.0,66.67,76.67,73.33,75.0,66.67,3
33.33,40.0,33.33,30.0,30.0,31.25,27.78,1
16.67,32.0,35.9,26.67,30.0,25.0,20.37,1
100.0,88.0,87.18,100.0,96.67,87.5,88.89,3
83.33,72.0,76.92,70.0,70.0,68.75,66.67,3
33.33,32.0,15.38,26.67,63.33,62.5,68.52,1
33.33,28.0,43.59,33.33,30.0,37.5,44.44,1
100.0,88.0,89.74,83.33,93.33,93.75,87.04,3
16.67,24.0,35.9,26.67,83.33,75.0,74.07,1
83.33,76.0,69.23,73.33,76.67,68.75,70.37,3
66.67,68.0,66.67,70.0,46.67,75.0,70.37,2
66.67,72.0,76.92,70.0,70.0,68.75,72.22,3
83.33,32.0,38.46,16.67,30.0,25.0,20.37,1
66.67,20.0,25.64,40.0,13.33,31.25,40.74,1
50.0,52.0,66.67,53.33,33.33,31.25,37.04,1
66.67,80.0,61.54,70.0,50.0,68.75,70.37,2
100.0,88.0,87.18,83.33,70.0,75.0,74.07,3
66.67,68.0,74.36,73.33,83.33,81.25,85.19,3
50.0,56.0,48.72,56.67,60.0,62.5,64.81,2
83.33,76.0,82.05,83.33,80.0,81.25,92.59,3
16.67,20.0,30.77,26.67,60.0,68.75,79.63,1
50.0,52.0,66.67,43.33,73.33,87.5,64.81,2
33.33,40.0,17.95,43.33,16.67,37.5,38.89,1
83.33,80.0,64.1,90.0,53.33,50.0,61.11,2
66.67,60.0,66.67,80.0,46.67,50.0,66.67,2
33.33,28.0,23.08,16.67,80.0,75.0,81.48,1
66.67,64.0,61.54,70.0,60.0,56.25,61.11,2
33.33,32.0,30.77,53.33,20.0,25.0,38.89,1
66.67,52.0,53.85,80.0,66.67,62.5,40.74,2
66.67,52.0,82.05,56.67,63.33,81.25,51.85,2
50.0,80.0,74.36,70.0,70.0,75.0,70.37,2
33.33,20.0,23.08,26.67,60.0,93.75,74.07,1
83.33,96.0,84.62,90.0,66.67,68.75,77.78,3
66.67,72.0,74.36,73.33,70.0,68.75,68.52,3
83.33,72.0,69.23,80.0,93.33,81.25,87.04,3
66.67,72.0,82.05,70.0,76.67,75.0,74.07,3
100.0,96.0,94.87,90.0,73.33,75.0,74.07,3
50.0,60.0,64.1,53.33,56.67,56.25,55.56,2
66.67,44.0,53.85,60.0,46.67,68.75,77.78,2
50.0,48.0,17.95,20.0,46.67,43.75,14.81,1
83.33,84.0,89.74,83.33,83.33,62.5,72.22,3
83.33,84.0,94.87,83.33,93.33,93.75,94.44,3
66.67,76.0,74.36,73.33,66.67,75.0,70.37,3
83.33,24.0,30.77,53.33,30.0,31.25,16.67,1
83.33,92.0,87.18,90.0,90.0,93.75,87.04,3
66.67,72.0,61.54,76.67,93.33,100.0,79.63,3
50.0,56.0,51.28,56.67,86.67,87.5,85.19,2
50.0,48.0,53.85,13.33,53.33,25.0,48.15,1
50.0,48.0,46.15,60.0,80.0,68.75,87.04,2
66.67,76.0,82.05,63.33,46.67,68.75,64.81,2
83.33,84.0,89.74,96.67,70.0,81.25,75.93,3
83.33,84.0,87.18,80.0,76.67,93.75,57.41,3
66.67,72.0,82.05,76.67,70.0,81.25,75.93,3
83.33,36.0,43.59,40.0,20.0,31.25,29.63,1
100.0,92.0,87.18,93.33,66.67,68.75,75.93,3
66.67,76.0,66.67,70.0,90.0,87.5,87.04,3
66.67,84.0,71.79,80.0,76.67,87.5,90.74,3
66.67,56.0,48.72,76.67,66.67,62.5,72.22,2
83.33,84.0,92.31,96.67,63.33,75.0,72.22,3
50.0,52.0,48.72,56.67,83.33,93.75,87.04,2
66.67,28.0,33.33,36.67,33.33,31.25,35.19,1
83.33,84.0,71.79,66.67,63.33,75.0,75.93,3
83.33,52.0,84.62,90.0,80.0,68.75,87.04,3
50.0,72.0,46.15,70.0,66.67,56.25,66.67,2
66.67,60.0,46.15,46.67,66.67,81.25,87.04,2
50.0,56.0,48.72,46.67,83.33,68.75,94.44,2
66.67,72.0,76.92,73.33,96.67,87.5,92.59,3
66.67,76.0,76.92,83.33,73.33,75.0,81.48,3
66.67,44.0,48.72,53.33,63.33,75.0,51.85,2
66.67,56.0,64.1,56.67,60.0,56.25,57.41,2
83.33,72.0,82.05,60.0,80.0,100.0,81.48,3
83.33,84.0,82.05,60.0,50.0,37.5,55.56,2
83.33,60.0,84.62,76.67,86.67,93.75,85.19,3
83.33,96.0,97.44,83.33,66.67,75.0,77.78,3
50.0,60.0,64.1,60.0,70.0,75.0,74.07,2
83.33,92.0,87.18,96.67,66.67,75.0,74.07,3
66.67,76.0,61.54,70.0,13.33,25.0,24.07,1
100.0,96.0,89.74,96.67,70.0,81.25,75.93,3
83.33,56.0,82.05,73.33,80.0,87.5,81.48,3
83.33,68.0,74.36,73.33,86.67,93.75,88.89,3
83.33,84.0,87.18,86.67,86.67,81.25,50.0,3
66.67,48.0,79.49,80.0,33.33,12.5,31.48,1
33.33,52.0,61.54,56.67,63.33,68.75,83.33,2
50.0,48.0,46.15,50.0,50.0,50.0,50.0,2
66.67,68.0,76.92,73.33,56.67,56.25,42.59,2
83.33,84.0,92.31,83.33,76.67,75.0,74.07,3
83.33,72.0,71.79,76.67,90.0,81.25,79.63,3
66.67,68.0,76.92,70.0,63.33,68.75,48.15,2
50.0,56.0,71.79,50.0,63.33,62.5,66.67,2
66.67,72.0,74.36,70.0,73.33,68.75,72.22,3
50.0,48.0,53.85,80.0,53.33,56.25,53.7,2
66.67,68.0,71.79,63.33,66.67,68.75,44.44,2
83.33,68.0,82.05,46.67,23.33,12.5,25.93,1
50.0,72.0,58.97,66.67,76.67,68.75,48.15,2
50.0,40.0,51.28,53.33,80.0,62.5,70.37,2
33.33,24.0,33.33,33.33,36.67,25.0,31.48,1
50.0,60.0,48.72,46.67,90.0,75.0,88.89,2
33.33,36.0,23.08,20.0,23.33,37.5,25.93,1
66.67,24.0,35.9,20.0,30.0,25.0,24.07,1
33.33,24.0,30.77,13.33,73.33,56.25,59.26,1
66.67,64.0,61.54,73.33,33.33,31.25,31.48,1
66.67,68.0,66.67,76.67,70.0,43.75,70.37,2
83.33,84.0,87.18,86.67,70.0,75.0,72.22,3
83.33,56.0,89.74,76.67,73.33,87.5,74.07,3
83.33,84.0,82.05,93.33,90.0,87.5,100.0,3
66.67,60.0,71.79,76.67,90.0,87.5,83.33,3
83.33,76.0,87.18,70.0,26.67,12.5,29.63,1
66.67,72.0,66.67,76.67,86.67,87.5,83.33,3
66.67,40.0,61.54,56.67,53.33,68.75,53.7,2
33.33,48.0,38.46,36.67,30.0,43.75,35.19,1
50.0,52.0,56.41,43.33,80.0,81.25,83.33,2
83.33,80.0,76.92,53.33,73.33,93.75,88.89,3
83.33,72.0,74.36,70.0,80.0,81.25,68.52,3
16.67,16.0,23.08,33.33,36.67,37.5,25.93,1
33.33,40.0,46.15,36.67,36.67,37.5,33.33,1
83.33,76.0,89.74,73.33,60.0,62.5,55.56,2
83.33,88.0,71.79,86.67,76.67,81.25,62.96,3
83.33,84.0,87.18,90.0,70.0,81.25,68.52,3
50.0,68.0,53.85,40.0,53.33,43.75,46.3,2
83.33,40.0,35.9,10.0,20.0,43.75,22.22,1
16.67,36.0,20.51,30.0,86.67,62.5,79.63,1
83.33,64.0,76.92,80.0,76.67,81.25,79.63,3
66.67,88.0,74.36,80.0,46.67,50.0,64.81,2
50.0,52.0,43.59,40.0,50.0,50.0,40.74,2
83.33,80.0,74.36,63.33,86.67,81.25,94.44,3
83.33,72.0,79.49,66.67,80.0,75.0,83.33,3
66.67,72.0,71.79,73.33,66.67,75.0,75.93,3
33.33,36.0,33.33,33.33,33.33,50.0,35.19,1
50.0,52.0,51.28,40.0,50.0,43.75,46.3,2
83.33,80.0,69.23,86.67,73.33,87.5,77.78,3
83.33,92.0,87.18,83.33,96.67,87.5,94.44,3
33.33,32.0,25.64,43.33,43.33,12.5,25.93,1
50.0,52.0,69.23,66.67,46.67,81.25,64.81,2
83.33,80.0,94.87,56.67,70.0,81.25,83.33,3
66.67,80.0,64.1,46.67,66.67,68.75,68.52,2
50.0,40.0,53.85,43.33,53.33,50.0,42.59,2
16.67,28.0,25.64,23.33,26.67,43.75,33.33,1
33.33,40.0,12.82,26.67,23.33,37.5,27.78,1
66.67,64.0,56.41,53.33,70.0,68.75,77.78,2
50.0,40.0,46.15,56.67,70.0,75.0,74.07,2
66.67,64.0,58.97,46.67,53.33,56.25,51.85,2
66.67,68.0,71.79,73.33,73.33,75.0,72.22,3
50.0,88.0,51.28,76.67,46.67,62.5,77.78,2
100.0,36.0,33.33,23.33,23.33,50.0,24.07,1
66.67,44.0,51.28,50.0,56.67,62.5,66.67,2
50.0,52.0,56.41,53.33,76.67,75.0,75.93,2
50.0,64.0,46.15,43.33,40.0,50.0,53.7,2
83.33,84.0,89.74,86.67,90.0,75.0,55.56,3
66.67,76.0,74.36,70.0,50.0,75.0,68.52,2
50.0,48.0,51.28,40.0,53.33,50.0,42.59,2
66.67,68.0,69.23,73.33,70.0,75.0,77.78,3
66.67,60.0,87.18,70.0,60.0,43.75,55.56,2
66.67,68.0,76.92,80.0,83.33,93.75,92.59,3
83.33,68.0,79.49,76.67,46.67,50.0,51.85,2
16.67,44.0,30.77,26.67,43.33,25.0,46.3,1
83.33,72.0,76.92,66.67,73.33,68.75,74.07,3
83.33,80.0,89.74,100.0,63.33,68.75,66.67,3
83.33,68.0,41.03,66.67,70.0,68.75,64.81,2
50.0,40.0,33.33,46.67,50.0,31.25,40.74,1
100.0,84.0,76.92,73.33,83.33,56.25,72.22,3
83.33,80.0,71.79,73.33,70.0,87.5,75.93,3
83.33,68.0,51.28,66.67,16.67,31.25,25.93,1
66.67,64.0,51.28,46.67,66.67,81.25,50.0,2
83.33,88.0,87.18,90.0,73.33,68.75,75.93,3
66.67,72.0,71.79,66.67,46.67,62.5,81.48,2
100.0,80.0,82.05,86.67,86.67,93.75,94.44,3
50.0,48.0,48.72,53.33,53.33,43.75,48.15,2
66.67,72.0,66.67,66.67,100.0,87.5,96.3,3
66.67,68.0,74.36,46.67,73.33,68.75,75.93,2
83.33,96.0,92.31,86.67,60.0,75.0,83.33,3
50.0,20.0,23.08,50.0,40.0,43.75,40.74,1
50.0,56.0,43.59,33.33,76.67,75.0,79.63,2
16.67,44.0,35.9,46.67,50.0,37.5,12.96,1
50.0,56.0,51.28,50.0,63.33,68.75,79.63,2
66.67,72.0,48.72,66.67,70.0,68.75,61.11,2
33.33,24.0,33.33,26.67,83.33,68.75,77.78,1
66.67,36.0,30.77,30.0,36.67,25.0,33.33,1
50.0,52.0,53.85,73.33,73.33,56.25,42.59,2
66.67,80.0,51.28,66.67,20.0,31.25,22.22,1
100.0,80.0,94.87,86.67,63.33,62.5,75.93,3
66.67,68.0,69.23,66.67,83.33,87.5,88.89,3
66.67,76.0,69.23,70.0,76.67,75.0,75.93,3
83.33,68.0,69.23,70.0,66.67,68.75,74.07,3
33.33,20.0,28.21,26.67,53.33,68.75,87.04,1
33.33,36.0,33.33,46.67,33.33,31.25,48.15,1
50.0,52.0,51.28,63.33,73.33,68.75,57.41,2
66.67,76.0,79.49,73.33,66.67,75.0,72.22,3
66.67,76.0,89.74,80.0,26.67,18.75,14.81,1
50.0,68.0,69.23,66.67,23.33,12.5,35.19,1
16.67,32.0,25.64,43.33,36.67,37.5,38.89,1
100.0,80.0,89.74,96.67,86.67,81.25,94.44,3
50.0,48.0,48.72,46.67,46.67,50.0,40.74,2
33.33,32.0,30.77,23.33,86.67,68.75,85.19,1
66.67,64.0,71.79,73.33,86.67,87.5,90.74,3
83.33,84.0,89.74,86.67,73.33,68.75,75.93,3
66.67,72.0,71.79,73.33,73.33,75.0,75.93,3
50.0,52.0,53.85,53.33,20.0,62.5,20.37,1
66.67,12.0,51.28,20.0,50.0,18.75,57.41,1
50.0,12.0,15.38,40.0,33.33,62.5,42.59,1
66.67,76.0,79.49,76.67,83.33,93.75,85.19,3
100.0,92.0,89.74,86.67,86.67,87.5,92.59,3
100.0,48.0,33.33,10.0,30.0,31.25,24.07,1
50.0,44.0,43.59,40.0,40.0,31.25,37.04,1
83.33,68.0,74.36,70.0,70.0,81.25,72.22,3
50.0,56.0,43.59,43.33,46.67,43.75,46.3,2
66.67,56.0,48.72,56.67,93.33,87.5,75.93,2
16.67,20.0,25.64,23.33,53.33,62.5,68.52,1
66.67,76.0,61.54,83.33,20.0,18.75,27.78,1
50.0,36.0,43.59,60.0,60.0,68.75,62.96,2
100.0,84.0,92.31,90.0,100.0,87.5,87.04,3
16.67,32.0,30.77,16.67,56.67,75.0,55.56,1
83.33,76.0,84.62,66.67,46.67,50.0,51.85,2
66.67,48.0,61.54,56.67,63.33,43.75,53.7,2
66.67,80.0,76.92,66.67,90.0,75.0,85.19,3
66.67,64.0,46.15,36.67,73.33,56.25,87.04,2
66.67,88.0,84.62,76.67,76.67,87.5,70.37,3
100.0,56.0,66.67,73.33,20.0,18.75,18.52,1
66.67,88.0,71.79,86.67,53.33,50.0,46.3,2
66.67,52.0,58.97,63.33,53.33,50.0,79.63,2
50.0,48.0,46.15,66.67,60.0,43.75,74.07,2
83.33,52.0,97.44,70.0,26.67,12.5,24.07,1
83.33,84.0,79.49,90.0,86.67,93.75,92.59,3
50.0,64.0,51.28,76.67,76.67,56.25,48.15,2
83.33,72.0,76.92,83.33,80.0,81.25,79.63,3
83.33,88.0,84.62,83.33,90.0,75.0,59.26,3
83.33,36.0,35.9,23.33,30.0,37.5,38.89,1
66.67,68.0,66.67,66.67,86.67,87.5,83.33,3
50.0,48.0,53.85,16.67,43.33,43.75,20.37,1
50.0,48.0,58.97,56.67,50.0,50.0,51.85,2
33.33,44.0,43.59,50.0,36.67,37.5,31.48,1
83.33,64.0,82.05,83.33,80.0,81.25,79.63,3
66.67,72.0,71.79,66.67,43.33,62.5,66.67,2
83.33,76.0,71.79,73.33,76.67,68.75,90.74,3
66.67,84.0,84.62,83.33,83.33,81.25,75.93,3
66.67,80.0,82.05,73.33,80.0,93.75,74.07,3
16.67,24.0,28.21,20.0,80.0,68.75,61.11,1
66.67,52.0,66.67,70.0,16.67,31.25,29.63,1
66.67,52.0,64.1,46.67,46.67,43.75,55.56,2
83.33,72.0,66.67,70.0,70.0,68.75,77.78,3
33.33,24.0,30.77,30.0,70.0,75.0,70.37,1
66.67,76.0,48.72,60.0,83.33,56.25,59.26,2
33.33,32.0,10.26,43.33,36.67,25.0,14.81,1
66.67,32.0,48.72,40.0,23.33,25.0,12.96,1
50.0,40.0,38.46,50.0,46.67,43.75,55.56,2
33.33,28.0,23.08,13.33,60.0,56.25,70.37,1
66.67,80.0,69.23,76.67,50.0,43.75,55.56,2
83.33,84.0,71.79,80.0,50.0,50.0,38.89,2
50.0,40.0,48.72,53.33,46.67,56.25,38.89,2
66.67,80.0,79.49,73.33,83.33,81.25,81.48,3
100.0,92.0,92.31,90.0,90.0,87.5,87.04,3
66.67,68.0,51.28,63.33,66.67,56.25,57.41,2
33.33,0.0,30.77,20.0,46.67,43.75,40.74,1
83.33,40.0,15.38,23.33,33.33,43.75,55.56,1
66.67,68.0,48.72,66.67,60.0,68.75,68.52,2
16.67,32.0,35.9,13.33,26.67,25.0,29.63,1
66.67,80.0,79.49,83.33,83.33,50.0,77.78,3
66.67,80.0,87.18,76.67,80.0,75.0,83.33,3
50.0,60.0,61.54,56.67,73.33,50.0,51.85,2
16.67,20.0,23.08,20.0,90.0,93.75,96.3,1
100.0,92.0,89.74,93.33,93.33,93.75,83.33,3
66.67,68.0,79.49,73.33,93.33,87.5,88.89,3
50.0,40.0,56.41,40.0,53.33,43.75,51.85,2
83.33,92.0,79.49,86.67,83.33,87.5,90.74,3
83.33,84.0,94.87,86.67,86.67,93.75,92.59,3
83.33,84.0,74.36,73.33,80.0,75.0,72.22,3
83.33,68.0,82.05,66.67,76.67,81.25,72.22,3
33.33,4.0,35.9,26.67,23.33,50.0,33.33,1
16.67,16.0,51.28,30.0,40.0,31.25,20.37,1
66.67,68.0,64.1,63.33,33.33,31.25,25.93,1
100.0,84.0,87.18,96.67,86.67,87.5,88.89,3
50.0,40.0,51.28,40.0,50.0,56.25,40.74,2
50.0,56.0,51.28,53.33,43.33,62.5,57.41,2
50.0,48.0,41.03,66.67,80.0,75.0,66.67,2
83.33,16.0,25.64,33.33,30.0,37.5,38.89,1
83.33,80.0,87.18,80.0,60.0,50.0,59.26,2
50.0,60.0,79.49,70.0,53.33,50.0,75.93,2
66.67,68.0,69.23,73.33,90.0,87.5,85.19,3
33.33,40.0,38.46,46.67,36.67,37.5,46.3,1
83.33,56.0,66.67,66.67,83.33,56.25,62.96,2
33.33,48.0,30.77,33.33,36.67,37.5,42.59,1
33.33,48.0,43.59,53.33,73.33,75.0,88.89,2
50.0,56.0,66.67,60.0,50.0,56.25,50.0,2
83.33,80.0,51.28,90.0,76.67,75.0,90.74,3
50.0,68.0,64.1,60.0,76.67,75.0,68.52,2
50.0,56.0,38.46,53.33,76.67,81.25,77.78,2
83.33,44.0,48.72,56.67,66.67,50.0,79.63,2
33.33,24.0,28.21,40.0,60.0,75.0,66.67,1
83.33,68.0,61.54,50.0,76.67,50.0,83.33,2
66.67,88.0,76.92,76.67,66.67,50.0,51.85,2
50.0,56.0,74.36,63.33,63.33,75.0,44.44,2
83.33,84.0,64.1,73.33,53.33,56.25,50.0,2
33.33,44.0,33.33,30.0,33.33,43.75,29.63,1
50.0,56.0,58.97,56.67,76.67,81.25,70.37,2
83.33,20.0,25.64,43.33,26.67,43.75,16.67,1
66.67,56.0,46.15,6.67,46.67,18.75,61.11,1
66.67,72.0,76.92,70.0,73.33,68.75,66.67,3
83.33,76.0,79.49,76.67,73.33,75.0,74.07,3
83.33,76.0,66.67,70.0,66.67,75.0,75.93,3
33.33,28.0,25.64,23.33,83.33,62.5,70.37,1
16.67,36.0,20.51,33.33,33.33,37.5,25.93,1
16.67,52.0,48.72,20.0,50.0,12.5,53.7,1
83.33,68.0,79.49,60.0,30.0,25.0,12.96,1
83.33,88.0,94.87,93.33,90.0,93.75,98.15,3
66.67,76.0,64.1,73.33,90.0,93.75,92.59,3
66.67,96.0,79.49,76.67,50.0,37.5,40.74,2
16.67,20.0,23.08,26.67,80.0,62.5,72.22,1
66.67,76.0,84.62,70.0,53.33,43.75,55.56,2
66.67,76.0,66.67,76.67,33.33,12.5,25.93,1
83.33,88.0,94.87,86.67,90.0,93.75,85.19,3
83.33,92.0,94.87,86.67,90.0,100.0,90.74,3
83.33,72.0,76.92,73.33,86.67,87.5,87.04,3
66.67,68.0,48.72,66.67,73.33,68.75,75.93,2
50.0,48.0,25.64,13.33,43.33,12.5,55.56,1
50.0,56.0,58.97,56.67,46.67,50.0,72.22,2
83.33,68.0,82.05,76.67,26.67,12.5,37.04,1
66.67,80.0,74.36,80.0,83.33,93.75,85.19,3
83.33,88.0,94.87,86.67,90.0,87.5,92.59,3
83.33,92.0,84.62,93.33,76.67,75.0,74.07,3
66.67,68.0,71.79,73.33,76.67,75.0,72.22,3
33.33,44.0,48.72,50.0,50.0,43.75,55.56,2
66.67,76.0,69.23,80.0,73.33,68.75,74.07,3
83.33,92.0,84.62,90.0,70.0,81.25,75.93,3
66.67,68.0,82.05,76.67,96.67,87.5,88.89,3
50.0,44.0,46.15,46.67,46.67,37.5,44.44,2
33.33,36.0,53.85,40.0,43.33,56.25,33.33,1
83.33,88.0,84.62,86.67,100.0,87.5,90.74,3
50.0,36.0,38.46,36.67,40.0,43.75,38.89,1
83.33,80.0,79.49,80.0,70.0,75.0,96.3,3
66.67,96.0,76.92,63.33,26.67,18.75,25.93,1
100.0,84.0,87.18,83.33,90.0,87.5,92.59,3
83.33,92.0,97.44,100.0,83.33,87.5,88.89,3
83.33,88.0,76.92,76.67,46.67,43.75,50.0,2
66.67,72.0,71.79,76.67,73.33,75.0,74.07,3
33.33,36.0,38.46,43.33,36.67,37.5,40.74,1
66.67,76.0,48.72,53.33,43.33,68.75,75.93,2
50.0,64.0,51.28,46.67,50.0,43.75,44.44,2
83.33,84.0,82.05,83.33,56.67,81.25,79.63,3
83.33,68.0,74.36,76.67,80.0,75.0,83.33,3
66.67,48.0,71.79,83.33,70.0,62.5,51.85,2
66.67,60.0,58.97,50.0,73.33,62.5,66.67,2
50.0,56.0,23.08,46.67,63.33,43.75,25.93,1
33.33,32.0,33.33,36.67,56.67,62.5,62.96,1
66.67,72.0,61.54,73.33,50.0,68.75,68.52,2
66.67,80.0,66.67,70.0,80.0,81.25,100.0,3
33.33,36.0,41.03,20.0,26.67,31.25,29.63,1
83.33,92.0,89.74,86.67,83.33,93.75,88.89,3
83.33,80.0,71.79,83.33,63.33,37.5,57.41,2
83.33,80.0,71.79,83.33,53.33,56.25,40.74,2
66.67,68.0,64.1,46.67,43.33,56.25,57.41,2
50.0,48.0,43.59,46.67,80.0,81.25,75.93,2
66.67,84.0,87.18,93.33,60.0,50.0,53.7,2
16.67,16.0,28.21,23.33,80.0,75.0,90.74,1
66.67,76.0,74.36,73.33,76.67,75.0,75.93,3
16.67,20.0,28.21,20.0,76.67,75.0,79.63,1
100.0,92.0,89.74,86.67,70.0,68.75,77.78,3
83.33,76.0,84.62,86.67,53.33,81.25,87.04,3
66.67,60.0,51.28,56.67,70.0,81.25,72.22,2
50.0,12.0,15.38,43.33,13.33,62.5,53.7,1
50.0,92.0,82.05,83.33,86.67,75.0,92.59,3
66.67,68.0,38.46,66.67,53.33,62.5,61.11,2
50.0,52.0,58.97,53.33,70.0,87.5,81.48,2
33.33,24.0,28.21,23.33,86.67,81.25,64.81,1
66.67,48.0,35.9,73.33,53.33,87.5,55.56,2
33.33,32.0,30.77,30.0,40.0,43.75,40.74,1
50.0,56.0,53.85,50.0,86.67,81.25,72.22,2
66.67,52.0,66.67,70.0,30.0,25.0,31.48,1
50.0,64.0,46.15,63.33,60.0,56.25,55.56,2
50.0,84.0,69.23,56.67,20.0,12.5,25.93,1
66.67,72.0,74.36,73.33,76.67,87.5,96.3,3
66.67,52.0,51.28,53.33,50.0,56.25,57.41,2
83.33,88.0,89.74,90.0,76.67,75.0,70.37,3
50.0,60.0,53.85,46.67,46.67,43.75,44.44,2
66.67,80.0,71.79,76.67,90.0,93.75,87.04,3
100.0,68.0,71.79,80.0,60.0,50.0,46.3,2
66.67,72.0,71.79,73.33,73.33,68.75,68.52,3
66.67,52.0,53.85,53.33,53.33,56.25,55.56,2
66.67,72.0,69.23,70.0,70.0,43.75,64.81,2
83.33,64.0,64.1,70.0,23.33,25.0,38.89,1
100.0,80.0,84.62,90.0,93.33,93.75,92.59,3
83.33,96.0,94.87,86.67,70.0,68.75,74.07,3
83.33,76.0,71.79,63.33,16.67,25.0,22.22,1
83.33,84.0,94.87,73.33,76.67,50.0,83.33,3
33.33,24.0,20.51,16.67,56.67,68.75,79.63,1
83.33,76.0,82.05,83.33,73.33,81.25,74.07,3
83.33,68.0,74.36,80.0,70.0,75.0,87.04,3
33.33,32.0,33.33,36.67,56.67,62.5,61.11,1
50.0,52.0,53.85,60.0,63.33,87.5,79.63,2
50.0,64.0,56.41,63.33,60.0,56.25,55.56,2
50.0,56.0,66.67,63.33,50.0,62.5,62.96,2
50.0,68.0,51.28,70.0,76.67,43.75,57.41,2
66.67,68.0,69.23,70.0,56.67,68.75,44.44,2
66.67,44.0,46.15,56.67,76.67,81.25,87.04,2
66.67,76.0,71.79,73.33,70.0,75.0,74.07,3
50.0,52.0,43.59,70.0,53.33,50.0,64.81,2
50.0,44.0,46.15,50.0,50.0,43.75,46.3,2
100.0,32.0,20.51,13.33,40.0,43.75,31.48,1
50.0,60.0,74.36,80.0,60.0,68.75,50.0,2
66.67,72.0,71.79,73.33,83.33,87.5,85.19,3
33.33,20.0,25.64,10.0,80.0,62.5,87.04,1
16.67,36.0,28.21,30.0,70.0,68.75,77.78,1
66.67,44.0,46.15,46.67,73.33,87.5,77.78,2
66.67,68.0,66.67,80.0,63.33,43.75,68.52,2
50.0,48.0,48.72,43.33,76.67,75.0,92.59,2
66.67,64.0,69.23,43.33,70.0,68.75,66.67,2
83.33,100.0,64.1,80.0,16.67,25.0,18.52,1
83.33,48.0,35.9,36.67,36.67,25.0,40.74,1
66.67,76.0,76.92,73.33,70.0,75.0,77.78,3
66.67,72.0,76.92,76.67,83.33,93.75,92.59,3
50.0,76.0,15.38,6.67,60.0,18.75,50.0,1
66.67,84.0,66.67,63.33,33.33,31.25,37.04,1
16.67,28.0,28.21,33.33,80.0,68.75,85.19,1
66.67,76.0,66.67,80.0,73.33,75.0,74.07,3
50.0,52.0,51.28,46.67,50.0,50.0,46.3,2
83.33,68.0,71.79,66.67,86.67,93.75,96.3,3
66.67,76.0,74.36,73.33,90.0,93.75,85.19,3
33.33,28.0,23.08,20.0,90.0,68.75,88.89,1
66.67,80.0,56.41,43.33,83.33,50.0,53.7,2
33.33,16.0,30.77,23.33,23.33,37.5,40.74,1
33.33,20.0,41.03,36.67,30.0,25.0,12.96,1
50.0,52.0,38.46,46.67,83.33,81.25,68.52,2
83.33,76.0,84.62,70.0,73.33,75.0,83.33,3
83.33,88.0,94.87,76.67,76.67,81.25,68.52,3
66.67,44.0,71.79,66.67,36.67,62.5,61.11,2
50.0,60.0,43.59,46.67,96.67,81.25,74.07,2
50.0,52.0,51.28,53.33,86.67,81.25,66.67,2
50.0,52.0,53.85,16.67,20.0,37.5,22.22,1
83.33,76.0,79.49,86.67,80.0,93.75,59.26,3
83.33,32.0,35.9,16.67,26.67,31.25,40.74,1
83.33,20.0,12.82,23.33,40.0,18.75,16.67,1
100.0,88.0,89.74,86.67,90.0,87.5,90.74,3
33.33,40.0,48.72,33.33,26.67,50.0,40.74,1
66.67,92.0,79.49,76.67,80.0,81.25,77.78,3
33.33,32.0,35.9,36.67,66.67,50.0,55.56,1
83.33,80.0,84.62,76.67,76.67,81.25,88.89,3
83.33,68.0,74.36,73.33,96.67,93.75,94.44,3
33.33,44.0,35.9,20.0,33.33,18.75,20.37,1
50.0,56.0,12.82,13.33,30.0,25.0,46.3,1
66.67,80.0,69.23,63.33,93.33,81.25,81.48,3
66.67,20.0,23.08,43.33,40.0,12.5,48.15,1
83.33,80.0,89.74,83.33,83.33,81.25,75.93,3
50.0,52.0,53.85,40.0,80.0,75.0,77.78,2
66.67,68.0,69.23,76.67,20.0,25.0,20.37,1
50.0,44.0,66.67,63.33,63.33,56.25,75.93,2
50.0,32.0,5.13,40.0,40.0,37.5,20.37,1
50.0,80.0,61.54,56.67,23.33,18.75,18.52,1
83.33,84.0,94.87,86.67,96.67,81.25,88.89,3
66.67,88.0,56.41,70.0,20.0,31.25,16.67,1
66.67,76.0,74.36,56.67,50.0,37.5,90.74,2
83.33,92.0,76.92,90.0,73.33,75.0,77.78,3
33.33,40.0,35.9,26.67,20.0,31.25,38.89,1
66.67,56.0,51.28,43.33,50.0,62.5,44.44,2
83.33,88.0,64.1,63.33,16.67,25.0,29.63,1
50.0,52.0,89.74,66.67,30.0,25.0,20.37,1
66.67,80.0,79.49,73.33,86.67,81.25,83.33,3
50.0,72.0,84.62,76.67,26.67,25.0,29.63,1
83.33,88.0,61.54,80.0,73.33,81.25,75.93,3
50.0,24.0,15.38,13.33,63.33,56.25,51.85,1
33.33,36.0,38.46,36.67,33.33,31.25,33.33,1
16.67,32.0,25.64,43.33,36.67,37.5,29.63,1
83.33,40.0,20.51,40.0,43.33,43.75,14.81,1
33.33,28.0,17.95,26.67,63.33,50.0,77.78,1
66.67,60.0,71.79,46.67,63.33,75.0,59.26,2
66.67,60.0,71.79,56.67,80.0,81.25,77.78,2
50.0,44.0,41.03,50.0,43.33,50.0,44.44,2
100.0,84.0,92.31,93.33,83.33,81.25,90.74,3
83.33,88.0,84.62,90.0,66.67,75.0,74.07,3
83.33,88.0,79.49,90.0,93.33,87.5,85.19,3
66.67,52.0,66.67,60.0,70.0,68.75,64.81,2
16.67,24.0,33.33,33.33,40.0,31.25,24.07,1
83.33,84.0,76.92,76.67,60.0,87.5,77.78,3
100.0,96.0,82.05,80.0,70.0,75.0,75.93,3
83.33,76.0,71.79,73.33,70.0,68.75,72.22,3
16.67,40.0,17.95,50.0,50.0,56.25,40.74,1
66.67,80.0,69.23,66.67,70.0,75.0,70.37,3
66.67,64.0,74.36,73.33,83.33,87.5,96.3,3
66.67,76.0,76.92,70.0,76.67,75.0,74.07,3
66.67,64.0,56.41,46.67,66.67,50.0,64.81,2
83.33,32.0,30.77,36.67,30.0,18.75,46.3,1
66.67,68.0,76.92,73.33,90.0,87.5,81.48,3
16.67,60.0,48.72,23.33,36.67,18.75,46.3,1
66.67,72.0,71.79,73.33,90.0,87.5,100.0,3
66.67,76.0,71.79,70.0,73.33,75.0,70.37,3
83.33,92.0,84.62,76.67,80.0,68.75,64.81,3
66.67,76.0,74.36,73.33,86.67,93.75,88.89,3
33.33,20.0,41.03,26.67,83.33,75.0,61.11,1
83.33,76.0,82.05,80.0,83.33,62.5,75.93,3
33.33,32.0,17.95,13.33,16.67,31.25,29.63,1
50.0,36.0,35.9,43.33,36.67,37.5,37.04,1
83.33,84.0,82.05,86.67,76.67,75.0,72.22,3
50.0,56.0,61.54,56.67,76.67,81.25,77.78,2
66.67,72.0,66.67,66.67,80.0,68.75,50.0,2
100.0,68.0,66.67,70.0,26.67,25.0,31.48,1
66.67,44.0,61.54,70.0,53.33,50.0,62.96,2
50.0,64.0,48.72,46.67,60.0,56.25,62.96,2
100.0,84.0,92.31,86.67,70.0,75.0,75.93,3
83.33,68.0,69.23,73.33,70.0,87.5,85.19,3
66.67,48.0,64.1,63.33,66.67,75.0,77.78,2
16.67,24.0,25.64,30.0,73.33,56.25,75.93,1
66.67,76.0,79.49,73.33,76.67,81.25,77.78,3
66.67,64.0,61.54,70.0,76.67,62.5,46.3,2
83.33,60.0,74.36,83.33,76.67,81.25,75.93,3
83.33,80.0,82.05,73.33,76.67,81.25,87.04,3
83.33,96.0,97.44,83.33,93.33,100.0,94.44,3
83.33,72.0,82.05,80.0,76.67,87.5,79.63,3
100.0,88.0,89.74,83.33,70.0,62.5,66.67,3
83.33,76.0,43.59,73.33,73.33,68.75,68.52,2
83.33,56.0,82.05,60.0,23.33,31.25,24.07,1
83.33,72.0,64.1,76.67,73.33,75.0,75.93,3
50.0,40.0,51.28,46.67,43.33,43.75,55.56,2
66.67,72.0,74.36,53.33,73.33,75.0,64.81,2
33.33,44.0,35.9,36.67,40.0,43.75,29.63,1
100.0,92.0,84.62,83.33,70.0,68.75,74.07,3
50.0,64.0,20.51,23.33,43.33,18.75,38.89,1
66.67,44.0,66.67,73.33,40.0,56.25,51.85,2
66.67,64.0,58.97,60.0,66.67,50.0,62.96,2
83.33,88.0,66.67,60.0,43.33,50.0,61.11,2
66.67,72.0,66.67,46.67,66.67,68.75,68.52,2
83.33,88.0,87.18,80.0,80.0,75.0,70.37,3
16.67,16.0,15.38,36.67,80.0,81.25,61.11,1
33.33,44.0,28.21,23.33,26.67,25.0,7.41,1
83.33,76.0,82.05,83.33,86.67,75.0,70.37,3
66.67,84.0,71.79,73.33,83.33,68.75,77.78,3
66.67,76.0,69.23,76.67,56.67,43.75,57.41,2
66.67,68.0,71.79,73.33,93.33,93.75,96.3,3
0.0,24.0,25.64,23.33,36.67,25.0,37.04,1
83.33,36.0,38.46,26.67,23.33,31.25,31.48,1
66.67,52.0,48.72,56.67,73.33,50.0,50.0,2
33.33,36.0,30.77,33.33,60.0,43.75,46.3,1
16.67,8.0,17.95,26.67,63.33,62.5,68.52,1
33.33,20.0,35.9,30.0,30.0,37.5,24.07,1
66.67,24.0,38.46,33.33,23.33,12.5,27.78,1
66.67,76.0,43.59,66.67,66.67,62.5,62.96,2
66.67,52.0,64.1,63.33,70.0,68.75,61.11,2
33.33,48.0,51.28,56.67,66.67,37.5,57.41,2
16.67,40.0,38.46,33.33,20.0,31.25,14.81,1
66.67,72.0,71.79,73.33,93.33,81.25,87.04,3
83.33,72.0,69.23,80.0,50.0,50.0,55.56,2
33.33,48.0,53.85,46.67,56.67,43.75,48.15,2
50.0,64.0,56.41,66.67,76.67,68.75,72.22,2
83.33,68.0,74.36,76.67,73.33,62.5,74.07,3
83.33,28.0,35.9,46.67,30.0,18.75,27.78,1
83.33,80.0,89.74,83.33,86.67,87.5,88.89,3
33.33,36.0,35.9,46.67,36.67,37.5,33.33,1
100.0,92.0,89.74,86.67,86.67,81.25,88.89,3
66.67,68.0,71.79,70.0,90.0,93.75,87.04,3
33.33,32.0,28.21,20.0,20.0,31.25,9.26,1
83.33,84.0,87.18,83.33,73.33,68.75,79.63,3
50.0,68.0,64.1,60.0,63.33,62.5,64.81,2
83.33,76.0,87.18,83.33,70.0,68.75,68.52,3
83.33,76.0,84.62,70.0,76.67,81.25,72.22,3
83.33,32.0,30.77,26.67,20.0,12.5,29.63,1
83.33,72.0,82.05,73.33,50.0,56.25,46.3,2
66.67,60.0,17.95,30.0,23.33,62.5,55.56,1
16.67,40.0,17.95,36.67,70.0,93.75,64.81,1
66.67,52.0,41.03,63.33,50.0,50.0,62.96,2
83.33,32.0,41.03,30.0,36.67,43.75,22.22,1
83.33,80.0,71.79,70.0,73.33,75.0,72.22,3
66.67,76.0,69.23,70.0,93.33,93.75,83.33,3
83.33,92.0,94.87,90.0,80.0,87.5,90.74,3
33.33,32.0,33.33,40.0,50.0,62.5,59.26,1
16.67,24.0,23.08,20.0,86.67,87.5,79.63,1
83.33,76.0,66.67,70.0,80.0,87.5,94.44,3
83.33,32.0,20.51,26.67,46.67,31.25,22.22,1
100.0,96.0,82.05,86.67,76.67,68.75,70.37,3
66.67,72.0,79.49,73.33,83.33,87.5,81.48,3
83.33,80.0,92.31,80.0,56.67,75.0,68.52,3
33.33,36.0,41.03,50.0,36.67,43.75,42.59,1
16.67,20.0,43.59,43.33,60.0,50.0,37.04,1
66.67,72.0,71.79,80.0,73.33,62.5,68.52,3
66.67,28.0,43.59,40.0,30.0,37.5,22.22,1
66.67,52.0,56.41,56.67,50.0,56.25,79.63,2
66.67,72.0,66.67,70.0,90.0,93.75,88.89,3
66.67,72.0,71.79,90.0,53.33,43.75,51.85,2
50.0,44.0,46.15,60.0,46.67,50.0,44.44,2
83.33,64.0,71.79,76.67,46.67,56.25,50.0,2
50.0,60.0,46.15,66.67,30.0,31.25,37.04,1
66.67,72.0,66.67,80.0,83.33,93.75,85.19,3
66.67,68.0,74.36,70.0,93.33,87.5,77.78,3
50.0,88.0,79.49,90.0,63.33,56.25,50.0,2
66.67,64.0,71.79,70.0,73.33,75.0,70.37,3
83.33,76.0,74.36,70.0,36.67,12.5,29.63,1
100.0,24.0,7.69,16.67,20.0,18.75,22.22,1
66.67,80.0,92.31,80.0,76.67,81.25,79.63,3
66.67,84.0,61.54,36.67,43.33,56.25,75.93,2
66.67,72.0,71.79,80.0,76.67,75.0,68.52,3
83.33,88.0,74.36,93.33,63.33,68.75,77.78,3
16.67,24.0,23.08,33.33,63.33,62.5,72.22,1
83.33,0.0,20.51,30.0,23.33,50.0,29.63,1
33.33,32.0,30.77,26.67,50.0,68.75,57.41,1
33.33,28.0,35.9,40.0,40.0,18.75,24.07,1
50.0,44.0,51.28,50.0,43.33,37.5,44.44,2
66.67,76.0,76.92,66.67,90.0,87.5,88.89,3
50.0,44.0,51.28,53.33,83.33,93.75,79.63,2
83.33,16.0,35.9,40.0,26.67,31.25,24.07,1
66.67,68.0,51.28,63.33,56.67,50.0,46.3,2
83.33,40.0,17.95,20.0,33.33,18.75,25.93,1
83.33,56.0,76.92,40.0,60.0,50.0,66.67,2
83.33,80.0,92.31,86.67,73.33,62.5,70.37,3
66.67,80.0,82.05,66.67,73.33,81.25,75.93,3
83.33,72.0,79.49,73.33,76.67,68.75,66.67,3
83.33,88.0,69.23,83.33,70.0,81.25,85.19,3
50.0,20.0,51.28,30.0,36.67,18.75,50.0,1
50.0,56.0,53.85,53.33,83.33,68.75,70.37,2
16.67,20.0,48.72,16.67,46.67,37.5,46.3,1
66.67,68.0,74.36,70.0,20.0,25.0,20.37,1
66.67,64.0,76.92,63.33,60.0,37.5,51.85,2
66.67,68.0,76.92,70.0,96.67,87.5,88.89,3
50.0,36.0,20.51,40.0,16.67,31.25,33.33,1
66.67,68.0,76.92,66.67,90.0,87.5,79.63,3
83.33,24.0,30.77,26.67,36.67,25.0,16.67,1
83.33,80.0,76.92,83.33,40.0,37.5,29.63,2
83.33,60.0,87.18,76.67,86.67,81.25,81.48,3
66.67,64.0,74.36,76.67,46.67,75.0,72.22,2
83.33,88.0,92.31,83.33,66.67,75.0,75.93,3
83.33,12.0,38.46,26.67,20.0,18.75,31.48,1
66.67,24.0,25.64,43.33,36.67,37.5,27.78,1
83.33,84.0,89.74,56.67,86.67,81.25,85.19,3
33.33,44.0,41.03,33.33,36.67,37.5,48.15,1
83.33,80.0,76.92,73.33,73.33,75.0,83.33,3
83.33,92.0,97.44,83.33,90.0,87.5,87.04,3
66.67,40.0,58.97,56.67,83.33,87.5,85.19,2
83.33,80.0,79.49,83.33,86.67,68.75,66.67,3
83.33,64.0,74.36,63.33,10.0,12.5,18.52,1
66.67,68.0,71.79,73.33,83.33,81.25,75.93,3
83.33,64.0,74.36,76.67,90.0,93.75,72.22,3
33.33,40.0,7.69,20.0,63.33,56.25,14.81,1
83.33,84.0,82.05,80.0,80.0,93.75,55.56,3
33.33,32.0,2.56,26.67,66.67,62.5,66.67,1
66.67,80.0,71.79,90.0,86.67,75.0,81.48,3
33.33,44.0,41.03,50.0,36.67,37.5,31.48,1
66.67,64.0,58.97,80.0,13.33,25.0,22.22,1
83.33,28.0,33.33,33.33,40.0,12.5,20.37,1
50.0,52.0,58.97,53.33,73.33,75.0,83.33,2
66.67,80.0,79.49,90.0,40.0,56.25,55.56,2
83.33,84.0,82.05,60.0,80.0,81.25,85.19,3
50.0,52.0,71.79,80.0,73.33,62.5,77.78,2
83.33,80.0,69.23,46.67,50.0,75.0,61.11,2
66.67,72.0,84.62,80.0,80.0,87.5,74.07,3
66.67,84.0,61.54,73.33,30.0,18.75,24.07,1
50.0,64.0,76.92,73.33,70.0,68.75,74.07,2
83.33,76.0,64.1,76.67,76.67,68.75,70.37,3
50.0,44.0,53.85,53.33,50.0,56.25,44.44,2
66.67,56.0,58.97,56.67,83.33,75.0,72.22,2
33.33,48.0,17.95,46.67,40.0,12.5,57.41,1
66.67,88.0,87.18,76.67,76.67,87.5,74.07,3
66.67,68.0,69.23,73.33,70.0,75.0,72.22,3
66.67,68.0,71.79,76.67,73.33,68.75,70.37,3
66.67,48.0,61.54,66.67,73.33,81.25,72.22,2
83.33,92.0,87.18,80.0,90.0,87.5,90.74,3
50.0,48.0,51.28,53.33,53.33,62.5,55.56,2
16.67,32.0,33.33,26.67,56.67,81.25,62.96,1
83.33,28.0,28.21,26.67,30.0,31.25,35.19,1
83.33,96.0,100.0,86.67,86.67,87.5,81.48,3
66.67,72.0,69.23,73.33,73.33,75.0,74.07,3
83.33,76.0,71.79,76.67,80.0,93.75,83.33,3
83.33,68.0,76.92,83.33,83.33,81.25,75.93,3
83.33,84.0,61.54,83.33,26.67,25.0,20.37,1
50.0,64.0,53.85,50.0,40.0,62.5,53.7,2
33.33,36.0,33.33,33.33,66.67,68.75,57.41,1
33.33,20.0,30.77,23.33,56.67,75.0,74.07,1
66.67,60.0,48.72,60.0,63.33,62.5,51.85,2
66.67,72.0,66.67,76.67,23.33,31.25,18.52,1
50.0,44.0,48.72,43.33,46.67,43.75,57.41,2
33.33,40.0,38.46,26.67,26.67,43.75,31.48,1
50.0,52.0,43.59,43.33,50.0,50.0,50.0,2
66.67,52.0,56.41,43.33,63.33,56.25,57.41,2
83.33,72.0,84.62,73.33,70.0,68.75,75.93,3
83.33,44.0,82.05,56.67,50.0,75.0,55.56,2
50.0,56.0,46.15,63.33,86.67,81.25,77.78,2
33.33,24.0,23.08,46.67,33.33,18.75,22.22,1
66.67,16.0,20.51,56.67,40.0,62.5,59.26,1
66.67,100.0,69.23,86.67,30.0,25.0,14.81,1
83.33,40.0,38.46,40.0,13.33,25.0,33.33,1
83.33,92.0,84.62,86.67,90.0,93.75,98.15,3
33.33,20.0,46.15,16.67,26.67,18.75,38.89,1
66.67,76.0,71.79,76.67,73.33,75.0,75.93,3
66.67,76.0,69.23,83.33,33.33,50.0,66.67,2
50.0,16.0,20.51,53.33,36.67,25.0,33.33,1
83.33,80.0,94.87,86.67,100.0,93.75,90.74,3
83.33,68.0,64.1,70.0,93.33,87.5,81.48,3
83.33,64.0,84.62,90.0,50.0,56.25,59.26,2
83.33,68.0,64.1,70.0,23.33,31.25,33.33,1
33.33,16.0,38.46,43.33,30.0,31.25,40.74,1
50.0,52.0,46.15,53.33,46.67,37.5,38.89,2
83.33,68.0,71.79,73.33,90.0,81.25,87.04,3
83.33,84.0,84.62,90.0,76.67,81.25,59.26,3
50.0,48.0,53.85,56.67,73.33,68.75,74.07,2
50.0,44.0,56.41,43.33,40.0,43.75,44.44,2
66.67,80.0,74.36,63.33,13.33,18.75,22.22,1
83.33,72.0,66.67,76.67,10.0,18.75,29.63,1
33.33,32.0,35.9,36.67,63.33,56.25,46.3,1
66.67,68.0,71.79,70.0,76.67,68.75,79.63,3
83.33,92.0,84.62,93.33,73.33,75.0,68.52,3
33.33,32.0,38.46,33.33,53.33,56.25,61.11,1
66.67,92.0,87.18,60.0,86.67,87.5,79.63,3
83.33,92.0,79.49,73.33,56.67,50.0,48.15,2
66.67,52.0,66.67,60.0,43.33,50.0,48.15,2
33.33,36.0,51.28,36.67,40.0,37.5,40.74,1
83.33,72.0,66.67,63.33,76.67,68.75,75.93,3
66.67,76.0,71.79,80.0,50.0,62.5,44.44,2
83.33,80.0,71.79,83.33,50.0,56.25,38.89,2
66.67,72.0,76.92,73.33,76.67,62.5,72.22,3
100.0,92.0,76.92,76.67,56.67,75.0,87.04,3
33.33,24.0,38.46,33.33,43.33,43.75,37.04,1
83.33,84.0,84.62,90.0,56.67,87.5,85.19,3
66.67,80.0,76.92,66.67,86.67,87.5,88.89,3
16.67,32.0,41.03,46.67,23.33,18.75,20.37,1
83.33,20.0,17.95,20.0,36.67,37.5,27.78,1
83.33,88.0,87.18,90.0,66.67,68.75,74.07,3
83.33,88.0,84.62,70.0,33.33,31.25,24.07,1
100.0,92.0,94.87,86.67,76.67,93.75,92.59,3
83.33,84.0,92.31,80.0,76.67,68.75,74.07,3
83.33,80.0,66.67,43.33,50.0,43.75,79.63,2
83.33,88.0,92.31,86.67,83.33,68.75,66.67,3
66.67,72.0,79.49,70.0,80.0,62.5,79.63,3
66.67,72.0,66.67,76.67,96.67,81.25,90.74,3
33.33,32.0,20.51,36.67,33.33,37.5,40.74,1
100.0,84.0,89.74,90.0,80.0,93.75,85.19,3
83.33,76.0,79.49,93.33,73.33,75.0,66.67,3
50.0,28.0,25.64,10.0,43.33,25.0,37.04,1
50.0,56.0,33.33,60.0,70.0,81.25,62.96,2
16.67,24.0,25.64,23.33,90.0,75.0,64.81,1
16.67,28.0,17.95,20.0,56.67,56.25,75.93,1
83.33,72.0,69.23,66.67,90.0,87.5,94.44,3
66.67,64.0,92.31,56.67,16.67,25.0,25.93,1
66.67,88.0,82.05,76.67,73.33,68.75,68.52,3
66.67,72.0,66.67,73.33,93.33,87.5,87.04,3
16.67,44.0,33.33,30.0,23.33,37.5,31.48,1
83.33,80.0,71.79,73.33,80.0,81.25,53.7,3
83.33,28.0,28.21,36.67,23.33,31.25,9.26,1
66.67,68.0,76.92,70.0,73.33,75.0,64.81,3
66.67,76.0,66.67,70.0,90.0,87.5,83.33,3
50.0,72.0,64.1,80.0,50.0,56.25,59.26,2
100.0,84.0,89.74,96.67,96.67,87.5,94.44,3
33.33,76.0,58.97,70.0,80.0,62.5,62.96,2
66.67,68.0,48.72,70.0,60.0,68.75,62.96,2
83.33,80.0,89.74,73.33,70.0,75.0,70.37,3
66.67,88.0,84.62,70.0,83.33,75.0,74.07,3
100.0,36.0,35.9,46.67,33.33,31.25,51.85,1
83.33,48.0,43.59,33.33,33.33,18.75,37.04,1
33.33,44.0,17.95,23.33,30.0,18.75,31.48,1
83.33,64.0,76.92,76.67,70.0,68.75,66.67,3
83.33,24.0,33.33,33.33,36.67,18.75,27.78,1
66.67,68.0,66.67,73.33,80.0,75.0,79.63,3
83.33,80.0,89.74,60.0,23.33,25.0,29.63,1
66.67,76.0,71.79,73.33,83.33,93.75,90.74,3
66.67,68.0,74.36,76.67,73.33,68.75,75.93,3
83.33,68.0,74.36,73.33,30.0,25.0,18.52,1
50.0,68.0,43.59,66.67,60.0,81.25,68.52,2
83.33,80.0,84.62,93.33,50.0,43.75,53.7,2
83.33,96.0,100.0,96.67,90.0,87.5,87.04,3
83.33,84.0,71.79,76.67,30.0,18.75,33.33,1
83.33,64.0,66.67,73.33,90.0,87.5,96.3,3
50.0,56.0,43.59,53.33,70.0,50.0,53.7,2
16.67,32.0,53.85,36.67,26.67,43.75,48.15,1
66.67,80.0,69.23,73.33,73.33,68.75,66.67,3
83.33,80.0,71.79,93.33,43.33,50.0,46.3,2
50.0,68.0,61.54,73.33,36.67,18.75,27.78,1
83.33,36.0,38.46,20.0,40.0,31.25,53.7,1
83.33,92.0,82.05,90.0,100.0,81.25,96.3,3
66.67,80.0,48.72,66.67,23.33,31.25,20.37,1
83.33,36.0,25.64,26.67,40.0,37.5,46.3,1
83.33,84.0,66.67,86.67,76.67,75.0,75.93,3
33.33,44.0,30.77,36.67,36.67,37.5,37.04,1
50.0,20.0,53.85,13.33,46.67,62.5,62.96,1
83.33,64.0,74.36,90.0,80.0,87.5,83.33,3
83.33,64.0,61.54,73.33,76.67,68.75,68.52,3
50.0,68.0,79.49,73.33,36.67,25.0,27.78,1
83.33,56.0,15.38,33.33,30.0,37.5,12.96,1
33.33,36.0,25.64,20.0,66.67,81.25,74.07,1
66.67,76.0,74.36,73.33,66.67,75.0,72.22,3
50.0,52.0,56.41,53.33,83.33,81.25,72.22,2
66.67,76.0,69.23,70.0,70.0,75.0,50.0,2
83.33,72.0,71.79,66.67,70.0,75.0,74.07,3
83.33,76.0,69.23,73.33,73.33,75.0,70.37,3
50.0,64.0,46.15,80.0,50.0,68.75,62.96,2
50.0,52.0,15.38,46.67,13.33,18.75,66.67,1
16.67,36.0,20.51,43.33,20.0,31.25,25.93,1
33.33,32.0,35.9,33.33,53.33,56.25,61.11,1
83.33,92.0,79.49,90.0,70.0,75.0,75.93,3
50.0,64.0,79.49,66.67,13.33,31.25,37.04,1
50.0,76.0,53.85,53.33,60.0,68.75,66.67,2
66.67,64.0,58.97,56.67,60.0,56.25,46.3,2
66.67,68.0,69.23,73.33,73.33,75.0,64.81,3
66.67,64.0,79.49,66.67,30.0,37.5,31.48,1
50.0,60.0,71.79,66.67,80.0,43.75,75.93,2
16.67,60.0,20.51,60.0,43.33,56.25,14.81,1
50.0,44.0,46.15,56.67,63.33,75.0,75.93,2
83.33,72.0,76.92,66.67,73.33,56.25,74.07,3
50.0,68.0,74.36,56.67,60.0,75.0,59.26,2
50.0,64.0,53.85,60.0,86.67,68.75,74.07,2
66.67,72.0,71.79,73.33,63.33,81.25,72.22,3
83.33,80.0,89.74,90.0,73.33,75.0,81.48,3
50.0,44.0,41.03,16.67,66.67,18.75,18.52,1
66.67,76.0,76.92,53.33,40.0,43.75,44.44,2
83.33,68.0,69.23,80.0,56.67,43.75,42.59,2
83.33,68.0,74.36,66.67,93.33,87.5,87.04,3
66.67,52.0,43.59,36.67,80.0,75.0,77.78,2
66.67,76.0,87.18,83.33,83.33,81.25,75.93,3
33.33,12.0,12.82,40.0,23.33,37.5,25.93,1
50.0,64.0,89.74,86.67,76.67,81.25,79.63,3
50.0,56.0,51.28,46.67,60.0,62.5,50.0,2
83.33,80.0,56.41,80.0,90.0,81.25,85.19,3
50.0,44.0,43.59,46.67,46.67,50.0,46.3,2
83.33,68.0,71.79,80.0,90.0,87.5,88.89,3
100.0,20.0,23.08,40.0,16.67,25.0,33.33,1
83.33,84.0,87.18,80.0,60.0,56.25,50.0,2
83.33,92.0,89.74,86.67,70.0,81.25,72.22,3
50.0,60.0,48.72,56.67,36.67,25.0,12.96,1
50.0,56.0,41.03,60.0,76.67,75.0,81.48,2
83.33,68.0,76.92,70.0,80.0,93.75,81.48,3
33.33,40.0,30.77,20.0,53.33,50.0,53.7,1
33.33,40.0,28.21,33.33,73.33,68.75,87.04,1
66.67,76.0,69.23,86.67,83.33,75.0,81.48,3
50.0,20.0,61.54,60.0,60.0,12.5,64.81,1
83.33,28.0,28.21,30.0,30.0,25.0,20.37,1
33.33,36.0,35.9,30.0,26.67,25.0,38.89,1
83.33,28.0,28.21,40.0,40.0,18.75,31.48,1
100.0,92.0,84.62,90.0,100.0,87.5,90.74,3
83.33,80.0,79.49,70.0,90.0,87.5,88.89,3
83.33,60.0,71.79,50.0,76.67,56.25,51.85,2
50.0,56.0,43.59,46.67,83.33,81.25,68.52,2
33.33,44.0,30.77,26.67,33.33,37.5,18.52,1
83.33,76.0,74.36,70.0,76.67,62.5,77.78,3
66.67,52.0,17.95,40.0,16.67,18.75,51.85,1
33.33,36.0,46.15,33.33,26.67,50.0,22.22,1
66.67,64.0,66.67,70.0,73.33,43.75,70.37,2
66.67,72.0,53.85,53.33,60.0,68.75,53.7,2
83.33,76.0,48.72,50.0,60.0,75.0,37.04,2
100.0,28.0,30.77,23.33,36.67,43.75,35.19,1
50.0,44.0,48.72,20.0,20.0,50.0,38.89,1
50.0,56.0,61.54,43.33,66.67,81.25,68.52,2
16.67,40.0,43.59,43.33,10.0,50.0,57.41,1
83.33,92.0,97.44,90.0,70.0,68.75,66.67,3
33.33,40.0,35.9,53.33,40.0,37.5,50.0,1
66.67,64.0,76.92,70.0,53.33,43.75,51.85,2
83.33,84.0,82.05,66.67,56.67,87.5,64.81,3
83.33,68.0,71.79,73.33,60.0,43.75,55.56,2
33.33,24.0,30.77,20.0,63.33,68.75,46.3,1
83.33,88.0,89.74,83.33,90.0,100.0,88.89,3
66.67,72.0,79.49,73.33,90.0,87.5,87.04,3
66.67,68.0,51.28,73.33,66.67,75.0,70.37,2
66.67,76.0,66.67,70.0,73.33,68.75,79.63,3
66.67,80.0,74.36,73.33,90.0,75.0,74.07,3
83.33,88.0,100.0,96.67,76.67,81.25,68.52,3
66.67,84.0,76.92,93.33,76.67,81.25,77.78,3
66.67,48.0,46.15,46.67,70.0,75.0,83.33,2
50.0,40.0,48.72,53.33,43.33,43.75,51.85,2
66.67,68.0,69.23,70.0,93.33,81.25,90.74,3
100.0,88.0,69.23,73.33,30.0,25.0,18.52,1
83.33,80.0,82.05,86.67,63.33,75.0,83.33,3
50.0,60.0,46.15,66.67,50.0,56.25,48.15,2
83.33,64.0,64.1,56.67,40.0,18.75,20.37,1
83.33,16.0,23.08,23.33,13.33,31.25,27.78,1
66.67,68.0,61.54,40.0,43.33,81.25,66.67,2
66.67,60.0,56.41,53.33,60.0,75.0,46.3,2
83.33,88.0,87.18,96.67,93.33,87.5,81.48,3
50.0,60.0,66.67,53.33,56.67,56.25,64.81,2
83.33,84.0,87.18,93.33,73.33,68.75,75.93,3
50.0,48.0,51.28,50.0,40.0,37.5,53.7,2
83.33,68.0,66.67,66.67,83.33,87.5,83.33,3
16.67,24.0,28.21,23.33,26.67,37.5,35.19,1
66.67,72.0,82.05,66.67,96.67,81.25,85.19,3
66.67,84.0,76.92,76.67,90.0,75.0,72.22,3
83.33,76.0,76.92,70.0,73.33,75.0,75.93,3
100.0,92.0,89.74,93.33,86.67,93.75,96.3,3
33.33,36.0,25.64,26.67,36.67,37.5,37.04,1
50.0,88.0,79.49,80.0,80.0,81.25,74.07,3
83.33,92.0,79.49,86.67,63.33,81.25,75.93,3
83.33,96.0,89.74,90.0,86.67,87.5,100.0,3
100.0,84.0,79.49,80.0,80.0,62.5,72.22,3
66.67,80.0,56.41,80.0,70.0,68.75,35.19,2
83.33,84.0,58.97,80.0,53.33,31.25,46.3,2
100.0,96.0,87.18,86.67,83.33,56.25,83.33,3
100.0,88.0,97.44,90.0,80.0,87.5,85.19,3
66.67,76.0,64.1,73.33,73.33,68.75,72.22,3
83.33,72.0,64.1,70.0,66.67,43.75,77.78,2
50.0,52.0,51.28,43.33,70.0,68.75,85.19,2
33.33,20.0,28.21,26.67,56.67,75.0,81.48,1
16.67,60.0,53.85,23.33,50.0,12.5,55.56,1
66.67,76.0,84.62,70.0,20.0,25.0,27.78,1
16.67,16.0,28.21,23.33,66.67,56.25,92.59,1
33.33,36.0,38.46,36.67,40.0,37.5,37.04,1
83.33,32.0,28.21,36.67,40.0,18.75,33.33,1
66.67,64.0,58.97,60.0,56.67,68.75,31.48,2
33.33,16.0,20.51,13.33,53.33,75.0,68.52,1
83.33,92.0,71.79,80.0,46.67,50.0,44.44,2
50.0,68.0,51.28,66.67,50.0,68.75,55.56,2
66.67,76.0,69.23,70.0,70.0,75.0,74.07,3
50.0,52.0,64.1,70.0,70.0,62.5,46.3,2
66.67,56.0,61.54,63.33,30.0,31.25,33.33,1
50.0,40.0,43.59,53.33,46.67,50.0,48.15,2
83.33,28.0,30.77,33.33,36.67,37.5,18.52,1
83.33,24.0,23.08,16.67,16.67,37.5,25.93,1
50.0,56.0,66.67,26.67,40.0,75.0,46.3,2
33.33,28.0,17.95,26.67,76.67,75.0,66.67,1
50.0,52.0,61.54,50.0,80.0,81.25,83.33,2
83.33,68.0,71.79,76.67,83.33,81.25,88.89,3
66.67,64.0,46.15,53.33,86.67,68.75,77.78,2
16.67,52.0,53.85,10.0,63.33,43.75,62.96,1
16.67,32.0,30.77,33.33,36.67,31.25,20.37,1
83.33,88.0,89.74,86.67,63.33,75.0,72.22,3
83.33,84.0,87.18,83.33,73.33,62.5,61.11,3
50.0,36.0,28.21,33.33,20.0,25.0,38.89,1
66.67,72.0,74.36,73.33,86.67,87.5,90.74,3
50.0,32.0,41.03,36.67,40.0,50.0,38.89,1
83.33,32.0,25.64,20.0,33.33,37.5,24.07,1
16.67,40.0,61.54,20.0,36.67,56.25,18.52,1
33.33,24.0,51.28,36.67,10.0,50.0,53.7,1
83.33,28.0,15.38,26.67,40.0,18.75,31.48,1
100.0,88.0,92.31,90.0,76.67,87.5,88.89,3
50.0,48.0,51.28,43.33,40.0,43.75,42.59,2
33.33,16.0,33.33,6.67,56.67,62.5,74.07,1
83.33,84.0,87.18,73.33,26.67,31.25,35.19,1
66.67,76.0,69.23,80.0,80.0,75.0,85.19,3
33.33,24.0,15.38,30.0,26.67,37.5,22.22,1
100.0,92.0,89.74,90.0,96.67,87.5,88.89,3
50.0,44.0,53.85,56.67,50.0,43.75,50.0,2
83.33,84.0,84.62,83.33,76.67,62.5,70.37,3
33.33,28.0,23.08,26.67,60.0,68.75,85.19,1
66.67,64.0,46.15,60.0,70.0,75.0,62.96,2
100.0,84.0,92.31,93.33,60.0,68.75,68.52,3
33.33,24.0,28.21,33.33,73.33,68.75,75.93,1
83.33,64.0,79.49,76.67,86.67,93.75,90.74,3
83.33,88.0,97.44,83.33,73.33,68.75,70.37,3
16.67,16.0,20.51,23.33,20.0,37.5,14.81,1
50.0,56.0,61.54,60.0,76.67,75.0,77.78,2
83.33,16.0,30.77,26.67,40.0,18.75,24.07,1
16.67,44.0,46.15,80.0,53.33,12.5,42.59,1
66.67,56.0,46.15,43.33,90.0,75.0,70.37,2
83.33,28.0,28.21,20.0,36.67,37.5,38.89,1
33.33,24.0,46.15,26.67,26.67,25.0,35.19,1
50.0,52.0,58.97,63.33,50.0,62.5,55.56,2
50.0,16.0,69.23,50.0,26.67,62.5,12.96,1
33.33,28.0,28.21,30.0,20.0,37.5,44.44,1
16.67,52.0,20.51,36.67,36.67,50.0,51.85,1
83.33,92.0,76.92,83.33,83.33,68.75,72.22,3
16.67,28.0,25.64,36.67,66.67,81.25,70.37,1
83.33,36.0,23.08,30.0,36.67,43.75,27.78,1
66.67,72.0,74.36,73.33,76.67,68.75,77.78,3
50.0,48.0,79.49,56.67,63.33,68.75,75.93,2
66.67,40.0,56.41,70.0,90.0,62.5,62.96,2
16.67,36.0,23.08,26.67,16.67,50.0,35.19,1
100.0,84.0,87.18,100.0,73.33,68.75,75.93,3
83.33,72.0,84.62,90.0,36.67,56.25,57.41,2
50.0,44.0,61.54,23.33,10.0,56.25,9.26,1
83.33,68.0,69.23,73.33,76.67,68.75,74.07,3
50.0,56.0,61.54,63.33,46.67,50.0,68.52,2
50.0,32.0,35.9,43.33,36.67,31.25,38.89,1
66.67,56.0,84.62,76.67,83.33,75.0,83.33,3
50.0,84.0,84.62,76.67,96.67,81.25,83.33,3
33.33,36.0,30.77,36.67,46.67,50.0,40.74,1
16.67,32.0,7.69,23.33,86.67,81.25,57.41,1
83.33,92.0,92.31,80.0,73.33,75.0,74.07,3
33.33,32.0,33.33,30.0,60.0,68.75,53.7,1
66.67,80.0,76.92,80.0,76.67,87.5,88.89,3
66.67,80.0,74.36,76.67,83.33,75.0,85.19,3
50.0,44.0,46.15,50.0,43.33,43.75,48.15,2
83.33,64.0,79.49,76.67,80.0,68.75,83.33,3
83.33,80.0,89.74,73.33,80.0,87.5,79.63,3
83.33,84.0,94.87,76.67,83.33,75.0,70.37,3
83.33,76.0,66.67,70.0,83.33,87.5,85.19,3
100.0,100.0,92.31,86.67,86.67,87.5,100.0,3
50.0,52.0,53.85,50.0,43.33,50.0,51.85,2
83.33,84.0,82.05,90.0,76.67,56.25,79.63,3
66.67,68.0,71.79,66.67,46.67,68.75,74.07,2
83.33,16.0,33.33,16.67,43.33,37.5,35.19,1
33.33,20.0,46.15,60.0,50.0,18.75,29.63,1
33.33,40.0,35.9,46.67,36.67,37.5,46.3,1
100.0,88.0,94.87,93.33,93.33,93.75,90.74,3
50.0,52.0,58.97,60.0,56.67,31.25,46.3,2
83.33,72.0,84.62,80.0,20.0,6.25,25.93,1
50.0,44.0,35.9,46.67,50.0,50.0,42.59,2
83.33,36.0,66.67,76.67,53.33,43.75,59.26,2
83.33,76.0,69.23,73.33,33.33,50.0,44.44,2
50.0,52.0,41.03,46.67,86.67,68.75,77.78,2
33.33,32.0,33.33,40.0,26.67,18.75,20.37,1
83.33,92.0,97.44,90.0,70.0,75.0,75.93,3
83.33,92.0,84.62,80.0,60.0,87.5,88.89,3
50.0,44.0,61.54,56.67,60.0,68.75,57.41,2
83.33,32.0,48.72,26.67,33.33,43.75,33.33,1
83.33,92.0,79.49,76.67,43.33,56.25,53.7,2
83.33,64.0,61.54,56.67,30.0,6.25,20.37,1
50.0,76.0,61.54,43.33,23.33,12.5,20.37,1
100.0,84.0,82.05,86.67,50.0,43.75,42.59,2
33.33,36.0,28.21,30.0,56.67,43.75,61.11,1
33.33,36.0,30.77,36.67,46.67,56.25,59.26,1
83.33,92.0,79.49,90.0,70.0,75.0,72.22,3
100.0,84.0,82.05,86.67,73.33,62.5,66.67,3
66.67,68.0,66.67,46.67,73.33,68.75,61.11,2
83.33,92.0,84.62,90.0,90.0,81.25,87.04,3
66.67,92.0,76.92,73.33,53.33,37.5,57.41,2
100.0,32.0,23.08,16.67,16.67,31.25,48.15,1
83.33,96.0,87.18,86.67,86.67,100.0,87.04,3
83.33,76.0,84.62,76.67,76.67,87.5,72.22,3
50.0,92.0,48.72,56.67,83.33,68.75,61.11,2
50.0,40.0,48.72,46.67,50.0,50.0,46.3,2
83.33,76.0,79.49,73.33,43.33,75.0,68.52,2
50.0,36.0,35.9,30.0,43.33,37.5,33.33,1
33.33,48.0,51.28,50.0,50.0,50.0,57.41,2
83.33,84.0,79.49,90.0,50.0,56.25,42.59,2
83.33,12.0,35.9,13.33,36.67,25.0,22.22,1
16.67,32.0,33.33,13.33,63.33,56.25,66.67,1
33.33,24.0,28.21,43.33,20.0,0.0,16.67,1
66.67,52.0,51.28,60.0,63.33,62.5,59.26,2
66.67,84.0,76.92,83.33,76.67,75.0,81.48,3
50.0,52.0,43.59,43.33,53.33,50.0,46.3,2
33.33,48.0,46.15,40.0,33.33,50.0,37.04,1
50.0,60.0,61.54,80.0,60.0,43.75,55.56,2
83.33,92.0,87.18,90.0,70.0,68.75,74.07,3
66.67,72.0,69.23,76.67,70.0,75.0,68.52,3
66.67,44.0,51.28,53.33,56.67,62.5,64.81,2
83.33,84.0,56.41,80.0,80.0,87.5,83.33,3
66.67,72.0,74.36,90.0,93.33,81.25,88.89,3
83.33,92.0,84.62,83.33,80.0,87.5,90.74,3
16.67,52.0,51.28,63.33,60.0,56.25,22.22,1
83.33,72.0,64.1,63.33,20.0,25.0,24.07,1
66.67,72.0,69.23,83.33,16.67,6.25,25.93,1
83.33,96.0,87.18,83.33,66.67,68.75,72.22,3
66.67,60.0,74.36,76.67,76.67,43.75,66.67,2
83.33,76.0,69.23,70.0,73.33,68.75,68.52,3
50.0,36.0,38.46,43.33,33.33,37.5,29.63,1
33.33,40.0,35.9,43.33,36.67,37.5,31.48,1
16.67,56.0,17.95,53.33,40.0,31.25,59.26,1
50.0,40.0,51.28,66.67,76.67,87.5,81.48,2
100.0,84.0,76.92,83.33,80.0,68.75,77.78,3
66.67,76.0,48.72,70.0,66.67,62.5,61.11,2
66.67,72.0,46.15,60.0,70.0,75.0,74.07,2
50.0,56.0,64.1,63.33,80.0,43.75,79.63,2
83.33,72.0,82.05,70.0,70.0,87.5,68.52,3
66.67,60.0,46.15,53.33,56.67,56.25,51.85,2
66.67,52.0,53.85,56.67,36.67,31.25,35.19,1
83.33,32.0,38.46,23.33,36.67,25.0,31.48,1
83.33,92.0,89.74,93.33,90.0,87.5,98.15,3
66.67,68.0,66.67,70.0,93.33,93.75,92.59,3
50.0,44.0,48.72,46.67,53.33,50.0,48.15,2
33.33,24.0,33.33,13.33,80.0,68.75,64.81,1
50.0,52.0,48.72,56.67,83.33,68.75,83.33,2
50.0,68.0,53.85,70.0,33.33,31.25,33.33,1
83.33,12.0,33.33,23.33,26.67,50.0,14.81,1
33.33,52.0,46.15,46.67,46.67,56.25,20.37,1
83.33,64.0,71.79,73.33,80.0,87.5,83.33,3
50.0,48.0,53.85,40.0,90.0,68.75,75.93,2
66.67,80.0,76.92,80.0,83.33,81.25,77.78,3
33.33,40.0,35.9,26.67,33.33,31.25,29.63,1
50.0,56.0,64.1,10.0,63.33,18.75,51.85,1
66.67,44.0,64.1,60.0,53.33,62.5,59.26,2
83.33,88.0,58.97,80.0,76.67,81.25,88.89,3
83.33,60.0,66.67,56.67,73.33,50.0,77.78,2
33.33,48.0,35.9,33.33,46.67,43.75,40.74,1
50.0,60.0,51.28,46.67,56.67,56.25,64.81,2
83.33,72.0,82.05,83.33,83.33,50.0,81.48,3
83.33,68.0,66.67,70.0,96.67,93.75,83.33,3
83.33,68.0,71.79,86.67,86.67,87.5,85.19,3
50.0,60.0,56.41,66.67,53.33,50.0,68.52,2
83.33,80.0,71.79,50.0,73.33,81.25,77.78,3
50.0,48.0,43.59,46.67,90.0,81.25,85.19,2
50.0,52.0,56.41,73.33,60.0,62.5,51.85,2
83.33,68.0,74.36,73.33,73.33,68.75,74.07,3
83.33,32.0,33.33,33.33,33.33,43.75,14.81,1
33.33,24.0,46.15,16.67,23.33,43.75,25.93,1
83.33,72.0,69.23,36.67,43.33,81.25,57.41,2
66.67,56.0,66.67,46.67,70.0,56.25,62.96,2
66.67,76.0,82.05,60.0,66.67,68.75,72.22,3
50.0,52.0,12.82,20.0,60.0,37.5,42.59,1
33.33,24.0,23.08,26.67,83.33,87.5,83.33,1
66.67,56.0,53.85,66.67,30.0,25.0,35.19,1
50.0,40.0,51.28,43.33,50.0,50.0,42.59,2
83.33,80.0,76.92,76.67,76.67,81.25,87.04,3
66.67,68.0,74.36,46.67,76.67,68.75,42.59,2
83.33,24.0,28.21,30.0,36.67,43.75,12.96,1
33.33,32.0,38.46,56.67,13.33,25.0,44.44,1
83.33,92.0,87.18,83.33,80.0,75.0,64.81,3
50.0,56.0,48.72,53.33,73.33,81.25,85.19,2
83.33,76.0,89.74,93.33,76.67,81.25,68.52,3
83.33,88.0,79.49,90.0,56.67,68.75,72.22,3
83.33,32.0,25.64,26.67,23.33,43.75,25.93,1
66.67,64.0,69.23,63.33,93.33,87.5,88.89,3
50.0,76.0,53.85,40.0,60.0,62.5,70.37,2
50.0,48.0,46.15,50.0,46.67,56.25,38.89,2
66.67,64.0,71.79,63.33,83.33,87.5,98.15,3
66.67,36.0,33.33,36.67,26.67,25.0,37.04,1
66.67,80.0,66.67,73.33,53.33,62.5,51.85,2
83.33,28.0,35.9,40.0,30.0,43.75,24.07,1
50.0,52.0,43.59,50.0,86.67,75.0,88.89,2
83.33,36.0,41.03,26.67,40.0,37.5,38.89,1
50.0,52.0,43.59,43.33,50.0,50.0,44.44,2
33.33,52.0,71.79,46.67,76.67,75.0,62.96,2
50.0,44.0,66.67,63.33,73.33,62.5,81.48,2
66.67,72.0,74.36,70.0,70.0,68.75,75.93,3
33.33,32.0,38.46,36.67,50.0,62.5,61.11,1
50.0,48.0,43.59,30.0,83.33,93.75,81.48,2
83.33,44.0,61.54,66.67,60.0,50.0,64.81,2
66.67,80.0,71.79,80.0,70.0,75.0,68.52,3
66.67,68.0,76.92,66.67,90.0,87.5,87.04,3
83.33,56.0,74.36,70.0,76.67,81.25,85.19,3
83.33,80.0,76.92,86.67,53.33,43.75,53.7,2
83.33,76.0,84.62,90.0,60.0,75.0,75.93,3
50.0,40.0,38.46,43.33,50.0,56.25,50.0,2
83.33,72.0,79.49,66.67,73.33,75.0,75.93,3
33.33,24.0,20.51,30.0,96.67,68.75,64.81,1
83.33,72.0,66.67,70.0,93.33,81.25,88.89,3
33.33,32.0,41.03,46.67,40.0,37.5,38.89,1
66.67,72.0,56.41,56.67,56.67,43.75,64.81,2
66.67,76.0,74.36,73.33,50.0,50.0,53.7,2
66.67,76.0,97.44,76.67,33.33,56.25,44.44,2
66.67,68.0,71.79,66.67,90.0,81.25,83.33,3
50.0,48.0,43.59,53.33,43.33,50.0,46.3,2
83.33,88.0,87.18,93.33,76.67,75.0,68.52,3
50.0,52.0,71.79,36.67,63.33,43.75,72.22,2
100.0,84.0,87.18,93.33,90.0,93.75,83.33,3
66.67,68.0,71.79,66.67,70.0,68.75,46.3,2
50.0,44.0,43.59,56.67,80.0,68.75,81.48,2
50.0,32.0,41.03,26.67,33.33,37.5,40.74,1
50.0,52.0,71.79,63.33,50.0,87.5,44.44,2
83.33,88.0,84.62,93.33,90.0,93.75,87.04,3
83.33,60.0,84.62,70.0,50.0,50.0,53.7,2
83.33,96.0,92.31,100.0,96.67,87.5,94.44,3
83.33,64.0,87.18,73.33,73.33,81.25,83.33,3
66.67,60.0,74.36,73.33,83.33,81.25,85.19,3
83.33,36.0,35.9,30.0,23.33,31.25,16.67,1
83.33,32.0,33.33,33.33,36.67,18.75,20.37,1
83.33,36.0,28.21,36.67,20.0,18.75,33.33,1
66.67,60.0,74.36,36.67,73.33,75.0,44.44,2
66.67,48.0,53.85,53.33,66.67,68.75,77.78,2
66.67,92.0,82.05,73.33,86.67,75.0,72.22,3
83.33,24.0,35.9,40.0,43.33,18.75,40.74,1
66.67,64.0,71.79,63.33,50.0,75.0,72.22,2
50.0,60.0,82.05,63.33,16.67,18.75,14.81,1
66.67,64.0,69.23,73.33,76.67,68.75,75.93,3
33.33,32.0,20.51,23.33,20.0,43.75,37.04,1
33.33,40.0,38.46,43.33,56.67,56.25,53.7,2
33.33,28.0,33.33,26.67,23.33,37.5,42.59,1
66.67,72.0,71.79,70.0,80.0,93.75,92.59,3
83.33,84.0,84.62,90.0,86.67,87.5,87.04,3
50.0,24.0,43.59,30.0,33.33,25.0,14.81,1
66.67,52.0,48.72,70.0,40.0,62.5,53.7,2
83.33,80.0,79.49,86.67,76.67,75.0,83.33,3
66.67,64.0,71.79,60.0,20.0,25.0,22.22,1
50.0,64.0,64.1,63.33,26.67,25.0,22.22,1
66.67,56.0,51.28,56.67,10.0,25.0,37.04,1
33.33,36.0,30.77,26.67,63.33,56.25,64.81,1
66.67,84.0,97.44,63.33,36.67,56.25,29.63,2
50.0,68.0,58.97,73.33,80.0,37.5,64.81,2
83.33,72.0,87.18,70.0,76.67,81.25,81.48,3
100.0,96.0,87.18,93.33,83.33,87.5,77.78,3
83.33,24.0,33.33,23.33,36.67,43.75,44.44,1
50.0,64.0,69.23,60.0,73.33,81.25,42.59,2
33.33,60.0,41.03,50.0,73.33,75.0,75.93,2
50.0,40.0,48.72,43.33,46.67,43.75,46.3,2
33.33,56.0,33.33,10.0,56.67,37.5,53.7,1
50.0,52.0,56.41,46.67,53.33,50.0,48.15,2
33.33,68.0,51.28,50.0,66.67,87.5,85.19,2
50.0,44.0,48.72,53.33,46.67,56.25,48.15,2
50.0,52.0,43.59,53.33,70.0,93.75,92.59,2
50.0,44.0,41.03,46.67,46.67,50.0,55.56,2
83.33,76.0,66.67,86.67,43.33,43.75,37.04,2
83.33,92.0,71.79,80.0,90.0,81.25,75.93,3
50.0,48.0,46.15,46.67,56.67,50.0,44.44,2
66.67,68.0,51.28,50.0,50.0,56.25,72.22,2
66.67,80.0,74.36,76.67,73.33,75.0,85.19,3
66.67,72.0,76.92,73.33,70.0,68.75,74.07,3
83.33,84.0,100.0,80.0,76.67,75.0,62.96,3
33.33,20.0,20.51,23.33,36.67,18.75,18.52,1
66.67,72.0,43.59,73.33,66.67,68.75,74.07,2
83.33,72.0,92.31,66.67,60.0,43.75,59.26,2
66.67,56.0,51.28,56.67,50.0,43.75,44.44,2
66.67,84.0,64.1,76.67,73.33,75.0,64.81,3
66.67,72.0,84.62,80.0,93.33,68.75,87.04,3
83.33,72.0,69.23,60.0,6.67,25.0,24.07,1
83.33,60.0,66.67,76.67,53.33,56.25,46.3,2
66.67,52.0,71.79,73.33,40.0,75.0,57.41,2
83.33,96.0,84.62,93.33,90.0,93.75,88.89,3
16.67,12.0,48.72,50.0,16.67,56.25,51.85,1
100.0,88.0,92.31,86.67,90.0,93.75,87.04,3
33.33,52.0,46.15,46.67,80.0,68.75,81.48,2
83.33,88.0,87.18,63.33,53.33,62.5,50.0,2
83.33,84.0,87.18,86.67,70.0,68.75,74.07,3
66.67,76.0,74.36,66.67,96.67,87.5,83.33,3
66.67,44.0,33.33,20.0,63.33,25.0,50.0,1
66.67,64.0,64.1,73.33,80.0,62.5,48.15,2
66.67,56.0,38.46,70.0,53.33,56.25,66.67,2
66.67,76.0,66.67,73.33,90.0,93.75,94.44,3
66.67,16.0,33.33,10.0,33.33,25.0,29.63,1
66.67,52.0,66.67,76.67,63.33,68.75,70.37,2
33.33,56.0,41.03,43.33,43.33,62.5,38.89,2
33.33,32.0,20.51,23.33,53.33,37.5,31.48,1
83.33,88.0,92.31,90.0,96.67,87.5,87.04,3
100.0,84.0,87.18,93.33,73.33,75.0,64.81,3
66.67,72.0,58.97,53.33,46.67,62.5,51.85,2
83.33,80.0,76.92,76.67,60.0,43.75,48.15,2
66.67,80.0,69.23,73.33,90.0,87.5,92.59,3
66.67,52.0,82.05,73.33,76.67,50.0,59.26,2
66.67,68.0,82.05,63.33,20.0,37.5,18.52,1
83.33,88.0,84.62,73.33,53.33,50.0,51.85,2
100.0,40.0,51.28,26.67,20.0,18.75,31.48,1
50.0,68.0,43.59,56.67,60.0,43.75,59.26,2
50.0,52.0,64.1,60.0,83.33,81.25,100.0,2
33.33,32.0,17.95,26.67,40.0,50.0,35.19,1
50.0,88.0,53.85,86.67,73.33,62.5,50.0,2
50.0,60.0,46.15,53.33,80.0,75.0,79.63,2
100.0,88.0,89.74,90.0,80.0,75.0,72.22,3
83.33,80.0,89.74,80.0,80.0,81.25,72.22,3
66.67,48.0,58.97,76.67,26.67,25.0,22.22,1
33.33,28.0,30.77,30.0,63.33,50.0,57.41,1
66.67,56.0,35.9,60.0,66.67,75.0,79.63,2
33.33,36.0,35.9,46.67,40.0,37.5,38.89,1
33.33,32.0,38.46,36.67,40.0,56.25,38.89,1
50.0,56.0,48.72,56.67,76.67,81.25,79.63,2
66.67,72.0,82.05,73.33,80.0,75.0,88.89,3
50.0,84.0,71.79,86.67,80.0,87.5,83.33,3
83.33,72.0,74.36,83.33,53.33,37.5,51.85,2
16.67,60.0,20.51,63.33,16.67,62.5,51.85,1
33.33,32.0,56.41,13.33,16.67,62.5,25.93,1
66.67,72.0,82.05,76.67,80.0,68.75,83.33,3
66.67,68.0,74.36,80.0,66.67,75.0,77.78,3
50.0,48.0,51.28,46.67,50.0,50.0,53.7,2
66.67,72.0,74.36,60.0,73.33,56.25,44.44,2
33.33,24.0,17.95,30.0,56.67,56.25,75.93,1
83.33,24.0,30.77,40.0,33.33,31.25,11.11,1
50.0,64.0,43.59,46.67,70.0,68.75,79.63,2
83.33,88.0,71.79,56.67,73.33,93.75,77.78,3
83.33,80.0,84.62,76.67,43.33,43.75,48.15,2
50.0,12.0,7.69,23.33,60.0,50.0,48.15,1
100.0,88.0,97.44,83.33,90.0,87.5,96.3,3
83.33,80.0,79.49,90.0,66.67,75.0,68.52,3
50.0,56.0,79.49,56.67,76.67,68.75,40.74,2
33.33,44.0,41.03,63.33,63.33,75.0,79.63,2
66.67,56.0,64.1,53.33,33.33,31.25,35.19,1
83.33,72.0,69.23,70.0,90.0,93.75,94.44,3
83.33,36.0,33.33,36.67,23.33,37.5,25.93,1
83.33,68.0,76.92,70.0,86.67,87.5,77.78,3
50.0,68.0,74.36,76.67,73.33,75.0,72.22,2
50.0,40.0,43.59,46.67,53.33,43.75,46.3,2
50.0,72.0,71.79,53.33,90.0,50.0,59.26,2
83.33,68.0,79.49,73.33,63.33,81.25,81.48,3
66.67,64.0,58.97,46.67,60.0,56.25,66.67,2
33.33,32.0,35.9,20.0,26.67,31.25,33.33,1
33.33,48.0,38.46,40.0,13.33,12.5,48.15,1
66.67,76.0,69.23,60.0,93.33,81.25,94.44,3
33.33,28.0,23.08,26.67,26.67,31.25,31.48,1
33.33,20.0,30.77,26.67,16.67,25.0,27.78,1
50.0,48.0,51.28,53.33,86.67,81.25,75.93,2
66.67,68.0,61.54,70.0,93.33,81.25,83.33,3
83.33,36.0,38.46,33.33,23.33,50.0,18.52,1
66.67,76.0,66.67,73.33,73.33,62.5,79.63,3
16.67,40.0,15.38,33.33,86.67,75.0,66.67,1
33.33,36.0,28.21,30.0,56.67,56.25,68.52,1
66.67,72.0,69.23,70.0,96.67,87.5,88.89,3
33.33,36.0,48.72,50.0,36.67,43.75,35.19,1
50.0,76.0,48.72,53.33,56.67,50.0,48.15,2
50.0,48.0,46.15,46.67,46.67,50.0,48.15,2
83.33,88.0,82.05,73.33,70.0,81.25,75.93,3
16.67,56.0,15.38,56.67,53.33,56.25,46.3,1
83.33,64.0,84.62,90.0,80.0,87.5,83.33,3
83.33,72.0,76.92,73.33,93.33,87.5,79.63,3
66.67,72.0,76.92,63.33,23.33,25.0,25.93,1
83.33,72.0,71.79,76.67,76.67,75.0,77.78,3
83.33,80.0,79.49,76.67,83.33,68.75,79.63,3
50.0,36.0,35.9,40.0,40.0,31.25,46.3,1
66.67,76.0,66.67,73.33,66.67,75.0,72.22,3
50.0,60.0,82.05,66.67,60.0,68.75,68.52,2
66.67,28.0,48.72,60.0,56.67,12.5,14.81,1
16.67,28.0,25.64,23.33,13.33,25.0,37.04,1
66.67,84.0,79.49,80.0,83.33,81.25,90.74,3
83.33,32.0,20.51,43.33,33.33,31.25,14.81,1
16.67,24.0,25.64,16.67,63.33,81.25,72.22,1
66.67,64.0,43.59,63.33,80.0,75.0,72.22,2
83.33,84.0,87.18,86.67,53.33,68.75,51.85,2
33.33,40.0,28.21,46.67,40.0,37.5,37.04,1
66.67,88.0,74.36,70.0,53.33,50.0,51.85,2
66.67,76.0,79.49,73.33,100.0,81.25,92.59,3
83.33,40.0,46.15,30.0,33.33,37.5,29.63,1
16.67,28.0,23.08,23.33,73.33,81.25,64.81,1
83.33,28.0,23.08,53.33,23.33,37.5,27.78,1
100.0,84.0,84.62,80.0,80.0,75.0,75.93,3
50.0,60.0,43.59,73.33,53.33,43.75,55.56,2
66.67,68.0,61.54,73.33,46.67,68.75,62.96,2
66.67,64.0,71.79,46.67,70.0,68.75,61.11,2
83.33,92.0,89.74,83.33,70.0,81.25,79.63,3
83.33,36.0,17.95,43.33,40.0,6.25,37.04,1
100.0,96.0,92.31,86.67,73.33,68.75,66.67,3
16.67,32.0,7.69,20.0,83.33,62.5,74.07,1
83.33,88.0,100.0,86.67,70.0,68.75,72.22,3
16.67,24.0,20.51,30.0,76.67,62.5,66.67,1
16.67,24.0,25.64,30.0,76.67,56.25,85.19,1
83.33,92.0,89.74,93.33,80.0,87.5,90.74,3
83.33,68.0,74.36,80.0,86.67,93.75,88.89,3
66.67,76.0,64.1,86.67,60.0,50.0,42.59,2
66.67,64.0,64.1,66.67,46.67,68.75,62.96,2
50.0,72.0,56.41,80.0,70.0,62.5,57.41,2
83.33,76.0,87.18,80.0,76.67,68.75,83.33,3
50.0,64.0,56.41,63.33,33.33,31.25,35.19,1
83.33,84.0,89.74,76.67,73.33,62.5,66.67,3
66.67,76.0,74.36,70.0,76.67,68.75,74.07,3
66.67,68.0,64.1,60.0,70.0,68.75,50.0,2
50.0,24.0,30.77,36.67,26.67,37.5,31.48,1
83.33,88.0,87.18,90.0,60.0,68.75,77.78,3
66.67,80.0,71.79,73.33,70.0,68.75,74.07,3
66.67,56.0,58.97,60.0,63.33,62.5,51.85,2
83.33,68.0,74.36,73.33,76.67,75.0,72.22,3
66.67,68.0,69.23,56.67,40.0,50.0,48.15,2
50.0,64.0,41.03,56.67,73.33,81.25,85.19,2
50.0,48.0,56.41,60.0,90.0,68.75,75.93,2
50.0,56.0,48.72,36.67,80.0,75.0,62.96,2
50.0,48.0,48.72,43.33,50.0,50.0,38.89,2
50.0,56.0,53.85,63.33,53.33,81.25,79.63,2
50.0,60.0,69.23,53.33,63.33,62.5,25.93,2
16.67,56.0,38.46,20.0,53.33,18.75,16.67,1
66.67,52.0,64.1,80.0,76.67,68.75,68.52,2
16.67,20.0,20.51,13.33,66.67,56.25,70.37,1
50.0,56.0,56.41,40.0,80.0,93.75,88.89,2
50.0,52.0,58.97,63.33,50.0,62.5,57.41,2
83.33,80.0,74.36,70.0,83.33,75.0,75.93,3
83.33,92.0,89.74,90.0,73.33,75.0,72.22,3
83.33,76.0,79.49,80.0,53.33,50.0,53.7,2
66.67,72.0,61.54,70.0,93.33,87.5,90.74,3
33.33,36.0,48.72,36.67,46.67,31.25,37.04,1
50.0,68.0,46.15,53.33,70.0,81.25,85.19,2
83.33,56.0,71.79,73.33,23.33,25.0,24.07,1
83.33,24.0,43.59,23.33,36.67,50.0,31.48,1
50.0,32.0,38.46,33.33,36.67,37.5,44.44,1
66.67,68.0,82.05,73.33,83.33,93.75,83.33,3
83.33,96.0,87.18,76.67,53.33,56.25,55.56,2
50.0,44.0,35.9,46.67,43.33,50.0,55.56,2
83.33,72.0,74.36,73.33,66.67,68.75,70.37,3
83.33,88.0,89.74,93.33,73.33,81.25,62.96,3
16.67,48.0,17.95,36.67,16.67,37.5,57.41,1
66.67,88.0,58.97,66.67,20.0,18.75,11.11,1
66.67,80.0,82.05,83.33,86.67,81.25,75.93,3
0.0,48.0,30.77,20.0,30.0,43.75,48.15,1
66.67,60.0,66.67,43.33,50.0,62.5,44.44,2
83.33,80.0,89.74,90.0,86.67,81.25,66.67,3
83.33,76.0,76.92,70.0,93.33,87.5,83.33,3
66.67,60.0,69.23,86.67,50.0,50.0,61.11,2
83.33,68.0,76.92,73.33,73.33,68.75,75.93,3
66.67,76.0,58.97,73.33,53.33,81.25,48.15,2
50.0,36.0,35.9,40.0,36.67,43.75,44.44,1
33.33,28.0,25.64,30.0,76.67,81.25,77.78,1
66.67,84.0,74.36,80.0,70.0,75.0,77.78,3
50.0,52.0,51.28,43.33,66.67,81.25,74.07,2
66.67,60.0,89.74,96.67,20.0,18.75,22.22,1
16.67,24.0,20.51,26.67,70.0,68.75,72.22,1
50.0,56.0,53.85,53.33,70.0,43.75,64.81,2
83.33,36.0,25.64,33.33,33.33,43.75,31.48,1
66.67,88.0,71.79,70.0,80.0,75.0,81.48,3
33.33,28.0,30.77,13.33,80.0,75.0,72.22,1
33.33,20.0,43.59,26.67,43.33,37.5,11.11,1
100.0,92.0,94.87,90.0,86.67,93.75,81.48,3
66.67,76.0,71.79,73.33,73.33,68.75,66.67,3
50.0,44.0,12.82,16.67,23.33,43.75,66.67,1
50.0,48.0,48.72,40.0,43.33,43.75,44.44,2
66.67,52.0,53.85,43.33,70.0,56.25,61.11,2
66.67,68.0,71.79,76.67,70.0,68.75,75.93,3
33.33,20.0,7.69,6.67,86.67,75.0,81.48,1
66.67,72.0,64.1,66.67,93.33,81.25,79.63,3
83.33,76.0,76.92,80.0,73.33,75.0,81.48,3
100.0,92.0,100.0,83.33,93.33,93.75,88.89,3
50.0,76.0,79.49,63.33,43.33,62.5,59.26,2
33.33,28.0,15.38,13.33,60.0,62.5,66.67,1
16.67,28.0,56.41,43.33,53.33,6.25,53.7,1
33.33,32.0,41.03,46.67,46.67,50.0,38.89,1
83.33,72.0,71.79,73.33,90.0,93.75,81.48,3
50.0,52.0,51.28,46.67,80.0,75.0,79.63,2
50.0,52.0,51.28,43.33,50.0,50.0,50.0,2
83.33,84.0,76.92,63.33,70.0,68.75,77.78,3
83.33,80.0,74.36,83.33,76.67,75.0,77.78,3
33.33,44.0,38.46,43.33,36.67,50.0,35.19,1
83.33,88.0,82.05,90.0,40.0,62.5,53.7,2
83.33,20.0,33.33,23.33,40.0,31.25,20.37,1
66.67,60.0,64.1,63.33,50.0,68.75,62.96,2
66.67,80.0,79.49,80.0,76.67,87.5,77.78,3
66.67,72.0,71.79,70.0,76.67,75.0,70.37,3
50.0,40.0,12.82,43.33,20.0,56.25,51.85,1
50.0,20.0,0.0,36.67,46.67,37.5,37.04,1
50.0,76.0,76.92,66.67,56.67,62.5,61.11,2
16.67,36.0,23.08,13.33,33.33,31.25,38.89,1
83.33,96.0,76.92,80.0,16.67,31.25,22.22,1
50.0,52.0,51.28,50.0,46.67,50.0,51.85,2
66.67,76.0,69.23,70.0,66.67,50.0,79.63,2
83.33,32.0,28.21,26.67,36.67,43.75,31.48,1
100.0,72.0,79.49,80.0,66.67,56.25,57.41,2
0.0,16.0,61.54,56.67,26.67,43.75,51.85,1
83.33,80.0,82.05,80.0,53.33,37.5,53.7,2
66.67,80.0,66.67,66.67,90.0,100.0,96.3,3
83.33,92.0,64.1,60.0,23.33,18.75,11.11,1
50.0,44.0,46.15,50.0,50.0,50.0,44.44,2
83.33,20.0,28.21,40.0,26.67,31.25,16.67,1
83.33,64.0,69.23,46.67,66.67,62.5,70.37,2
66.67,68.0,71.79,66.67,50.0,68.75,66.67,2
66.67,40.0,61.54,20.0,70.0,6.25,70.37,1
66.67,64.0,76.92,66.67,76.67,68.75,77.78,3
50.0,52.0,43.59,63.33,63.33,56.25,44.44,2
66.67,64.0,58.97,80.0,60.0,50.0,44.44,2
100.0,92.0,89.74,96.67,86.67,81.25,83.33,3
16.67,16.0,35.9,30.0,26.67,37.5,12.96,1
83.33,96.0,92.31,83.33,93.33,87.5,85.19,3
50.0,48.0,46.15,56.67,46.67,56.25,51.85,2
83.33,56.0,69.23,80.0,16.67,31.25,31.48,1
50.0,44.0,46.15,46.67,43.33,43.75,46.3,2
50.0,60.0,48.72,53.33,86.67,68.75,75.93,2
66.67,72.0,69.23,80.0,90.0,93.75,98.15,3
50.0,48.0,61.54,63.33,66.67,56.25,72.22,2
66.67,68.0,43.59,66.67,73.33,62.5,66.67,2
83.33,84.0,82.05,83.33,76.67,81.25,55.56,3
66.67,20.0,51.28,3.33,16.67,50.0,53.7,1
66.67,80.0,56.41,73.33,40.0,75.0,57.41,2
66.67,68.0,69.23,73.33,90.0,87.5,90.74,3
50.0,68.0,56.41,40.0,56.67,68.75,57.41,2
33.33,12.0,23.08,26.67,76.67,68.75,64.81,1
83.33,92.0,84.62,90.0,76.67,56.25,81.48,3
66.67,80.0,79.49,66.67,76.67,81.25,75.93,3
33.33,40.0,41.03,56.67,63.33,68.75,64.81,2
66.67,88.0,76.92,73.33,20.0,25.0,12.96,1
50.0,48.0,58.97,73.33,80.0,75.0,57.41,2
50.0,36.0,51.28,40.0,43.33,37.5,40.74,1
83.33,84.0,89.74,86.67,100.0,87.5,96.3,3
66.67,56.0,48.72,66.67,66.67,50.0,51.85,2
33.33,32.0,30.77,26.67,66.67,81.25,85.19,1
66.67,36.0,58.97,80.0,66.67,50.0,66.67,2
16.67,56.0,20.51,10.0,53.33,37.5,50.0,1
33.33,44.0,20.51,46.67,26.67,25.0,27.78,1
66.67,76.0,69.23,83.33,90.0,93.75,88.89,3
16.67,12.0,15.38,36.67,30.0,37.5,16.67,1
33.33,44.0,43.59,40.0,36.67,43.75,33.33,1
83.33,28.0,33.33,20.0,30.0,18.75,22.22,1
83.33,80.0,74.36,90.0,33.33,12.5,25.93,1
33.33,32.0,2.56,16.67,83.33,62.5,88.89,1
50.0,68.0,46.15,43.33,70.0,56.25,79.63,2
50.0,56.0,35.9,50.0,86.67,81.25,79.63,2
50.0,48.0,48.72,43.33,50.0,50.0,48.15,2
83.33,88.0,89.74,90.0,90.0,87.5,87.04,3
66.67,80.0,61.54,70.0,90.0,87.5,94.44,3
66.67,48.0,69.23,80.0,76.67,68.75,68.52,2
50.0,48.0,79.49,46.67,46.67,75.0,68.52,2
66.67,68.0,69.23,76.67,80.0,93.75,87.04,3
66.67,48.0,46.15,90.0,66.67,50.0,66.67,2
33.33,20.0,25.64,26.67,76.67,68.75,68.52,1
66.67,72.0,69.23,70.0,90.0,93.75,87.04,3
83.33,76.0,87.18,76.67,63.33,100.0,79.63,3
83.33,64.0,51.28,70.0,53.33,75.0,53.7,2
83.33,68.0,66.67,76.67,80.0,87.5,87.04,3
83.33,84.0,71.79,83.33,73.33,81.25,59.26,3
83.33,80.0,74.36,60.0,66.67,87.5,77.78,3
83.33,72.0,71.79,83.33,20.0,18.75,5.56,1
83.33,88.0,82.05,93.33,83.33,93.75,92.59,3
83.33,72.0,61.54,70.0,90.0,81.25,87.04,3
33.33,24.0,23.08,60.0,50.0,18.75,48.15,1
83.33,76.0,79.49,80.0,53.33,56.25,59.26,2
50.0,48.0,35.9,33.33,36.67,43.75,37.04,1
16.67,40.0,38.46,13.33,50.0,12.5,44.44,1
83.33,72.0,76.92,73.33,76.67,68.75,72.22,3
33.33,56.0,74.36,16.67,53.33,18.75,53.7,1
33.33,32.0,28.21,30.0,46.67,25.0,29.63,1
66.67,76.0,76.92,66.67,90.0,93.75,87.04,3
83.33,88.0,84.62,90.0,60.0,75.0,77.78,3
83.33,76.0,89.74,73.33,50.0,50.0,53.7,2
33.33,16.0,33.33,23.33,83.33,75.0,75.93,1
83.33,52.0,28.21,16.67,40.0,31.25,33.33,1
66.67,80.0,84.62,80.0,70.0,81.25,59.26,3
83.33,88.0,87.18,90.0,90.0,100.0,94.44,3
50.0,52.0,43.59,43.33,50.0,43.75,48.15,2
66.67,72.0,74.36,73.33,70.0,68.75,77.78,3
83.33,76.0,82.05,73.33,93.33,56.25,79.63,3
83.33,88.0,82.05,93.33,90.0,81.25,90.74,3
66.67,80.0,66.67,73.33,66.67,81.25,72.22,3
83.33,96.0,89.74,86.67,70.0,75.0,68.52,3
50.0,48.0,38.46,46.67,50.0,43.75,38.89,2
50.0,56.0,64.1,60.0,90.0,43.75,68.52,2
50.0,60.0,48.72,53.33,73.33,81.25,83.33,2
83.33,76.0,79.49,80.0,70.0,56.25,77.78,3
66.67,72.0,69.23,73.33,86.67,81.25,85.19,3
66.67,72.0,74.36,70.0,73.33,68.75,74.07,3
50.0,68.0,58.97,76.67,76.67,62.5,70.37,2
33.33,28.0,30.77,30.0,73.33,75.0,61.11,1
83.33,56.0,74.36,66.67,16.67,25.0,33.33,1
66.67,48.0,69.23,66.67,60.0,62.5,68.52,2
66.67,84.0,66.67,76.67,66.67,87.5,79.63,3
66.67,64.0,82.05,86.67,56.67,37.5,50.0,2
83.33,68.0,71.79,70.0,73.33,75.0,64.81,3
83.33,92.0,79.49,73.33,76.67,81.25,83.33,3
50.0,52.0,43.59,50.0,66.67,75.0,98.15,2
50.0,68.0,53.85,56.67,70.0,75.0,74.07,2
83.33,84.0,82.05,70.0,73.33,87.5,70.37,3
83.33,84.0,89.74,90.0,76.67,68.75,72.22,3
50.0,48.0,53.85,43.33,86.67,75.0,83.33,2
66.67,72.0,64.1,73.33,83.33,93.75,88.89,3
83.33,96.0,97.44,93.33,86.67,93.75,81.48,3
66.67,88.0,74.36,70.0,80.0,68.75,75.93,3
50.0,52.0,43.59,50.0,46.67,50.0,51.85,2
83.33,68.0,69.23,90.0,53.33,50.0,57.41,2
83.33,24.0,28.21,43.33,33.33,25.0,40.74,1
0.0,16.0,38.46,36.67,70.0,62.5,12.96,1
83.33,88.0,61.54,80.0,83.33,81.25,77.78,3
66.67,76.0,69.23,80.0,66.67,62.5,44.44,2
33.33,32.0,33.33,30.0,60.0,68.75,70.37,1
66.67,56.0,76.92,86.67,90.0,68.75,83.33,3
83.33,88.0,92.31,93.33,96.67,100.0,87.04,3
50.0,44.0,43.59,50.0,43.33,43.75,44.44,2
66.67,80.0,53.85,73.33,26.67,6.25,20.37,1
83.33,56.0,69.23,73.33,33.33,31.25,20.37,1
83.33,88.0,84.62,86.67,76.67,81.25,81.48,3
50.0,24.0,53.85,66.67,10.0,37.5,44.44,1
66.67,68.0,76.92,73.33,73.33,68.75,66.67,3
66.67,72.0,71.79,76.67,66.67,75.0,75.93,3
83.33,76.0,74.36,63.33,50.0,56.25,37.04,2
83.33,92.0,89.74,76.67,86.67,93.75,100.0,3
33.33,44.0,46.15,30.0,33.33,37.5,42.59,1
66.67,64.0,66.67,43.33,66.67,75.0,66.67,2
83.33,72.0,64.1,76.67,90.0,81.25,88.89,3
66.67,60.0,79.49,76.67,33.33,31.25,22.22,1
33.33,44.0,48.72,46.67,73.33,81.25,92.59,2
83.33,48.0,41.03,36.67,33.33,31.25,31.48,1
50.0,68.0,66.67,66.67,66.67,62.5,70.37,2
66.67,76.0,74.36,73.33,83.33,87.5,96.3,3
100.0,80.0,89.74,73.33,80.0,87.5,57.41,3
66.67,48.0,69.23,76.67,63.33,50.0,53.7,2
66.67,68.0,74.36,66.67,66.67,75.0,77.78,3
33.33,44.0,35.9,33.33,36.67,37.5,50.0,1
66.67,56.0,53.85,76.67,16.67,25.0,20.37,1
66.67,76.0,66.67,73.33,80.0,75.0,46.3,2
83.33,36.0,23.08,33.33,36.67,25.0,37.04,1
66.67,72.0,58.97,70.0,33.33,18.75,24.07,1
83.33,68.0,79.49,73.33,76.67,87.5,79.63,3
50.0,60.0,64.1,66.67,70.0,56.25,51.85,2
100.0,92.0,89.74,90.0,86.67,81.25,90.74,3
83.33,72.0,76.92,70.0,63.33,68.75,77.78,3
50.0,0.0,10.26,56.67,13.33,31.25,55.56,1
66.67,64.0,71.79,53.33,66.67,68.75,66.67,2
50.0,28.0,25.64,26.67,16.67,31.25,38.89,1
100.0,92.0,89.74,93.33,76.67,68.75,66.67,3
66.67,76.0,74.36,73.33,63.33,68.75,75.93,3
66.67,76.0,69.23,76.67,90.0,81.25,98.15,3
33.33,36.0,33.33,33.33,26.67,18.75,40.74,1
66.67,76.0,79.49,73.33,80.0,93.75,87.04,3
33.33,40.0,48.72,36.67,36.67,50.0,48.15,1
66.67,76.0,84.62,80.0,26.67,25.0,27.78,1
83.33,72.0,74.36,66.67,93.33,93.75,100.0,3
33.33,44.0,35.9,40.0,36.67,37.5,40.74,1
50.0,12.0,58.97,60.0,23.33,12.5,59.26,1
83.33,80.0,66.67,86.67,23.33,31.25,29.63,1
83.33,100.0,92.31,93.33,83.33,81.25,94.44,3
66.67,64.0,66.67,63.33,66.67,43.75,59.26,2
66.67,72.0,74.36,70.0,76.67,75.0,68.52,3
33.33,40.0,35.9,46.67,33.33,43.75,33.33,1
16.67,20.0,30.77,33.33,73.33,75.0,77.78,1
83.33,76.0,84.62,73.33,53.33,56.25,51.85,2
66.67,72.0,69.23,66.67,80.0,75.0,70.37,3
83.33,76.0,76.92,80.0,56.67,81.25,79.63,3
66.67,72.0,71.79,70.0,70.0,68.75,72.22,3
66.67,72.0,64.1,50.0,46.67,56.25,70.37,2
83.33,80.0,71.79,83.33,86.67,75.0,87.04,3
66.67,88.0,71.79,93.33,76.67,50.0,83.33,3
83.33,96.0,92.31,86.67,83.33,87.5,57.41,3
66.67,48.0,58.97,50.0,86.67,75.0,83.33,2
66.67,56.0,51.28,60.0,30.0,37.5,33.33,1
66.67,80.0,74.36,70.0,70.0,68.75,70.37,3
66.67,56.0,71.79,56.67,30.0,25.0,27.78,1
83.33,84.0,71.79,76.67,63.33,87.5,87.04,3
100.0,68.0,79.49,83.33,80.0,75.0,72.22,3
83.33,60.0,74.36,60.0,23.33,25.0,37.04,1
66.67,56.0,66.67,76.67,23.33,31.25,25.93,1
66.67,76.0,71.79,70.0,73.33,75.0,68.52,3
83.33,84.0,84.62,66.67,43.33,43.75,53.7,2
66.67,72.0,61.54,73.33,76.67,81.25,70.37,3
83.33,88.0,84.62,83.33,76.67,62.5,72.22,3
83.33,44.0,48.72,76.67,73.33,50.0,62.96,2
66.67,60.0,66.67,50.0,73.33,62.5,66.67,2
33.33,12.0,41.03,16.67,23.33,25.0,35.19,1
83.33,96.0,89.74,83.33,76.67,75.0,59.26,3
50.0,44.0,35.9,46.67,43.33,56.25,53.7,2
33.33,32.0,48.72,36.67,46.67,50.0,35.19,1
83.33,52.0,74.36,80.0,70.0,68.75,85.19,3
83.33,88.0,69.23,80.0,46.67,50.0,44.44,2
83.33,80.0,79.49,66.67,66.67,50.0,42.59,2
50.0,44.0,51.28,46.67,50.0,43.75,53.7,2
33.33,20.0,12.82,16.67,63.33,56.25,59.26,1
66.67,64.0,64.1,70.0,23.33,37.5,18.52,1
66.67,72.0,64.1,70.0,83.33,87.5,88.89,3
100.0,84.0,82.05,86.67,80.0,93.75,90.74,3
16.67,24.0,30.77,20.0,66.67,81.25,75.93,1
33.33,36.0,33.33,33.33,30.0,43.75,33.33,1
83.33,80.0,76.92,70.0,80.0,68.75,83.33,3
83.33,80.0,76.92,76.67,86.67,81.25,72.22,3
83.33,100.0,94.87,86.67,93.33,93.75,87.04,3
50.0,48.0,48.72,50.0,50.0,50.0,46.3,2
33.33,36.0,35.9,30.0,36.67,68.75,70.37,1
66.67,48.0,58.97,60.0,56.67,50.0,61.11,2
100.0,88.0,87.18,80.0,96.67,93.75,90.74,3
66.67,68.0,74.36,70.0,26.67,18.75,31.48,1
83.33,92.0,84.62,96.67,83.33,87.5,85.19,3
83.33,32.0,33.33,26.67,16.67,37.5,11.11,1
100.0,84.0,84.62,53.33,80.0,81.25,87.04,3
50.0,8.0,53.85,30.0,20.0,56.25,18.52,1
66.67,76.0,71.79,73.33,90.0,87.5,85.19,3
83.33,68.0,74.36,76.67,93.33,87.5,88.89,3
66.67,72.0,76.92,70.0,96.67,81.25,83.33,3
66.67,20.0,20.51,60.0,16.67,56.25,53.7,1
83.33,48.0,74.36,73.33,80.0,68.75,68.52,2
50.0,56.0,43.59,43.33,46.67,56.25,51.85,2
83.33,84.0,64.1,73.33,86.67,93.75,79.63,3
83.33,88.0,94.87,90.0,100.0,93.75,88.89,3
83.33,72.0,76.92,76.67,50.0,56.25,57.41,2
83.33,96.0,94.87,90.0,96.67,81.25,88.89,3
50.0,64.0,46.15,53.33,76.67,81.25,94.44,2
50.0,72.0,76.92,76.67,66.67,62.5,72.22,2
66.67,76.0,71.79,70.0,90.0,81.25,81.48,3
66.67,64.0,58.97,46.67,30.0,31.25,31.48,1
66.67,72.0,76.92,83.33,76.67,75.0,75.93,3
66.67,84.0,92.31,83.33,43.33,62.5,51.85,2
83.33,88.0,87.18,93.33,90.0,87.5,77.78,3
33.33,52.0,15.38,53.33,66.67,25.0,44.44,1
33.33,24.0,23.08,26.67,66.67,62.5,66.67,1
50.0,56.0,56.41,56.67,86.67,75.0,87.04,2
16.67,12.0,58.97,50.0,56.67,37.5,42.59,1
50.0,56.0,48.72,46.67,76.67,93.75,88.89,2
33.33,20.0,17.95,23.33,80.0,75.0,72.22,1
83.33,80.0,82.05,76.67,86.67,68.75,77.78,3
83.33,76.0,43.59,63.33,36.67,62.5,64.81,2
83.33,20.0,38.46,36.67,30.0,25.0,40.74,1
83.33,96.0,87.18,86.67,70.0,75.0,72.22,3
83.33,88.0,89.74,96.67,73.33,75.0,70.37,3
66.67,72.0,76.92,73.33,83.33,87.5,85.19,3
83.33,76.0,79.49,73.33,56.67,62.5,51.85,2
16.67,60.0,28.21,13.33,53.33,50.0,46.3,1
83.33,24.0,35.9,23.33,30.0,25.0,31.48,1
100.0,88.0,89.74,90.0,93.33,93.75,94.44,3
66.67,48.0,51.28,60.0,76.67,62.5,70.37,2
66.67,84.0,64.1,66.67,80.0,87.5,92.59,3
33.33,20.0,25.64,20.0,76.67,68.75,59.26,1
66.67,68.0,71.79,80.0,73.33,75.0,77.78,3
66.67,60.0,69.23,46.67,60.0,50.0,87.04,2
66.67,80.0,74.36,73.33,70.0,68.75,70.37,3
83.33,72.0,71.79,76.67,20.0,25.0,25.93,1
16.67,24.0,25.64,56.67,53.33,50.0,55.56,1
66.67,76.0,74.36,80.0,83.33,81.25,83.33,3
33.33,16.0,28.21,30.0,66.67,75.0,59.26,1
50.0,36.0,56.41,56.67,76.67,87.5,75.93,2
83.33,32.0,15.38,13.33,43.33,25.0,25.93,1
66.67,72.0,74.36,73.33,90.0,81.25,85.19,3
83.33,76.0,71.79,70.0,73.33,75.0,81.48,3
83.33,76.0,71.79,83.33,36.67,56.25,64.81,2
83.33,72.0,71.79,66.67,90.0,93.75,87.04,3
83.33,96.0,84.62,80.0,86.67,100.0,87.04,3
66.67,100.0,66.67,76.67,26.67,25.0,31.48,1
66.67,72.0,84.62,83.33,73.33,68.75,83.33,3
66.67,80.0,79.49,70.0,76.67,68.75,70.37,3
83.33,72.0,69.23,73.33,83.33,81.25,87.04,3
66.67,68.0,53.85,46.67,83.33,56.25,55.56,2
66.67,24.0,33.33,43.33,20.0,25.0,33.33,1
83.33,92.0,92.31,100.0,96.67,93.75,92.59,3
83.33,100.0,82.05,86.67,80.0,75.0,59.26,3
66.67,16.0,41.03,33.33,46.67,56.25,16.67,1
50.0,40.0,43.59,46.67,43.33,37.5,55.56,2
33.33,48.0,51.28,43.33,46.67,50.0,44.44,2
66.67,84.0,74.36,70.0,26.67,31.25,33.33,1
83.33,76.0,76.92,76.67,76.67,68.75,72.22,3
83.33,92.0,84.62,93.33,86.67,81.25,96.3,3
66.67,56.0,61.54,60.0,56.67,56.25,59.26,2
33.33,60.0,51.28,53.33,60.0,62.5,55.56,2
66.67,68.0,64.1,73.33,46.67,68.75,72.22,2
100.0,84.0,100.0,93.33,93.33,87.5,94.44,3
66.67,48.0,76.92,76.67,70.0,62.5,61.11,2
100.0,72.0,76.92,73.33,53.33,50.0,50.0,2
83.33,84.0,87.18,83.33,83.33,81.25,59.26,3
83.33,80.0,92.31,86.67,70.0,62.5,70.37,3
83.33,80.0,74.36,83.33,56.67,56.25,53.7,2
66.67,88.0,64.1,70.0,30.0,25.0,31.48,1
83.33,68.0,69.23,73.33,83.33,93.75,83.33,3
33.33,40.0,30.77,43.33,26.67,43.75,33.33,1
83.33,96.0,87.18,83.33,76.67,68.75,74.07,3
66.67,40.0,51.28,43.33,60.0,81.25,88.89,2
50.0,44.0,43.59,46.67,46.67,50.0,42.59,2
50.0,68.0,56.41,56.67,46.67,56.25,72.22,2
66.67,36.0,25.64,43.33,30.0,18.75,14.81,1
50.0,48.0,48.72,40.0,53.33,43.75,40.74,2
100.0,88.0,94.87,93.33,93.33,87.5,87.04,3
66.67,60.0,71.79,76.67,46.67,75.0,57.41,2
66.67,28.0,33.33,36.67,26.67,18.75,31.48,1
16.67,40.0,33.33,33.33,36.67,31.25,35.19,1
16.67,44.0,10.26,23.33,33.33,37.5,25.93,1
66.67,64.0,71.79,60.0,33.33,31.25,27.78,1
66.67,64.0,20.51,60.0,66.67,43.75,22.22,1
66.67,80.0,76.92,70.0,40.0,43.75,51.85,2
83.33,76.0,66.67,46.67,70.0,68.75,72.22,2
100.0,100.0,84.62,96.67,80.0,75.0,70.37,3
66.67,64.0,69.23,90.0,30.0,12.5,20.37,1
100.0,84.0,94.87,86.67,83.33,93.75,100.0,3
66.67,80.0,69.23,93.33,30.0,18.75,24.07,1
100.0,76.0,56.41,90.0,43.33,43.75,53.7,2
50.0,60.0,58.97,56.67,46.67,68.75,53.7,2
83.33,60.0,58.97,56.67,70.0,68.75,81.48,2
33.33,36.0,33.33,30.0,50.0,31.25,37.04,1
33.33,32.0,25.64,16.67,56.67,62.5,64.81,1
100.0,84.0,87.18,90.0,76.67,75.0,70.37,3
33.33,48.0,48.72,56.67,56.67,43.75,48.15,2
50.0,40.0,53.85,53.33,60.0,56.25,51.85,2
50.0,88.0,84.62,70.0,83.33,81.25,83.33,3
83.33,80.0,82.05,83.33,83.33,81.25,79.63,3
66.67,68.0,7.69,23.33,50.0,43.75,27.78,1
50.0,48.0,48.72,40.0,46.67,43.75,51.85,2
16.67,12.0,30.77,23.33,20.0,37.5,27.78,1
100.0,80.0,84.62,93.33,70.0,75.0,72.22,3
50.0,52.0,48.72,50.0,50.0,50.0,40.74,2
33.33,36.0,46.15,30.0,43.33,37.5,44.44,1
66.67,72.0,76.92,76.67,86.67,93.75,92.59,3
66.67,80.0,64.1,66.67,70.0,81.25,77.78,3
83.33,72.0,79.49,83.33,36.67,25.0,16.67,1
50.0,48.0,56.41,33.33,73.33,75.0,81.48,2
83.33,84.0,87.18,83.33,66.67,62.5,66.67,3
33.33,32.0,33.33,33.33,56.67,50.0,55.56,1
16.67,28.0,25.64,16.67,76.67,68.75,70.37,1
83.33,68.0,92.31,80.0,46.67,43.75,57.41,2
83.33,88.0,84.62,83.33,86.67,87.5,88.89,3
83.33,68.0,74.36,73.33,83.33,81.25,83.33,3
83.33,84.0,82.05,83.33,80.0,68.75,70.37,3
83.33,92.0,87.18,90.0,70.0,68.75,75.93,3
66.67,64.0,87.18,66.67,23.33,25.0,25.93,1
83.33,88.0,82.05,93.33,66.67,81.25,74.07,3
83.33,88.0,89.74,83.33,86.67,87.5,83.33,3
83.33,80.0,58.97,80.0,23.33,6.25,20.37,1
66.67,72.0,84.62,66.67,63.33,75.0,48.15,2
83.33,92.0,82.05,63.33,86.67,87.5,74.07,3
66.67,64.0,48.72,66.67,56.67,68.75,70.37,2
50.0,48.0,51.28,53.33,53.33,43.75,50.0,2
100.0,36.0,35.9,23.33,43.33,18.75,40.74,1
83.33,68.0,84.62,86.67,80.0,81.25,64.81,3
66.67,60.0,69.23,50.0,76.67,75.0,74.07,2
50.0,44.0,38.46,50.0,50.0,50.0,44.44,2
50.0,52.0,53.85,53.33,73.33,87.5,70.37,2
83.33,88.0,76.92,56.67,83.33,81.25,87.04,3
66.67,84.0,58.97,76.67,30.0,12.5,29.63,1
83.33,48.0,28.21,36.67,36.67,31.25,18.52,1
83.33,88.0,64.1,63.33,30.0,12.5,18.52,1
33.33,44.0,35.9,10.0,26.67,37.5,44.44,1
33.33,36.0,25.64,40.0,36.67,50.0,29.63,1
50.0,52.0,51.28,40.0,50.0,43.75,48.15,2
50.0,32.0,61.54,43.33,53.33,25.0,11.11,1
83.33,68.0,76.92,73.33,50.0,62.5,51.85,2
83.33,76.0,35.9,76.67,56.67,56.25,50.0,2
66.67,76.0,74.36,80.0,90.0,93.75,83.33,3
100.0,84.0,89.74,90.0,93.33,81.25,85.19,3
66.67,48.0,51.28,63.33,80.0,81.25,75.93,2
33.33,20.0,23.08,30.0,76.67,100.0,75.93,1
50.0,40.0,43.59,50.0,43.33,43.75,46.3,2
83.33,36.0,35.9,36.67,43.33,31.25,24.07,1
83.33,88.0,94.87,93.33,93.33,100.0,87.04,3
83.33,72.0,69.23,73.33,90.0,87.5,88.89,3
66.67,48.0,64.1,73.33,76.67,68.75,70.37,2
83.33,76.0,79.49,80.0,50.0,56.25,64.81,2
100.0,100.0,82.05,93.33,90.0,87.5,87.04,3
83.33,76.0,64.1,66.67,33.33,18.75,18.52,1
66.67,76.0,76.92,60.0,33.33,12.5,20.37,1
66.67,68.0,53.85,56.67,33.33,31.25,33.33,1
66.67,68.0,64.1,73.33,73.33,75.0,70.37,3
50.0,64.0,61.54,56.67,63.33,43.75,53.7,2
33.33,28.0,20.51,36.67,80.0,62.5,64.81,1
50.0,56.0,43.59,63.33,83.33,75.0,64.81,2
50.0,72.0,48.72,60.0,66.67,62.5,66.67,2
50.0,56.0,48.72,66.67,73.33,68.75,70.37,2
83.33,92.0,92.31,86.67,96.67,87.5,92.59,3
66.67,48.0,61.54,50.0,66.67,81.25,79.63,2
66.67,80.0,76.92,56.67,86.67,81.25,85.19,3
83.33,32.0,38.46,36.67,46.67,25.0,38.89,1
66.67,80.0,69.23,76.67,76.67,68.75,66.67,3
83.33,84.0,84.62,86.67,76.67,75.0,72.22,3
83.33,56.0,46.15,53.33,56.67,62.5,79.63,2
83.33,80.0,76.92,83.33,86.67,75.0,74.07,3
83.33,44.0,61.54,76.67,70.0,68.75,74.07,2
33.33,24.0,41.03,16.67,20.0,31.25,27.78,1
66.67,76.0,79.49,73.33,86.67,68.75,77.78,3
66.67,36.0,61.54,63.33,56.67,68.75,57.41,2
83.33,92.0,92.31,83.33,93.33,93.75,88.89,3
50.0,52.0,38.46,36.67,50.0,50.0,40.74,2
66.67,20.0,33.33,23.33,20.0,37.5,29.63,1
83.33,84.0,84.62,76.67,76.67,68.75,68.52,3
33.33,44.0,43.59,53.33,23.33,56.25,9.26,1
83.33,84.0,92.31,80.0,70.0,68.75,79.63,3
83.33,60.0,89.74,70.0,73.33,75.0,81.48,3
100.0,96.0,89.74,100.0,86.67,100.0,87.04,3
50.0,52.0,53.85,50.0,76.67,81.25,68.52,2
50.0,88.0,82.05,73.33,76.67,81.25,79.63,3
66.67,80.0,97.44,66.67,50.0,56.25,51.85,2
83.33,44.0,30.77,23.33,13.33,18.75,24.07,1
100.0,96.0,94.87,83.33,80.0,75.0,74.07,3
83.33,72.0,71.79,70.0,66.67,68.75,68.52,3
50.0,52.0,58.97,53.33,56.67,56.25,59.26,2
33.33,24.0,23.08,33.33,36.67,25.0,35.19,1
83.33,88.0,87.18,70.0,80.0,68.75,87.04,3
83.33,76.0,71.79,83.33,70.0,75.0,83.33,3
66.67,60.0,51.28,50.0,60.0,75.0,48.15,2
33.33,36.0,30.77,30.0,56.67,50.0,46.3,1
33.33,16.0,28.21,30.0,80.0,68.75,70.37,1
83.33,56.0,48.72,63.33,70.0,75.0,59.26,2
66.67,64.0,69.23,66.67,33.33,31.25,35.19,1
16.67,32.0,15.38,13.33,73.33,56.25,90.74,1
33.33,40.0,28.21,20.0,20.0,50.0,46.3,1
66.67,72.0,69.23,46.67,66.67,68.75,74.07,2
83.33,16.0,23.08,23.33,20.0,50.0,24.07,1
50.0,60.0,56.41,26.67,50.0,56.25,24.07,1
100.0,92.0,92.31,93.33,93.33,87.5,92.59,3
83.33,64.0,64.1,53.33,20.0,25.0,31.48,1
16.67,20.0,30.77,36.67,70.0,81.25,77.78,1
16.67,32.0,20.51,23.33,36.67,37.5,22.22,1
66.67,80.0,56.41,76.67,53.33,68.75,74.07,2
50.0,40.0,46.15,56.67,43.33,50.0,38.89,2
66.67,56.0,48.72,80.0,80.0,68.75,70.37,2
100.0,88.0,87.18,83.33,90.0,87.5,83.33,3
83.33,92.0,79.49,93.33,86.67,81.25,85.19,3
50.0,44.0,51.28,60.0,46.67,56.25,50.0,2
66.67,60.0,64.1,70.0,20.0,25.0,25.93,1
33.33,24.0,30.77,46.67,46.67,37.5,33.33,1
83.33,80.0,79.49,86.67,63.33,81.25,75.93,3
33.33,28.0,20.51,40.0,20.0,31.25,22.22,1
50.0,48.0,61.54,50.0,36.67,31.25,35.19,1
50.0,48.0,51.28,46.67,43.33,50.0,51.85,2
83.33,72.0,71.79,83.33,76.67,75.0,77.78,3
66.67,52.0,56.41,43.33,46.67,62.5,64.81,2
83.33,36.0,33.33,16.67,30.0,18.75,37.04,1
83.33,68.0,53.85,63.33,70.0,50.0,48.15,2
50.0,60.0,53.85,60.0,80.0,81.25,77.78,2
83.33,16.0,33.33,30.0,33.33,25.0,44.44,1
83.33,84.0,84.62,86.67,76.67,68.75,72.22,3
83.33,72.0,74.36,73.33,53.33,62.5,51.85,2
50.0,60.0,71.79,56.67,83.33,75.0,48.15,2
83.33,88.0,61.54,90.0,76.67,81.25,88.89,3
50.0,44.0,48.72,43.33,43.33,50.0,48.15,2
16.67,12.0,33.33,60.0,26.67,43.75,37.04,1
66.67,68.0,69.23,70.0,70.0,75.0,77.78,3
66.67,68.0,74.36,73.33,73.33,68.75,75.93,3
33.33,60.0,51.28,40.0,36.67,18.75,51.85,1
66.67,80.0,76.92,70.0,50.0,50.0,53.7,2
66.67,72.0,79.49,73.33,76.67,68.75,74.07,3
66.67,76.0,69.23,70.0,76.67,75.0,66.67,3
16.67,68.0,46.15,20.0,23.33,43.75,46.3,1
16.67,20.0,41.03,20.0,70.0,81.25,68.52,1
33.33,28.0,43.59,60.0,53.33,18.75,16.67,1
66.67,80.0,82.05,70.0,23.33,18.75,20.37,1
16.67,32.0,28.21,26.67,56.67,50.0,85.19,1
66.67,84.0,74.36,80.0,20.0,31.25,29.63,1
83.33,68.0,64.1,70.0,80.0,50.0,72.22,2
83.33,92.0,94.87,86.67,76.67,62.5,59.26,3
50.0,84.0,79.49,86.67,70.0,87.5,79.63,3
33.33,44.0,33.33,26.67,40.0,31.25,22.22,1
16.67,40.0,35.9,20.0,76.67,62.5,64.81,1
83.33,68.0,79.49,86.67,63.33,93.75,74.07,3
66.67,76.0,74.36,73.33,80.0,87.5,94.44,3
33.33,36.0,35.9,30.0,40.0,37.5,37.04,1
83.33,88.0,92.31,100.0,76.67,68.75,66.67,3
100.0,96.0,82.05,83.33,96.67,87.5,85.19,3
83.33,52.0,25.64,40.0,23.33,31.25,29.63,1
33.33,44.0,38.46,36.67,36.67,37.5,37.04,1
83.33,88.0,87.18,90.0,70.0,75.0,64.81,3
66.67,72.0,71.79,70.0,76.67,75.0,83.33,3
66.67,68.0,41.03,56.67,66.67,75.0,61.11,2
33.33,56.0,64.1,16.67,56.67,6.25,75.93,1
66.67,76.0,66.67,73.33,73.33,68.75,70.37,3
83.33,80.0,84.62,83.33,73.33,87.5,75.93,3
66.67,68.0,71.79,70.0,86.67,93.75,90.74,3
66.67,72.0,76.92,73.33,70.0,75.0,75.93,3
83.33,80.0,82.05,80.0,73.33,62.5,90.74,3
66.67,56.0,58.97,63.33,36.67,37.5,25.93,1
100.0,76.0,94.87,70.0,53.33,50.0,53.7,2
50.0,80.0,76.92,93.33,80.0,75.0,83.33,3
100.0,84.0,92.31,86.67,90.0,87.5,96.3,3
66.67,68.0,69.23,73.33,90.0,81.25,79.63,3
50.0,52.0,53.85,73.33,30.0,25.0,31.48,1
33.33,32.0,30.77,33.33,56.67,62.5,62.96,1
66.67,44.0,43.59,53.33,46.67,62.5,61.11,2
16.67,24.0,10.26,16.67,70.0,81.25,74.07,1
66.67,80.0,71.79,70.0,70.0,68.75,72.22,3
33.33,32.0,28.21,36.67,80.0,68.75,59.26,1
100.0,92.0,84.62,93.33,66.67,75.0,68.52,3
83.33,80.0,74.36,66.67,33.33,56.25,44.44,2
50.0,60.0,76.92,36.67,60.0,75.0,66.67,2
66.67,72.0,66.67,66.67,93.33,100.0,88.89,3
83.33,96.0,82.05,83.33,70.0,68.75,74.07,3
66.67,68.0,74.36,76.67,43.33,68.75,77.78,2
66.67,84.0,74.36,70.0,30.0,25.0,31.48,1
66.67,48.0,51.28,50.0,56.67,50.0,61.11,2
16.67,28.0,17.95,23.33,46.67,68.75,81.48,1
33.33,28.0,53.85,36.67,26.67,25.0,22.22,1
100.0,88.0,76.92,86.67,63.33,75.0,83.33,3
50.0,64.0,61.54,60.0,73.33,50.0,48.15,2
83.33,92.0,82.05,80.0,83.33,87.5,90.74,3
33.33,72.0,79.49,53.33,66.67,50.0,59.26,2
83.33,80.0,66.67,83.33,56.67,50.0,59.26,2
66.67,80.0,66.67,70.0,70.0,75.0,70.37,3
66.67,72.0,74.36,76.67,76.67,87.5,85.19,3
66.67,56.0,61.54,50.0,53.33,50.0,55.56,2
66.67,72.0,71.79,76.67,80.0,87.5,81.48,3
33.33,12.0,30.77,20.0,33.33,25.0,40.74,1
50.0,60.0,69.23,80.0,60.0,75.0,46.3,2
50.0,56.0,58.97,60.0,40.0,50.0,70.37,2
66.67,84.0,66.67,83.33,50.0,43.75,61.11,2
66.67,44.0,64.1,76.67,80.0,43.75,55.56,2
83.33,80.0,71.79,86.67,40.0,56.25,57.41,2
83.33,76.0,82.05,80.0,56.67,62.5,53.7,2
83.33,72.0,71.79,56.67,70.0,75.0,83.33,3
83.33,84.0,71.79,70.0,40.0,56.25,61.11,2
100.0,84.0,94.87,93.33,93.33,93.75,87.04,3
83.33,80.0,71.79,76.67,26.67,12.5,24.07,1
50.0,48.0,48.72,46.67,43.33,56.25,42.59,2
66.67,68.0,46.15,76.67,70.0,62.5,64.81,2
66.67,52.0,71.79,70.0,70.0,62.5,75.93,2
50.0,48.0,56.41,66.67,76.67,81.25,55.56,2
66.67,68.0,71.79,66.67,66.67,50.0,66.67,2
16.67,28.0,35.9,23.33,60.0,81.25,68.52,1
83.33,80.0,71.79,96.67,83.33,56.25,96.3,3
50.0,52.0,48.72,46.67,50.0,43.75,48.15,2
83.33,88.0,92.31,93.33,73.33,75.0,68.52,3
66.67,64.0,71.79,63.33,73.33,75.0,50.0,2
50.0,60.0,56.41,53.33,83.33,81.25,72.22,2
100.0,88.0,94.87,93.33,90.0,87.5,88.89,3
33.33,36.0,35.9,33.33,56.67,56.25,64.81,1
100.0,72.0,84.62,50.0,90.0,87.5,79.63,3
16.67,28.0,15.38,26.67,73.33,56.25,81.48,1
66.67,68.0,74.36,76.67,76.67,81.25,77.78,3
66.67,84.0,71.79,76.67,90.0,81.25,79.63,3
66.67,72.0,69.23,63.33,70.0,62.5,51.85,2
66.67,80.0,71.79,86.67,20.0,25.0,22.22,1
50.0,36.0,35.9,36.67,30.0,43.75,35.19,1
83.33,84.0,89.74,80.0,36.67,43.75,57.41,2
83.33,16.0,23.08,16.67,23.33,37.5,27.78,1
83.33,84.0,79.49,86.67,66.67,68.75,74.07,3
66.67,48.0,79.49,70.0,50.0,62.5,46.3,2
66.67,84.0,84.62,73.33,83.33,68.75,74.07,3
66.67,76.0,74.36,83.33,83.33,93.75,100.0,3
16.67,24.0,17.95,23.33,73.33,68.75,72.22,1
50.0,48.0,53.85,70.0,80.0,81.25,64.81,2
66.67,76.0,69.23,70.0,73.33,75.0,46.3,2
50.0,48.0,46.15,46.67,50.0,43.75,46.3,2
66.67,52.0,56.41,70.0,66.67,56.25,66.67,2
83.33,80.0,89.74,80.0,73.33,68.75,68.52,3
33.33,36.0,43.59,20.0,20.0,25.0,27.78,1
83.33,84.0,84.62,80.0,90.0,87.5,61.11,3
50.0,44.0,56.41,53.33,53.33,50.0,53.7,2
33.33,20.0,20.51,36.67,86.67,62.5,70.37,1
83.33,84.0,82.05,70.0,43.33,62.5,38.89,2
50.0,60.0,56.41,60.0,43.33,25.0,31.48,1
50.0,56.0,56.41,46.67,83.33,87.5,81.48,2
66.67,20.0,12.82,60.0,40.0,18.75,40.74,1
83.33,32.0,38.46,20.0,40.0,31.25,44.44,1
66.67,72.0,74.36,66.67,66.67,68.75,50.0,2
33.33,32.0,43.59,36.67,40.0,43.75,38.89,1
66.67,56.0,69.23,50.0,56.67,56.25,48.15,2
83.33,92.0,97.44,93.33,86.67,81.25,96.3,3
16.67,28.0,30.77,46.67,56.67,75.0,61.11,1
33.33,32.0,30.77,30.0,53.33,50.0,50.0,1
33.33,36.0,33.33,33.33,53.33,62.5,59.26,1
83.33,88.0,53.85,80.0,16.67,18.75,20.37,1
83.33,56.0,79.49,70.0,76.67,75.0,75.93,3
50.0,72.0,79.49,53.33,50.0,56.25,74.07,2
50.0,48.0,51.28,46.67,50.0,56.25,44.44,2
50.0,64.0,38.46,10.0,60.0,18.75,16.67,1
66.67,68.0,66.67,70.0,86.67,93.75,92.59,3
16.67,44.0,17.95,33.33,50.0,50.0,46.3,1
16.67,40.0,33.33,16.67,40.0,25.0,74.07,1
66.67,72.0,71.79,76.67,36.67,50.0,48.15,2
83.33,80.0,79.49,90.0,76.67,81.25,74.07,3
83.33,92.0,82.05,86.67,63.33,43.75,40.74,2
83.33,80.0,87.18,86.67,73.33,75.0,64.81,3
50.0,48.0,51.28,53.33,66.67,68.75,77.78,2
50.0,92.0,76.92,73.33,83.33,81.25,83.33,3
83.33,76.0,76.92,63.33,86.67,75.0,83.33,3
16.67,12.0,46.15,56.67,50.0,56.25,62.96,1
16.67,12.0,25.64,33.33,73.33,68.75,87.04,1
66.67,72.0,71.79,76.67,73.33,62.5,68.52,3
50.0,44.0,56.41,43.33,80.0,68.75,48.15,2
83.33,76.0,64.1,83.33,80.0,87.5,92.59,3
83.33,88.0,87.18,90.0,90.0,93.75,96.3,3
83.33,96.0,84.62,86.67,73.33,68.75,72.22,3
66.67,64.0,69.23,63.33,70.0,43.75,62.96,2
66.67,76.0,61.54,63.33,73.33,62.5,46.3,2
16.67,28.0,28.21,33.33,16.67,18.75,37.04,1
50.0,68.0,25.64,53.33,60.0,18.75,14.81,1
16.67,20.0,25.64,26.67,80.0,75.0,90.74,1
33.33,36.0,23.08,33.33,46.67,37.5,22.22,1
33.33,44.0,35.9,36.67,36.67,37.5,46.3,1
50.0,80.0,71.79,66.67,43.33,68.75,57.41,2
50.0,56.0,71.79,76.67,73.33,87.5,53.7,2
66.67,84.0,84.62,73.33,76.67,75.0,77.78,3
83.33,88.0,100.0,86.67,86.67,93.75,90.74,3
83.33,80.0,84.62,86.67,83.33,75.0,79.63,3
83.33,32.0,28.21,43.33,20.0,43.75,27.78,1
83.33,96.0,84.62,86.67,76.67,68.75,62.96,3
66.67,68.0,58.97,66.67,43.33,56.25,55.56,2
100.0,92.0,87.18,86.67,80.0,93.75,92.59,3
66.67,68.0,66.67,73.33,93.33,93.75,79.63,3
50.0,44.0,69.23,43.33,46.67,62.5,72.22,2
66.67,64.0,64.1,83.33,26.67,18.75,35.19,1
66.67,72.0,79.49,66.67,90.0,75.0,98.15,3
66.67,76.0,56.41,60.0,56.67,62.5,50.0,2
83.33,84.0,84.62,80.0,83.33,75.0,74.07,3
50.0,56.0,43.59,43.33,50.0,43.75,46.3,2
66.67,64.0,46.15,73.33,70.0,68.75,75.93,2
83.33,28.0,20.51,13.33,23.33,37.5,25.93,1
66.67,52.0,64.1,76.67,66.67,93.75,79.63,2
83.33,64.0,35.9,63.33,56.67,68.75,79.63,2
66.67,72.0,79.49,73.33,96.67,87.5,87.04,3
66.67,48.0,66.67,70.0,70.0,62.5,70.37,2
83.33,92.0,87.18,83.33,66.67,68.75,72.22,3
66.67,32.0,23.08,23.33,20.0,31.25,20.37,1
16.67,20.0,35.9,43.33,26.67,25.0,40.74,1
66.67,48.0,46.15,80.0,76.67,62.5,70.37,2
83.33,76.0,94.87,83.33,66.67,75.0,94.44,3
33.33,8.0,20.51,13.33,70.0,75.0,72.22,1
83.33,84.0,82.05,76.67,60.0,75.0,79.63,3
66.67,44.0,64.1,76.67,60.0,56.25,83.33,2
83.33,16.0,25.64,20.0,40.0,25.0,25.93,1
83.33,84.0,56.41,86.67,86.67,81.25,92.59,3
83.33,60.0,79.49,86.67,96.67,87.5,81.48,3
83.33,76.0,76.92,86.67,73.33,81.25,81.48,3
50.0,48.0,56.41,46.67,46.67,43.75,37.04,2
50.0,76.0,66.67,63.33,53.33,56.25,46.3,2
66.67,64.0,38.46,73.33,50.0,81.25,64.81,2
66.67,84.0,74.36,73.33,53.33,50.0,44.44,2
83.33,84.0,53.85,76.67,80.0,81.25,79.63,3
66.67,64.0,66.67,50.0,66.67,68.75,66.67,2
16.67,28.0,23.08,30.0,70.0,75.0,72.22,1
66.67,12.0,23.08,36.67,26.67,37.5,33.33,1
50.0,84.0,69.23,86.67,30.0,12.5,27.78,1
66.67,72.0,74.36,66.67,86.67,87.5,96.3,3
50.0,48.0,48.72,53.33,40.0,50.0,42.59,2
66.67,76.0,43.59,70.0,76.67,68.75,62.96,2
100.0,88.0,84.62,86.67,83.33,100.0,85.19,3
83.33,88.0,89.74,76.67,80.0,81.25,79.63,3
83.33,76.0,61.54,63.33,16.67,18.75,29.63,1
66.67,44.0,76.92,73.33,56.67,62.5,68.52,2
66.67,76.0,64.1,63.33,30.0,18.75,18.52,1
83.33,76.0,79.49,83.33,60.0,68.75,77.78,3
66.67,72.0,48.72,76.67,63.33,68.75,62.96,2
33.33,52.0,17.95,26.67,53.33,56.25,44.44,1
83.33,72.0,66.67,73.33,76.67,68.75,68.52,3
100.0,36.0,28.21,33.33,36.67,25.0,33.33,1
50.0,56.0,43.59,40.0,73.33,75.0,87.04,2
83.33,68.0,69.23,70.0,70.0,43.75,74.07,2
50.0,68.0,48.72,60.0,46.67,62.5,66.67,2
16.67,64.0,51.28,26.67,23.33,50.0,48.15,1
66.67,72.0,71.79,76.67,86.67,81.25,92.59,3
50.0,68.0,61.54,60.0,60.0,62.5,62.96,2
83.33,76.0,71.79,46.67,56.67,68.75,46.3,2
33.33,44.0,35.9,30.0,33.33,37.5,53.7,1
66.67,80.0,69.23,56.67,60.0,50.0,66.67,2
33.33,16.0,12.82,6.67,30.0,18.75,40.74,1
83.33,80.0,74.36,80.0,73.33,81.25,77.78,3
33.33,28.0,30.77,30.0,30.0,37.5,38.89,1
66.67,56.0,64.1,56.67,76.67,81.25,74.07,2
66.67,80.0,66.67,80.0,70.0,68.75,70.37,3
100.0,84.0,94.87,70.0,56.67,81.25,85.19,3
83.33,76.0,87.18,76.67,63.33,81.25,75.93,3
66.67,72.0,71.79,76.67,70.0,75.0,72.22,3
66.67,68.0,74.36,76.67,76.67,75.0,72.22,3
83.33,20.0,33.33,36.67,26.67,25.0,29.63,1
33.33,44.0,38.46,33.33,43.33,37.5,40.74,1
66.67,64.0,89.74,66.67,30.0,31.25,35.19,1
66.67,80.0,79.49,73.33,76.67,81.25,72.22,3
50.0,68.0,61.54,70.0,70.0,68.75,77.78,2
33.33,24.0,12.82,40.0,36.67,50.0,31.48,1
83.33,68.0,71.79,80.0,76.67,81.25,79.63,3
50.0,76.0,61.54,60.0,80.0,50.0,48.15,2
66.67,48.0,66.67,46.67,56.67,62.5,72.22,2
66.67,68.0,71.79,73.33,23.33,12.5,20.37,1
66.67,64.0,71.79,70.0,16.67,12.5,20.37,1
83.33,80.0,82.05,73.33,53.33,50.0,59.26,2
83.33,84.0,74.36,60.0,80.0,93.75,87.04,3
83.33,80.0,82.05,73.33,86.67,93.75,88.89,3
50.0,68.0,53.85,53.33,36.67,31.25,31.48,1
33.33,52.0,66.67,56.67,70.0,68.75,72.22,2
50.0,40.0,46.15,53.33,53.33,50.0,44.44,2
66.67,76.0,61.54,70.0,20.0,25.0,31.48,1
83.33,84.0,89.74,83.33,83.33,75.0,77.78,3
66.67,72.0,71.79,80.0,90.0,81.25,79.63,3
50.0,28.0,33.33,26.67,40.0,25.0,18.52,1
83.33,36.0,25.64,33.33,26.67,37.5,37.04,1
66.67,72.0,76.92,70.0,86.67,93.75,90.74,3
83.33,64.0,69.23,70.0,86.67,81.25,87.04,3
50.0,52.0,53.85,40.0,50.0,56.25,61.11,2
50.0,44.0,41.03,56.67,50.0,62.5,53.7,2
83.33,80.0,89.74,83.33,90.0,93.75,92.59,3
66.67,60.0,48.72,63.33,63.33,50.0,70.37,2
83.33,76.0,79.49,76.67,83.33,81.25,74.07,3
66.67,48.0,84.62,73.33,23.33,31.25,20.37,1
33.33,52.0,28.21,33.33,33.33,50.0,33.33,1
50.0,56.0,35.9,50.0,46.67,50.0,44.44,2
33.33,24.0,17.95,36.67,80.0,56.25,66.67,1
83.33,68.0,66.67,70.0,26.67,18.75,27.78,1
16.67,56.0,10.26,53.33,40.0,56.25,9.26,1
100.0,96.0,84.62,96.67,100.0,100.0,90.74,3
66.67,52.0,64.1,70.0,63.33,68.75,75.93,2
50.0,68.0,71.79,73.33,80.0,68.75,74.07,2
83.33,60.0,58.97,46.67,53.33,56.25,57.41,2
83.33,64.0,89.74,83.33,66.67,68.75,72.22,3
66.67,44.0,58.97,53.33,60.0,43.75,44.44,2
66.67,48.0,82.05,43.33,66.67,75.0,61.11,2
100.0,96.0,97.44,90.0,93.33,93.75,77.78,3
66.67,68.0,79.49,80.0,96.67,81.25,85.19,3
50.0,40.0,48.72,50.0,43.33,43.75,55.56,2
66.67,72.0,71.79,70.0,63.33,62.5,46.3,2
50.0,52.0,71.79,56.67,43.33,62.5,37.04,2
50.0,52.0,51.28,53.33,86.67,68.75,88.89,2
66.67,48.0,51.28,66.67,90.0,62.5,79.63,2
33.33,60.0,35.9,10.0,10.0,50.0,37.04,1
66.67,80.0,74.36,76.67,70.0,68.75,72.22,3
33.33,28.0,28.21,23.33,73.33,68.75,85.19,1
33.33,24.0,33.33,20.0,76.67,68.75,70.37,1
66.67,92.0,92.31,73.33,63.33,50.0,38.89,2
50.0,48.0,15.38,30.0,16.67,56.25,48.15,1
100.0,84.0,82.05,86.67,100.0,87.5,92.59,3
83.33,72.0,74.36,73.33,70.0,68.75,75.93,3
83.33,72.0,56.41,70.0,20.0,25.0,27.78,1
16.67,48.0,51.28,53.33,36.67,50.0,25.93,1
83.33,68.0,76.92,83.33,83.33,81.25,81.48,3
83.33,64.0,66.67,63.33,90.0,87.5,90.74,3
66.67,56.0,56.41,56.67,40.0,56.25,57.41,2
66.67,68.0,71.79,83.33,76.67,68.75,70.37,3
83.33,80.0,79.49,76.67,60.0,75.0,79.63,3
33.33,28.0,17.95,16.67,90.0,81.25,68.52,1
66.67,72.0,74.36,66.67,86.67,87.5,88.89,3
16.67,8.0,10.26,30.0,73.33,62.5,81.48,1
66.67,64.0,76.92,60.0,63.33,62.5,46.3,2
50.0,80.0,58.97,50.0,80.0,56.25,62.96,2
16.67,24.0,30.77,16.67,80.0,68.75,92.59,1
33.33,36.0,33.33,33.33,50.0,43.75,57.41,1
66.67,80.0,66.67,73.33,83.33,87.5,96.3,3
50.0,60.0,58.97,50.0,73.33,75.0,53.7,2
50.0,52.0,43.59,43.33,70.0,75.0,77.78,2
83.33,76.0,61.54,76.67,83.33,81.25,77.78,3
50.0,48.0,15.38,20.0,50.0,12.5,35.19,1
33.33,20.0,28.21,36.67,66.67,75.0,50.0,1
83.33,76.0,74.36,70.0,76.67,68.75,81.48,3
50.0,48.0,53.85,50.0,66.67,87.5,59.26,2
50.0,40.0,46.15,46.67,50.0,43.75,50.0,2
50.0,48.0,46.15,43.33,76.67,75.0,74.07,2
16.67,40.0,28.21,26.67,70.0,75.0,74.07,1
50.0,52.0,66.67,50.0,93.33,68.75,79.63,2
83.33,92.0,87.18,90.0,73.33,87.5,62.96,3
16.67,36.0,48.72,13.33,56.67,43.75,16.67,1
66.67,76.0,69.23,46.67,53.33,62.5,77.78,2
16.67,32.0,38.46,26.67,30.0,37.5,35.19,1
100.0,88.0,87.18,86.67,86.67,93.75,92.59,3
66.67,32.0,56.41,26.67,33.33,18.75,35.19,1
50.0,52.0,53.85,63.33,56.67,56.25,61.11,2
66.67,80.0,74.36,73.33,76.67,68.75,79.63,3
83.33,72.0,64.1,73.33,23.33,31.25,18.52,1
16.67,16.0,30.77,26.67,66.67,62.5,72.22,1
50.0,60.0,48.72,46.67,76.67,81.25,83.33,2
83.33,76.0,71.79,60.0,86.67,87.5,87.04,3
50.0,24.0,15.38,26.67,66.67,68.75,83.33,1
66.67,76.0,74.36,73.33,70.0,81.25,77.78,3
83.33,92.0,92.31,80.0,40.0,50.0,51.85,2
66.67,60.0,51.28,56.67,63.33,87.5,75.93,2
66.67,80.0,69.23,76.67,86.67,93.75,88.89,3
50.0,52.0,53.85,56.67,73.33,87.5,72.22,2
66.67,88.0,79.49,80.0,46.67,62.5,48.15,2
83.33,80.0,71.79,76.67,73.33,68.75,85.19,3
16.67,24.0,28.21,30.0,76.67,62.5,83.33,1
33.33,20.0,35.9,23.33,63.33,68.75,75.93,1
83.33,84.0,66.67,70.0,60.0,56.25,62.96,2
50.0,68.0,51.28,46.67,76.67,87.5,70.37,2
83.33,92.0,84.62,70.0,83.33,81.25,85.19,3
50.0,48.0,23.08,43.33,43.33,18.75,22.22,1
33.33,20.0,25.64,30.0,60.0,81.25,77.78,1
83.33,92.0,89.74,100.0,96.67,100.0,87.04,3
83.33,32.0,28.21,43.33,30.0,25.0,25.93,1
50.0,40.0,48.72,53.33,43.33,43.75,48.15,2
83.33,72.0,82.05,80.0,76.67,75.0,81.48,3
83.33,68.0,56.41,76.67,23.33,18.75,20.37,1
83.33,24.0,33.33,36.67,43.33,31.25,31.48,1
50.0,44.0,46.15,50.0,76.67,62.5,83.33,2
83.33,84.0,66.67,70.0,43.33,50.0,48.15,2
66.67,8.0,20.51,50.0,26.67,31.25,44.44,1
83.33,72.0,71.79,86.67,46.67,56.25,53.7,2
33.33,32.0,33.33,26.67,30.0,37.5,12.96,1
83.33,44.0,53.85,70.0,43.33,18.75,14.81,1
83.33,100.0,87.18,93.33,90.0,81.25,94.44,3
66.67,64.0,61.54,70.0,50.0,68.75,70.37,2
50.0,56.0,51.28,40.0,50.0,43.75,53.7,2
66.67,92.0,69.23,83.33,36.67,18.75,20.37,1
83.33,96.0,97.44,90.0,73.33,75.0,77.78,3
83.33,72.0,64.1,73.33,50.0,37.5,62.96,2
66.67,72.0,71.79,46.67,63.33,62.5,68.52,2
66.67,88.0,82.05,73.33,30.0,25.0,24.07,1
50.0,48.0,69.23,53.33,53.33,68.75,57.41,2
83.33,88.0,92.31,93.33,73.33,68.75,70.37,3
66.67,24.0,51.28,20.0,46.67,12.5,40.74,1
83.33,84.0,74.36,83.33,80.0,75.0,79.63,3
100.0,92.0,89.74,93.33,93.33,87.5,88.89,3
83.33,88.0,64.1,60.0,30.0,25.0,25.93,1
83.33,84.0,79.49,83.33,46.67,50.0,42.59,2
83.33,80.0,66.67,83.33,53.33,37.5,48.15,2
66.67,68.0,53.85,70.0,76.67,62.5,75.93,2
83.33,96.0,87.18,86.67,93.33,81.25,85.19,3
33.33,36.0,30.77,36.67,46.67,43.75,44.44,1
50.0,52.0,46.15,46.67,40.0,50.0,57.41,2
50.0,64.0,51.28,63.33,76.67,81.25,74.07,2
50.0,56.0,38.46,56.67,70.0,75.0,81.48,2
66.67,52.0,69.23,70.0,70.0,75.0,70.37,2
83.33,84.0,76.92,80.0,70.0,81.25,83.33,3
66.67,48.0,76.92,63.33,60.0,75.0,75.93,2
83.33,88.0,87.18,90.0,83.33,81.25,98.15,3
66.67,68.0,69.23,76.67,86.67,93.75,81.48,3
50.0,60.0,56.41,50.0,60.0,56.25,37.04,2
33.33,24.0,12.82,23.33,73.33,75.0,79.63,1
83.33,32.0,25.64,23.33,26.67,31.25,18.52,1
83.33,84.0,71.79,76.67,73.33,75.0,92.59,3
83.33,88.0,87.18,90.0,73.33,75.0,66.67,3
83.33,84.0,82.05,73.33,73.33,62.5,81.48,3
83.33,88.0,92.31,90.0,100.0,81.25,88.89,3
83.33,92.0,74.36,90.0,76.67,75.0,77.78,3
33.33,56.0,53.85,16.67,20.0,12.5,46.3,1
50.0,52.0,71.79,60.0,70.0,75.0,85.19,2
50.0,56.0,51.28,16.67,16.67,50.0,24.07,1
66.67,64.0,38.46,63.33,83.33,56.25,51.85,2
100.0,80.0,97.44,83.33,66.67,62.5,70.37,3
33.33,44.0,43.59,53.33,46.67,50.0,50.0,2
33.33,48.0,17.95,43.33,50.0,12.5,9.26,1
83.33,76.0,82.05,80.0,73.33,75.0,68.52,3
83.33,76.0,76.92,66.67,96.67,87.5,94.44,3
83.33,56.0,53.85,73.33,50.0,37.5,79.63,2
50.0,44.0,46.15,40.0,90.0,75.0,74.07,2
83.33,92.0,79.49,86.67,63.33,81.25,74.07,3
50.0,48.0,46.15,46.67,73.33,81.25,77.78,2
83.33,24.0,10.26,30.0,43.33,25.0,33.33,1
83.33,88.0,79.49,86.67,73.33,87.5,74.07,3
50.0,52.0,41.03,50.0,46.67,50.0,50.0,2
83.33,96.0,69.23,66.67,20.0,31.25,29.63,1
33.33,36.0,33.33,36.67,33.33,37.5,35.19,1
66.67,84.0,87.18,73.33,76.67,81.25,88.89,3
100.0,88.0,100.0,90.0,66.67,75.0,72.22,3
83.33,88.0,84.62,90.0,76.67,68.75,75.93,3
83.33,84.0,92.31,90.0,86.67,93.75,90.74,3
33.33,36.0,30.77,20.0,30.0,37.5,29.63,1
50.0,84.0,82.05,93.33,86.67,93.75,74.07,3
33.33,32.0,25.64,43.33,33.33,31.25,33.33,1
66.67,52.0,46.15,50.0,83.33,68.75,83.33,2
66.67,72.0,69.23,73.33,70.0,75.0,68.52,3
83.33,76.0,69.23,73.33,50.0,43.75,51.85,2
50.0,52.0,51.28,50.0,70.0,75.0,81.48,2
100.0,84.0,82.05,83.33,70.0,81.25,70.37,3
66.67,72.0,74.36,73.33,80.0,87.5,77.78,3
83.33,92.0,92.31,80.0,83.33,87.5,61.11,3
16.67,40.0,17.95,36.67,50.0,50.0,44.44,1
100.0,80.0,71.79,76.67,26.67,25.0,24.07,1
50.0,40.0,33.33,50.0,33.33,37.5,33.33,1
83.33,92.0,89.74,93.33,83.33,87.5,92.59,3
66.67,52.0,43.59,46.67,60.0,62.5,55.56,2
83.33,92.0,94.87,83.33,73.33,75.0,75.93,3
50.0,48.0,61.54,60.0,50.0,62.5,53.7,2
83.33,44.0,71.79,86.67,60.0,62.5,61.11,2
50.0,8.0,38.46,6.67,46.67,43.75,50.0,1
66.67,80.0,82.05,63.33,40.0,43.75,51.85,2
83.33,68.0,74.36,83.33,60.0,43.75,55.56,2
83.33,84.0,69.23,83.33,83.33,81.25,92.59,3
66.67,76.0,71.79,63.33,76.67,68.75,72.22,3
66.67,44.0,38.46,50.0,76.67,75.0,85.19,2
100.0,80.0,71.79,86.67,56.67,87.5,77.78,3
83.33,88.0,89.74,73.33,70.0,75.0,68.52,3
16.67,20.0,51.28,30.0,43.33,50.0,48.15,1
66.67,72.0,79.49,66.67,70.0,68.75,46.3,2
83.33,92.0,84.62,76.67,83.33,81.25,59.26,3
50.0,80.0,66.67,83.33,43.33,62.5,72.22,2
33.33,20.0,30.77,20.0,36.67,31.25,37.04,1
83.33,68.0,79.49,86.67,53.33,56.25,55.56,2
83.33,88.0,87.18,90.0,73.33,62.5,72.22,3
50.0,60.0,51.28,46.67,46.67,43.75,40.74,2
33.33,28.0,35.9,30.0,56.67,68.75,59.26,1
66.67,72.0,74.36,66.67,73.33,68.75,75.93,3
83.33,72.0,74.36,83.33,90.0,93.75,83.33,3
83.33,92.0,89.74,90.0,90.0,93.75,94.44,3
50.0,48.0,69.23,56.67,50.0,50.0,55.56,2
50.0,40.0,58.97,43.33,70.0,68.75,81.48,2
83.33,76.0,71.79,83.33,66.67,56.25,48.15,2
100.0,96.0,82.05,63.33,30.0,25.0,27.78,1
66.67,64.0,74.36,83.33,73.33,68.75,75.93,3
83.33,88.0,79.49,73.33,76.67,81.25,75.93,3
66.67,60.0,74.36,56.67,30.0,18.75,27.78,1
16.67,20.0,20.51,10.0,50.0,81.25,79.63,1
83.33,68.0,82.05,70.0,76.67,68.75,81.48,3
83.33,40.0,71.79,66.67,56.67,43.75,55.56,2
83.33,88.0,89.74,86.67,70.0,68.75,61.11,3
66.67,20.0,38.46,60.0,50.0,62.5,14.81,1
66.67,72.0,74.36,46.67,63.33,81.25,64.81,2
50.0,68.0,84.62,50.0,70.0,68.75,61.11,2
50.0,16.0,51.28,50.0,20.0,62.5,18.52,1
33.33,32.0,33.33,40.0,23.33,25.0,22.22,1
66.67,56.0,48.72,60.0,80.0,93.75,66.67,2
66.67,60.0,46.15,73.33,73.33,75.0,66.67,2
50.0,48.0,51.28,50.0,53.33,50.0,48.15,2
50.0,40.0,30.77,16.67,33.33,31.25,25.93,1
66.67,28.0,30.77,23.33,40.0,12.5,25.93,1
50.0,48.0,51.28,46.67,43.33,50.0,59.26,2
66.67,68.0,66.67,66.67,46.67,62.5,66.67,2
66.67,56.0,53.85,43.33,80.0,93.75,75.93,2
66.67,72.0,69.23,70.0,20.0,25.0,25.93,1
83.33,52.0,76.92,73.33,30.0,31.25,35.19,1
50.0,48.0,53.85,43.33,40.0,43.75,57.41,2
50.0,40.0,51.28,53.33,43.33,43.75,53.7,2
33.33,32.0,25.64,23.33,73.33,81.25,66.67,1
50.0,100.0,74.36,76.67,26.67,31.25,31.48,1
50.0,28.0,43.59,36.67,26.67,37.5,29.63,1
66.67,80.0,84.62,80.0,60.0,75.0,83.33,3
50.0,56.0,56.41,53.33,56.67,68.75,74.07,2
33.33,20.0,30.77,33.33,73.33,87.5,53.7,1
16.67,8.0,25.64,30.0,60.0,68.75,68.52,1
50.0,52.0,56.41,53.33,66.67,62.5,50.0,2
50.0,56.0,64.1,56.67,80.0,75.0,75.93,2
100.0,84.0,89.74,100.0,76.67,75.0,77.78,3
83.33,72.0,76.92,73.33,73.33,68.75,70.37,3
83.33,68.0,76.92,73.33,20.0,31.25,20.37,1
50.0,68.0,82.05,63.33,83.33,43.75,53.7,2
66.67,76.0,61.54,80.0,26.67,6.25,25.93,1
16.67,24.0,71.79,53.33,46.67,68.75,70.37,1
83.33,36.0,25.64,16.67,36.67,31.25,18.52,1
66.67,72.0,69.23,70.0,93.33,87.5,90.74,3
50.0,20.0,28.21,16.67,80.0,87.5,83.33,1
50.0,52.0,41.03,43.33,46.67,43.75,46.3,2
66.67,80.0,79.49,80.0,46.67,56.25,57.41,2
83.33,80.0,79.49,76.67,73.33,87.5,74.07,3
33.33,32.0,35.9,43.33,43.33,31.25,40.74,1
100.0,96.0,89.74,90.0,90.0,87.5,88.89,3
83.33,72.0,69.23,66.67,66.67,43.75,72.22,2
83.33,24.0,33.33,16.67,36.67,25.0,40.74,1
33.33,40.0,28.21,23.33,46.67,31.25,33.33,1
83.33,88.0,87.18,86.67,83.33,87.5,94.44,3
66.67,64.0,66.67,53.33,30.0,25.0,31.48,1
33.33,20.0,20.51,26.67,30.0,31.25,40.74,1
33.33,24.0,20.51,30.0,23.33,18.75,33.33,1
83.33,72.0,79.49,76.67,83.33,81.25,72.22,3
50.0,44.0,17.95,30.0,40.0,12.5,37.04,1
83.33,72.0,76.92,80.0,73.33,75.0,74.07,3
66.67,28.0,48.72,26.67,23.33,37.5,12.96,1
66.67,80.0,71.79,73.33,80.0,100.0,79.63,3
83.33,80.0,82.05,83.33,56.67,81.25,92.59,3
100.0,92.0,84.62,86.67,96.67,87.5,92.59,3
83.33,60.0,84.62,83.33,83.33,81.25,81.48,3
50.0,68.0,66.67,70.0,66.67,50.0,72.22,2
16.67,32.0,43.59,33.33,43.33,12.5,31.48,1
83.33,84.0,76.92,76.67,70.0,68.75,75.93,3
100.0,64.0,51.28,83.33,66.67,43.75,57.41,2
66.67,52.0,58.97,76.67,63.33,50.0,46.3,2
66.67,68.0,69.23,83.33,30.0,18.75,24.07,1
33.33,40.0,33.33,33.33,13.33,31.25,27.78,1
50.0,32.0,66.67,16.67,20.0,43.75,44.44,1
66.67,84.0,79.49,73.33,86.67,81.25,77.78,3
16.67,56.0,15.38,70.0,56.67,62.5,12.96,1
66.67,72.0,74.36,73.33,70.0,68.75,46.3,2
83.33,72.0,56.41,70.0,23.33,25.0,29.63,1
83.33,60.0,64.1,70.0,36.67,50.0,57.41,2
50.0,12.0,30.77,40.0,36.67,43.75,11.11,1
66.67,92.0,84.62,80.0,86.67,75.0,87.04,3
50.0,68.0,74.36,56.67,70.0,43.75,79.63,2
83.33,88.0,94.87,86.67,90.0,87.5,96.3,3
33.33,16.0,33.33,23.33,96.67,81.25,72.22,1
66.67,76.0,71.79,80.0,93.33,87.5,79.63,3
50.0,48.0,41.03,50.0,46.67,43.75,38.89,2
50.0,48.0,43.59,46.67,43.33,43.75,51.85,2
83.33,80.0,89.74,76.67,63.33,87.5,85.19,3
66.67,72.0,66.67,70.0,76.67,62.5,75.93,3
83.33,72.0,82.05,70.0,40.0,50.0,53.7,2
100.0,40.0,23.08,43.33,36.67,25.0,29.63,1
83.33,76.0,69.23,73.33,83.33,87.5,77.78,3
16.67,20.0,51.28,53.33,46.67,62.5,50.0,1
66.67,52.0,74.36,53.33,43.33,56.25,85.19,2
50.0,12.0,15.38,40.0,60.0,75.0,51.85,1
16.67,20.0,38.46,26.67,66.67,56.25,81.48,1
83.33,68.0,82.05,76.67,80.0,87.5,72.22,3
66.67,76.0,69.23,76.67,76.67,81.25,74.07,3
83.33,84.0,87.18,86.67,70.0,81.25,75.93,3
83.33,80.0,94.87,93.33,83.33,87.5,90.74,3
83.33,8.0,28.21,30.0,33.33,37.5,16.67,1
66.67,52.0,56.41,53.33,36.67,31.25,31.48,1
33.33,36.0,35.9,33.33,36.67,43.75,46.3,1
66.67,48.0,48.72,60.0,30.0,31.25,33.33,1
50.0,44.0,46.15,36.67,46.67,50.0,55.56,2
50.0,44.0,43.59,33.33,40.0,37.5,35.19,1
33.33,16.0,17.95,23.33,66.67,75.0,85.19,1
83.33,88.0,79.49,83.33,90.0,62.5,79.63,3
83.33,76.0,56.41,76.67,73.33,81.25,81.48,3
66.67,48.0,51.28,50.0,83.33,87.5,75.93,2
50.0,56.0,51.28,53.33,76.67,75.0,66.67,2
33.33,32.0,17.95,36.67,83.33,56.25,75.93,1
83.33,88.0,69.23,60.0,83.33,87.5,81.48,3
83.33,28.0,33.33,16.67,26.67,37.5,27.78,1
83.33,88.0,87.18,100.0,96.67,93.75,94.44,3
66.67,68.0,48.72,80.0,46.67,56.25,72.22,2
50.0,56.0,69.23,90.0,20.0,25.0,38.89,1
50.0,44.0,46.15,70.0,93.33,87.5,81.48,2
83.33,84.0,74.36,73.33,50.0,56.25,46.3,2
66.67,68.0,69.23,70.0,46.67,68.75,70.37,2
83.33,88.0,89.74,86.67,70.0,68.75,75.93,3
50.0,68.0,43.59,66.67,66.67,43.75,46.3,2
33.33,32.0,38.46,33.33,43.33,56.25,57.41,1
66.67,72.0,66.67,60.0,20.0,31.25,20.37,1
33.33,40.0,25.64,33.33,30.0,18.75,24.07,1
83.33,84.0,74.36,83.33,40.0,50.0,51.85,2
50.0,52.0,53.85,73.33,46.67,68.75,55.56,2
16.67,32.0,17.95,30.0,86.67,81.25,44.44,1
83.33,84.0,89.74,63.33,50.0,56.25,51.85,2
50.0,52.0,58.97,53.33,53.33,62.5,62.96,2
83.33,84.0,79.49,66.67,90.0,75.0,92.59,3
66.67,72.0,51.28,66.67,66.67,68.75,72.22,2
50.0,60.0,69.23,63.33,93.33,75.0,81.48,2
66.67,64.0,61.54,60.0,46.67,62.5,61.11,2
83.33,88.0,94.87,86.67,70.0,75.0,72.22,3
66.67,76.0,69.23,73.33,66.67,68.75,77.78,3
33.33,28.0,12.82,30.0,56.67,75.0,74.07,1
66.67,68.0,76.92,73.33,76.67,75.0,72.22,3
83.33,72.0,48.72,56.67,73.33,62.5,61.11,2
83.33,80.0,92.31,83.33,76.67,93.75,74.07,3
50.0,48.0,61.54,46.67,86.67,68.75,66.67,2
66.67,60.0,71.79,73.33,33.33,25.0,24.07,1
83.33,92.0,94.87,90.0,96.67,87.5,92.59,3
100.0,80.0,84.62,86.67,73.33,68.75,74.07,3
33.33,28.0,30.77,23.33,73.33,81.25,87.04,1
33.33,20.0,33.33,23.33,53.33,68.75,70.37,1
50.0,44.0,41.03,46.67,86.67,81.25,83.33,2
83.33,44.0,23.08,23.33,20.0,25.0,37.04,1
83.33,68.0,66.67,66.67,70.0,68.75,72.22,3
66.67,44.0,66.67,73.33,70.0,75.0,72.22,2
66.67,68.0,69.23,80.0,93.33,100.0,83.33,3
66.67,88.0,84.62,76.67,76.67,62.5,90.74,3
83.33,88.0,84.62,90.0,83.33,56.25,75.93,3
66.67,80.0,66.67,73.33,30.0,12.5,27.78,1
100.0,96.0,92.31,93.33,83.33,93.75,87.04,3
83.33,72.0,74.36,80.0,73.33,75.0,72.22,3
83.33,92.0,89.74,100.0,66.67,75.0,70.37,3
83.33,20.0,41.03,43.33,23.33,18.75,37.04,1
83.33,80.0,71.79,73.33,66.67,81.25,75.93,3
83.33,56.0,76.92,80.0,86.67,87.5,88.89,3
66.67,76.0,84.62,90.0,83.33,81.25,77.78,3
50.0,48.0,46.15,46.67,53.33,31.25,70.37,2
33.33,36.0,38.46,33.33,43.33,37.5,50.0,1
50.0,48.0,56.41,56.67,80.0,81.25,66.67,2
66.67,72.0,76.92,80.0,63.33,68.75,72.22,3
50.0,48.0,51.28,53.33,76.67,81.25,79.63,2
83.33,80.0,79.49,76.67,73.33,81.25,75.93,3
33.33,20.0,28.21,46.67,43.33,31.25,35.19,1
33.33,20.0,41.03,30.0,30.0,25.0,16.67,1
33.33,68.0,48.72,76.67,66.67,50.0,77.78,2
66.67,68.0,76.92,80.0,46.67,68.75,70.37,2
66.67,72.0,53.85,46.67,73.33,62.5,59.26,2
66.67,84.0,69.23,86.67,53.33,43.75,42.59,2
83.33,92.0,56.41,90.0,80.0,75.0,90.74,3
50.0,48.0,58.97,46.67,73.33,81.25,72.22,2
83.33,32.0,15.38,33.33,36.67,37.5,33.33,1
66.67,68.0,71.79,73.33,73.33,75.0,70.37,3
83.33,96.0,92.31,86.67,93.33,87.5,90.74,3
66.67,76.0,71.79,66.67,73.33,75.0,66.67,3
50.0,76.0,69.23,73.33,73.33,68.75,64.81,2
83.33,88.0,87.18,63.33,50.0,56.25,48.15,2
83.33,88.0,87.18,76.67,76.67,81.25,55.56,3
66.67,72.0,74.36,70.0,86.67,93.75,79.63,3
66.67,36.0,25.64,23.33,33.33,25.0,40.74,1
50.0,48.0,38.46,26.67,36.67,18.75,55.56,1
83.33,88.0,82.05,93.33,90.0,93.75,81.48,3
66.67,76.0,79.49,70.0,70.0,68.75,75.93,3
16.67,28.0,28.21,6.67,33.33,31.25,29.63,1
50.0,44.0,56.41,46.67,36.67,50.0,50.0,2
50.0,56.0,53.85,66.67,80.0,75.0,83.33,2
50.0,52.0,69.23,66.67,66.67,56.25,57.41,2
33.33,52.0,43.59,46.67,46.67,50.0,50.0,2
33.33,28.0,30.77,20.0,33.33,25.0,40.74,1
83.33,28.0,28.21,30.0,30.0,31.25,38.89,1
66.67,72.0,82.05,66.67,80.0,68.75,64.81,3
50.0,52.0,53.85,56.67,70.0,81.25,75.93,2
33.33,48.0,35.9,43.33,36.67,37.5,35.19,1
100.0,80.0,56.41,73.33,70.0,75.0,77.78,3
83.33,68.0,76.92,73.33,66.67,75.0,70.37,3
83.33,80.0,79.49,83.33,16.67,25.0,14.81,1
50.0,68.0,71.79,63.33,63.33,68.75,59.26,2
66.67,76.0,74.36,76.67,23.33,18.75,16.67,1
83.33,72.0,48.72,63.33,46.67,87.5,55.56,2
50.0,52.0,53.85,46.67,43.33,43.75,44.44,2
50.0,44.0,35.9,40.0,50.0,43.75,53.7,2
66.67,64.0,71.79,66.67,86.67,93.75,98.15,3
50.0,84.0,82.05,80.0,80.0,75.0,77.78,3
100.0,44.0,25.64,30.0,16.67,31.25,14.81,1
66.67,68.0,69.23,76.67,73.33,75.0,61.11,3
33.33,40.0,25.64,46.67,26.67,18.75,35.19,1
33.33,52.0,38.46,16.67,16.67,18.75,51.85,1
83.33,84.0,92.31,80.0,90.0,81.25,90.74,3
83.33,68.0,69.23,73.33,86.67,87.5,88.89,3
83.33,80.0,76.92,66.67,70.0,75.0,70.37,3
66.67,76.0,66.67,73.33,76.67,68.75,70.37,3
66.67,72.0,82.05,76.67,73.33,75.0,75.93,3
83.33,76.0,64.1,60.0,40.0,50.0,44.44,2
83.33,92.0,76.92,90.0,73.33,75.0,75.93,3
33.33,32.0,38.46,30.0,50.0,50.0,64.81,1
50.0,40.0,48.72,36.67,33.33,43.75,37.04,1
83.33,40.0,30.77,50.0,40.0,18.75,16.67,1
50.0,64.0,82.05,76.67,26.67,37.5,24.07,1
100.0,76.0,69.23,60.0,53.33,50.0,46.3,2
83.33,32.0,46.15,20.0,26.67,31.25,9.26,1
83.33,92.0,76.92,76.67,40.0,43.75,62.96,2
50.0,36.0,53.85,53.33,90.0,81.25,68.52,2
83.33,76.0,74.36,73.33,90.0,81.25,85.19,3
66.67,68.0,48.72,73.33,66.67,37.5,50.0,2
83.33,56.0,76.92,96.67,80.0,100.0,79.63,3
83.33,48.0,17.95,16.67,26.67,37.5,24.07,1
33.33,52.0,51.28,20.0,40.0,43.75,20.37,1
16.67,12.0,25.64,33.33,26.67,43.75,29.63,1
66.67,68.0,79.49,76.67,86.67,87.5,88.89,3
16.67,48.0,53.85,20.0,53.33,18.75,42.59,1
33.33,28.0,30.77,33.33,23.33,37.5,18.52,1
83.33,88.0,94.87,76.67,76.67,81.25,77.78,3
66.67,84.0,71.79,70.0,83.33,87.5,94.44,3
66.67,60.0,74.36,63.33,90.0,87.5,87.04,3
16.67,36.0,17.95,50.0,46.67,18.75,70.37,1
83.33,92.0,64.1,83.33,46.67,50.0,51.85,2
66.67,68.0,74.36,66.67,76.67,75.0,74.07,3
83.33,88.0,89.74,86.67,60.0,68.75,68.52,3
83.33,16.0,41.03,36.67,33.33,31.25,37.04,1
33.33,40.0,38.46,36.67,33.33,37.5,50.0,1
83.33,88.0,79.49,80.0,70.0,81.25,70.37,3
100.0,88.0,84.62,76.67,93.33,87.5,88.89,3
50.0,84.0,82.05,76.67,40.0,50.0,46.3,2
83.33,64.0,71.79,76.67,80.0,75.0,48.15,2
50.0,48.0,43.59,50.0,56.67,50.0,50.0,2
83.33,80.0,76.92,76.67,90.0,68.75,79.63,3
50.0,44.0,51.28,53.33,70.0,81.25,79.63,2
50.0,36.0,46.15,36.67,36.67,50.0,33.33,1
83.33,80.0,84.62,83.33,76.67,81.25,83.33,3
83.33,88.0,82.05,86.67,66.67,68.75,61.11,3
83.33,84.0,84.62,70.0,46.67,56.25,53.7,2
100.0,84.0,79.49,86.67,56.67,37.5,55.56,2
50.0,44.0,64.1,53.33,83.33,81.25,42.59,2
66.67,72.0,69.23,73.33,70.0,75.0,77.78,3
83.33,76.0,84.62,86.67,83.33,75.0,66.67,3
83.33,84.0,100.0,83.33,83.33,93.75,90.74,3
66.67,52.0,64.1,80.0,73.33,62.5,62.96,2
83.33,48.0,25.64,26.67,30.0,37.5,22.22,1
83.33,56.0,71.79,43.33,63.33,50.0,81.48,2
83.33,88.0,76.92,76.67,60.0,87.5,88.89,3
83.33,68.0,74.36,66.67,93.33,87.5,83.33,3
16.67,20.0,33.33,23.33,76.67,75.0,66.67,1
33.33,36.0,30.77,30.0,40.0,31.25,37.04,1
83.33,76.0,79.49,80.0,73.33,81.25,77.78,3
66.67,44.0,48.72,56.67,70.0,68.75,48.15,2
16.67,24.0,12.82,40.0,70.0,68.75,55.56,1
50.0,64.0,79.49,50.0,56.67,43.75,74.07,2
50.0,48.0,51.28,60.0,46.67,37.5,50.0,2
66.67,56.0,69.23,73.33,66.67,50.0,68.52,2
16.67,40.0,28.21,40.0,30.0,25.0,22.22,1
50.0,44.0,53.85,46.67,43.33,43.75,44.44,2
66.67,84.0,92.31,70.0,50.0,56.25,50.0,2
33.33,20.0,15.38,20.0,76.67,68.75,66.67,1
83.33,68.0,79.49,76.67,83.33,81.25,87.04,3
50.0,48.0,53.85,46.67,46.67,50.0,42.59,2
66.67,40.0,15.38,53.33,10.0,18.75,40.74,1
83.33,88.0,92.31,86.67,43.33,56.25,57.41,2
83.33,92.0,94.87,93.33,86.67,93.75,88.89,3
83.33,88.0,84.62,90.0,96.67,93.75,88.89,3
83.33,32.0,38.46,23.33,26.67,25.0,12.96,1
83.33,24.0,35.9,33.33,20.0,43.75,35.19,1
16.67,16.0,35.9,13.33,50.0,43.75,51.85,1
50.0,52.0,48.72,43.33,40.0,50.0,44.44,2
83.33,84.0,82.05,86.67,63.33,81.25,70.37,3
66.67,84.0,79.49,73.33,76.67,87.5,92.59,3
50.0,48.0,43.59,53.33,50.0,50.0,50.0,2
33.33,28.0,38.46,10.0,70.0,62.5,72.22,1
83.33,100.0,87.18,90.0,96.67,100.0,90.74,3
16.67,32.0,17.95,33.33,66.67,62.5,72.22,1
83.33,80.0,87.18,83.33,76.67,81.25,79.63,3
66.67,72.0,66.67,73.33,86.67,81.25,90.74,3
50.0,24.0,41.03,33.33,13.33,37.5,42.59,1
66.67,68.0,66.67,46.67,63.33,68.75,75.93,2
33.33,40.0,23.08,30.0,40.0,18.75,42.59,1
66.67,48.0,66.67,63.33,70.0,62.5,61.11,2
66.67,56.0,66.67,56.67,33.33,25.0,29.63,1
50.0,44.0,46.15,50.0,50.0,50.0,46.3,2
16.67,20.0,12.82,30.0,60.0,56.25,79.63,1
100.0,76.0,74.36,86.67,56.67,68.75,40.74,2
16.67,24.0,15.38,30.0,70.0,75.0,64.81,1
66.67,64.0,74.36,76.67,50.0,81.25,61.11,2
33.33,60.0,20.51,20.0,56.67,43.75,40.74,1
83.33,16.0,20.51,26.67,26.67,43.75,35.19,1
50.0,52.0,46.15,50.0,76.67,68.75,48.15,2
66.67,68.0,82.05,63.33,46.67,31.25,57.41,2
50.0,68.0,74.36,63.33,60.0,68.75,64.81,2
100.0,84.0,87.18,80.0,100.0,87.5,98.15,3
66.67,76.0,69.23,70.0,80.0,68.75,74.07,3
83.33,76.0,84.62,83.33,33.33,50.0,46.3,2
83.33,84.0,76.92,76.67,56.67,50.0,48.15,2
66.67,72.0,71.79,76.67,73.33,75.0,75.93,3
83.33,80.0,97.44,86.67,93.33,87.5,90.74,3
50.0,56.0,61.54,70.0,63.33,50.0,61.11,2
83.33,92.0,82.05,96.67,83.33,93.75,90.74,3
83.33,80.0,66.67,76.67,80.0,75.0,75.93,3
83.33,60.0,89.74,90.0,83.33,87.5,85.19,3
33.33,28.0,20.51,26.67,26.67,25.0,29.63,1
50.0,56.0,56.41,46.67,56.67,62.5,61.11,2
66.67,88.0,79.49,83.33,73.33,75.0,75.93,3
100.0,80.0,89.74,86.67,93.33,87.5,92.59,3
50.0,44.0,48.72,46.67,76.67,62.5,70.37,2
66.67,68.0,56.41,60.0,33.33,31.25,31.48,1
66.67,60.0,74.36,70.0,46.67,50.0,61.11,2
66.67,68.0,76.92,66.67,86.67,87.5,88.89,3
100.0,92.0,92.31,86.67,73.33,56.25,85.19,3
66.67,64.0,43.59,63.33,60.0,68.75,46.3,2
33.33,28.0,28.21,53.33,30.0,31.25,29.63,1
66.67,60.0,64.1,76.67,70.0,56.25,48.15,2
66.67,76.0,76.92,70.0,90.0,100.0,75.93,3
50.0,40.0,33.33,50.0,46.67,50.0,50.0,2
66.67,68.0,69.23,66.67,76.67,81.25,75.93,3
83.33,88.0,69.23,66.67,40.0,43.75,55.56,2
83.33,52.0,38.46,70.0,80.0,62.5,51.85,2
50.0,52.0,58.97,53.33,80.0,81.25,75.93,2
33.33,44.0,15.38,23.33,43.33,37.5,48.15,1
33.33,44.0,33.33,46.67,50.0,31.25,35.19,1
66.67,72.0,74.36,70.0,70.0,75.0,70.37,3
33.33,20.0,35.9,30.0,76.67,75.0,75.93,1
66.67,76.0,79.49,73.33,20.0,25.0,24.07,1
83.33,44.0,25.64,33.33,20.0,25.0,25.93,1
16.67,52.0,7.69,50.0,53.33,43.75,48.15,1
50.0,44.0,51.28,50.0,53.33,50.0,44.44,2
83.33,92.0,89.74,86.67,90.0,87.5,88.89,3
16.67,24.0,10.26,26.67,70.0,68.75,70.37,1
66.67,60.0,79.49,70.0,26.67,12.5,14.81,1
33.33,56.0,64.1,40.0,90.0,68.75,79.63,2
83.33,28.0,38.46,40.0,20.0,43.75,31.48,1
66.67,68.0,66.67,63.33,43.33,68.75,62.96,2
66.67,68.0,79.49,66.67,73.33,43.75,68.52,2
16.67,36.0,33.33,20.0,30.0,43.75,38.89,1
50.0,60.0,56.41,63.33,50.0,56.25,42.59,2
83.33,88.0,87.18,83.33,90.0,93.75,94.44,3
100.0,76.0,79.49,83.33,46.67,37.5,57.41,2
50.0,64.0,58.97,53.33,33.33,31.25,31.48,1
66.67,76.0,69.23,70.0,73.33,68.75,72.22,3
66.67,84.0,56.41,40.0,83.33,56.25,64.81,2
50.0,68.0,61.54,66.67,73.33,68.75,79.63,2
33.33,24.0,23.08,26.67,13.33,18.75,29.63,1
66.67,76.0,64.1,50.0,63.33,56.25,59.26,2
66.67,48.0,53.85,56.67,30.0,31.25,25.93,1
50.0,48.0,53.85,46.67,46.67,56.25,44.44,2
83.33,40.0,28.21,30.0,30.0,18.75,44.44,1
66.67,64.0,89.74,96.67,40.0,50.0,35.19,2
50.0,52.0,41.03,26.67,50.0,25.0,51.85,1
50.0,56.0,53.85,73.33,53.33,75.0,77.78,2
83.33,80.0,82.05,50.0,80.0,81.25,70.37,3
66.67,72.0,69.23,66.67,76.67,68.75,74.07,3
66.67,72.0,76.92,63.33,70.0,75.0,68.52,3
16.67,28.0,41.03,16.67,40.0,12.5,31.48,1
66.67,80.0,82.05,66.67,50.0,43.75,70.37,2
83.33,56.0,66.67,53.33,43.33,56.25,57.41,2
50.0,44.0,51.28,46.67,100.0,81.25,79.63,2
33.33,24.0,38.46,20.0,26.67,25.0,18.52,1
50.0,36.0,35.9,36.67,33.33,31.25,31.48,1
50.0,44.0,64.1,56.67,73.33,43.75,51.85,2
83.33,80.0,79.49,66.67,96.67,87.5,77.78,3
66.67,76.0,76.92,70.0,76.67,68.75,74.07,3
100.0,96.0,76.92,86.67,86.67,81.25,92.59,3
83.33,76.0,76.92,83.33,63.33,87.5,64.81,3
50.0,52.0,53.85,66.67,36.67,25.0,29.63,1
83.33,64.0,84.62,60.0,20.0,18.75,18.52,1
33.33,24.0,20.51,33.33,20.0,43.75,25.93,1
33.33,52.0,51.28,40.0,50.0,50.0,44.44,2
50.0,84.0,61.54,43.33,66.67,56.25,75.93,2
66.67,68.0,46.15,70.0,56.67,75.0,68.52,2
66.67,68.0,74.36,73.33,73.33,62.5,75.93,3
66.67,76.0,69.23,66.67,80.0,68.75,51.85,2
50.0,84.0,66.67,53.33,70.0,50.0,48.15,2
83.33,80.0,79.49,83.33,43.33,43.75,38.89,2
33.33,32.0,38.46,33.33,63.33,56.25,61.11,1
66.67,76.0,74.36,73.33,70.0,68.75,62.96,3
50.0,48.0,46.15,36.67,50.0,62.5,40.74,2
66.67,92.0,71.79,86.67,73.33,75.0,74.07,3
66.67,72.0,71.79,80.0,76.67,68.75,75.93,3
50.0,64.0,53.85,66.67,53.33,56.25,50.0,2
50.0,44.0,51.28,50.0,56.67,56.25,38.89,2
66.67,56.0,53.85,66.67,16.67,25.0,37.04,1
100.0,88.0,82.05,66.67,86.67,75.0,75.93,3
66.67,48.0,82.05,66.67,80.0,81.25,70.37,2
83.33,56.0,84.62,76.67,83.33,75.0,92.59,3
83.33,80.0,69.23,83.33,46.67,37.5,48.15,2
66.67,64.0,69.23,86.67,53.33,50.0,42.59,2
83.33,92.0,89.74,83.33,83.33,93.75,92.59,3
33.33,16.0,28.21,50.0,50.0,43.75,11.11,1
33.33,28.0,17.95,36.67,66.67,56.25,68.52,1
83.33,64.0,94.87,70.0,83.33,81.25,98.15,3
50.0,44.0,66.67,13.33,60.0,25.0,53.7,1
83.33,80.0,84.62,83.33,56.67,50.0,48.15,2
83.33,72.0,64.1,73.33,66.67,81.25,72.22,3
33.33,44.0,69.23,80.0,76.67,62.5,55.56,2
83.33,72.0,84.62,96.67,53.33,37.5,50.0,2
83.33,92.0,79.49,90.0,86.67,87.5,83.33,3
66.67,64.0,79.49,63.33,6.67,31.25,22.22,1
66.67,56.0,61.54,76.67,33.33,31.25,20.37,1
66.67,68.0,89.74,66.67,60.0,50.0,51.85,2
100.0,96.0,84.62,100.0,90.0,93.75,94.44,3
66.67,68.0,74.36,76.67,90.0,81.25,92.59,3
83.33,76.0,76.92,80.0,30.0,31.25,12.96,1
50.0,44.0,48.72,46.67,46.67,43.75,37.04,2
83.33,80.0,89.74,90.0,73.33,75.0,66.67,3
66.67,72.0,74.36,83.33,70.0,68.75,74.07,3
83.33,72.0,69.23,53.33,46.67,37.5,66.67,2
83.33,92.0,92.31,96.67,86.67,81.25,77.78,3
16.67,12.0,30.77,26.67,70.0,68.75,61.11,1
83.33,92.0,97.44,90.0,86.67,87.5,94.44,3
33.33,40.0,38.46,40.0,40.0,50.0,33.33,1
83.33,88.0,89.74,93.33,70.0,75.0,79.63,3
66.67,72.0,61.54,70.0,30.0,31.25,27.78,1
66.67,56.0,66.67,46.67,63.33,68.75,64.81,2
66.67,16.0,51.28,43.33,16.67,62.5,48.15,1
50.0,56.0,58.97,56.67,33.33,31.25,31.48,1
83.33,76.0,71.79,73.33,50.0,62.5,70.37,2
66.67,52.0,64.1,53.33,66.67,75.0,79.63,2
16.67,16.0,23.08,23.33,63.33,62.5,66.67,1
50.0,8.0,48.72,66.67,33.33,31.25,57.41,1
66.67,52.0,35.9,23.33,26.67,37.5,35.19,1
66.67,80.0,74.36,76.67,50.0,43.75,46.3,2
33.33,48.0,53.85,53.33,46.67,50.0,46.3,2
66.67,80.0,76.92,80.0,46.67,31.25,55.56,2
50.0,60.0,64.1,50.0,83.33,81.25,83.33,2
83.33,80.0,69.23,73.33,80.0,75.0,72.22,3
83.33,92.0,82.05,90.0,83.33,87.5,83.33,3
66.67,68.0,48.72,63.33,30.0,31.25,33.33,1
33.33,56.0,46.15,46.67,40.0,50.0,48.15,2
83.33,72.0,69.23,66.67,86.67,87.5,87.04,3
83.33,80.0,82.05,76.67,50.0,56.25,51.85,2
33.33,32.0,33.33,30.0,56.67,68.75,59.26,1
50.0,40.0,58.97,50.0,46.67,75.0,75.93,2
66.67,72.0,66.67,66.67,53.33,43.75,68.52,2
83.33,92.0,79.49,53.33,73.33,93.75,92.59,3
16.67,28.0,10.26,16.67,73.33,81.25,68.52,1
66.67,84.0,76.92,76.67,76.67,87.5,79.63,3
66.67,76.0,92.31,80.0,76.67,81.25,77.78,3
16.67,48.0,30.77,16.67,63.33,31.25,40.74,1
33.33,28.0,5.13,40.0,46.67,18.75,42.59,1
66.67,88.0,82.05,80.0,83.33,93.75,55.56,3
16.67,36.0,20.51,66.67,40.0,18.75,57.41,1
83.33,80.0,82.05,86.67,66.67,75.0,79.63,3
16.67,28.0,38.46,20.0,23.33,25.0,33.33,1
33.33,32.0,28.21,33.33,56.67,56.25,59.26,1
66.67,76.0,69.23,73.33,80.0,87.5,81.48,3
66.67,88.0,69.23,70.0,80.0,87.5,74.07,3
83.33,88.0,87.18,83.33,70.0,75.0,77.78,3
83.33,76.0,84.62,96.67,90.0,100.0,94.44,3
66.67,20.0,28.21,26.67,36.67,43.75,31.48,1
66.67,76.0,76.92,80.0,63.33,43.75,70.37,2
66.67,76.0,79.49,73.33,76.67,75.0,70.37,3
83.33,80.0,69.23,70.0,83.33,100.0,87.04,3
50.0,56.0,43.59,63.33,56.67,62.5,51.85,2
83.33,80.0,74.36,76.67,66.67,75.0,88.89,3
50.0,44.0,51.28,56.67,80.0,93.75,75.93,2
33.33,36.0,33.33,30.0,33.33,31.25,22.22,1
66.67,52.0,48.72,50.0,83.33,87.5,75.93,2
83.33,60.0,89.74,80.0,83.33,81.25,77.78,3
66.67,56.0,64.1,46.67,56.67,43.75,79.63,2
33.33,20.0,41.03,60.0,16.67,18.75,53.7,1
66.67,76.0,76.92,60.0,70.0,50.0,42.59,2
66.67,52.0,61.54,60.0,60.0,56.25,50.0,2
50.0,24.0,30.77,60.0,60.0,62.5,14.81,1
83.33,40.0,23.08,26.67,40.0,25.0,22.22,1
83.33,76.0,84.62,63.33,76.67,81.25,72.22,3
50.0,64.0,51.28,46.67,60.0,56.25,42.59,2
66.67,84.0,79.49,80.0,73.33,81.25,75.93,3
83.33,76.0,66.67,53.33,46.67,50.0,75.93,2
66.67,24.0,28.21,20.0,33.33,37.5,33.33,1
83.33,100.0,92.31,93.33,90.0,81.25,92.59,3
83.33,100.0,87.18,86.67,96.67,93.75,94.44,3
50.0,44.0,53.85,43.33,80.0,75.0,72.22,2
66.67,28.0,33.33,40.0,33.33,37.5,29.63,1
83.33,96.0,82.05,83.33,70.0,68.75,72.22,3
83.33,88.0,97.44,90.0,86.67,93.75,87.04,3
50.0,64.0,43.59,60.0,63.33,56.25,50.0,2
83.33,76.0,76.92,83.33,50.0,43.75,53.7,2
83.33,92.0,82.05,76.67,76.67,81.25,77.78,3
83.33,28.0,28.21,40.0,40.0,25.0,31.48,1
16.67,44.0,25.64,46.67,53.33,62.5,16.67,1
50.0,64.0,76.92,70.0,46.67,75.0,62.96,2
16.67,32.0,28.21,23.33,66.67,68.75,72.22,1
50.0,56.0,51.28,50.0,76.67,87.5,75.93,2
83.33,40.0,23.08,26.67,23.33,43.75,59.26,1
83.33,88.0,82.05,86.67,63.33,68.75,64.81,3
16.67,44.0,23.08,60.0,10.0,62.5,35.19,1
66.67,72.0,66.67,46.67,70.0,68.75,62.96,2
83.33,88.0,87.18,90.0,66.67,68.75,75.93,3
100.0,92.0,89.74,86.67,70.0,75.0,79.63,3
66.67,72.0,66.67,76.67,26.67,25.0,22.22,1
83.33,72.0,66.67,66.67,73.33,68.75,64.81,3
16.67,32.0,25.64,26.67,16.67,25.0,22.22,1
33.33,32.0,35.9,36.67,53.33,68.75,61.11,1
50.0,56.0,58.97,60.0,60.0,50.0,64.81,2
16.67,40.0,12.82,56.67,50.0,18.75,50.0,1
83.33,32.0,33.33,20.0,36.67,25.0,18.52,1
66.67,72.0,74.36,70.0,76.67,68.75,77.78,3
83.33,88.0,87.18,86.67,70.0,75.0,81.48,3
83.33,68.0,82.05,73.33,76.67,81.25,90.74,3
66.67,44.0,53.85,50.0,86.67,87.5,77.78,2
33.33,32.0,33.33,30.0,30.0,31.25,29.63,1
66.67,52.0,58.97,53.33,83.33,87.5,83.33,2
83.33,40.0,51.28,40.0,26.67,25.0,44.44,1
83.33,80.0,84.62,76.67,60.0,81.25,74.07,3
33.33,24.0,25.64,23.33,80.0,87.5,88.89,1
33.33,40.0,46.15,33.33,36.67,37.5,38.89,1
66.67,60.0,58.97,60.0,70.0,81.25,64.81,2
50.0,52.0,64.1,66.67,80.0,43.75,83.33,2
66.67,72.0,69.23,66.67,76.67,68.75,70.37,3
50.0,44.0,43.59,50.0,40.0,50.0,50.0,2
66.67,56.0,51.28,66.67,46.67,62.5,46.3,2
83.33,68.0,69.23,76.67,76.67,68.75,75.93,3
33.33,24.0,30.77,36.67,43.33,43.75,29.63,1
50.0,52.0,71.79,53.33,60.0,62.5,59.26,2
66.67,48.0,46.15,50.0,76.67,81.25,72.22,2
83.33,36.0,25.64,26.67,40.0,43.75,29.63,1
33.33,28.0,15.38,16.67,56.67,62.5,51.85,1
33.33,28.0,41.03,33.33,23.33,37.5,25.93,1
66.67,84.0,94.87,63.33,16.67,18.75,16.67,1
66.67,64.0,64.1,63.33,70.0,56.25,62.96,2
33.33,24.0,38.46,26.67,23.33,25.0,33.33,1
83.33,84.0,79.49,76.67,83.33,75.0,81.48,3
33.33,44.0,48.72,53.33,50.0,43.75,46.3,2
83.33,40.0,82.05,50.0,66.67,50.0,53.7,2
50.0,36.0,33.33,33.33,36.67,43.75,38.89,1
66.67,64.0,69.23,70.0,76.67,68.75,46.3,2
66.67,48.0,46.15,60.0,90.0,75.0,72.22,2
66.67,68.0,71.79,73.33,70.0,68.75,74.07,3
50.0,52.0,48.72,40.0,63.33,75.0,85.19,2
83.33,64.0,82.05,80.0,60.0,37.5,62.96,2
50.0,48.0,53.85,46.67,46.67,37.5,44.44,2
33.33,36.0,33.33,30.0,46.67,62.5,55.56,1
83.33,92.0,82.05,80.0,73.33,75.0,68.52,3
83.33,20.0,23.08,30.0,26.67,37.5,18.52,1
50.0,52.0,43.59,46.67,40.0,43.75,51.85,2
100.0,28.0,41.03,26.67,40.0,31.25,27.78,1
50.0,52.0,41.03,50.0,66.67,81.25,88.89,2
66.67,84.0,58.97,70.0,83.33,93.75,98.15,3
66.67,72.0,46.15,60.0,50.0,50.0,46.3,2
66.67,56.0,53.85,53.33,46.67,50.0,37.04,2
50.0,72.0,69.23,66.67,60.0,62.5,61.11,2
66.67,68.0,92.31,83.33,46.67,50.0,46.3,2
83.33,84.0,92.31,90.0,70.0,75.0,72.22,3
33.33,32.0,35.9,33.33,40.0,43.75,42.59,1
50.0,44.0,53.85,53.33,86.67,68.75,75.93,2
33.33,20.0,30.77,33.33,26.67,37.5,40.74,1
66.67,84.0,58.97,80.0,10.0,25.0,27.78,1
83.33,84.0,79.49,90.0,96.67,81.25,96.3,3
100.0,84.0,76.92,86.67,90.0,81.25,53.7,3
33.33,32.0,35.9,30.0,30.0,37.5,20.37,1
83.33,36.0,35.9,33.33,33.33,37.5,27.78,1
33.33,24.0,28.21,30.0,86.67,68.75,72.22,1
66.67,84.0,89.74,73.33,16.67,31.25,22.22,1
83.33,28.0,12.82,20.0,20.0,37.5,27.78,1
33.33,28.0,25.64,26.67,76.67,81.25,81.48,1
50.0,48.0,53.85,43.33,50.0,43.75,55.56,2
50.0,68.0,61.54,70.0,73.33,62.5,62.96,2
16.67,20.0,20.51,30.0,66.67,75.0,68.52,1
33.33,52.0,53.85,50.0,76.67,87.5,74.07,2
83.33,80.0,79.49,70.0,50.0,50.0,50.0,2
50.0,76.0,58.97,46.67,53.33,68.75,75.93,2
50.0,40.0,35.9,36.67,33.33,37.5,33.33,1
100.0,96.0,89.74,96.67,90.0,81.25,92.59,3
66.67,52.0,76.92,70.0,76.67,93.75,90.74,3
83.33,76.0,74.36,86.67,46.67,50.0,44.44,2
33.33,68.0,82.05,46.67,56.67,50.0,81.48,2
33.33,32.0,33.33,20.0,66.67,68.75,79.63,1
50.0,52.0,53.85,53.33,33.33,31.25,35.19,1
66.67,60.0,58.97,50.0,60.0,50.0,55.56,2
83.33,36.0,48.72,66.67,60.0,75.0,57.41,2
83.33,84.0,76.92,83.33,76.67,81.25,79.63,3
66.67,80.0,76.92,93.33,46.67,50.0,50.0,2
66.67,52.0,82.05,43.33,60.0,56.25,74.07,2
33.33,24.0,12.82,20.0,66.67,68.75,74.07,1
50.0,80.0,82.05,80.0,90.0,87.5,77.78,3
83.33,84.0,76.92,93.33,76.67,93.75,59.26,3
83.33,84.0,92.31,86.67,86.67,93.75,87.04,3
66.67,68.0,71.79,76.67,93.33,93.75,79.63,3
66.67,84.0,76.92,66.67,20.0,25.0,31.48,1
66.67,68.0,74.36,70.0,83.33,87.5,92.59,3
33.33,20.0,20.51,23.33,30.0,31.25,12.96,1
66.67,28.0,58.97,40.0,40.0,25.0,44.44,1
66.67,68.0,69.23,56.67,50.0,62.5,64.81,2
50.0,52.0,46.15,43.33,63.33,56.25,61.11,2
83.33,68.0,71.79,80.0,90.0,81.25,87.04,3
66.67,68.0,69.23,76.67,86.67,75.0,77.78,3
50.0,40.0,46.15,46.67,43.33,50.0,50.0,2
50.0,48.0,48.72,40.0,73.33,75.0,75.93,2
50.0,52.0,51.28,46.67,43.33,43.75,50.0,2
66.67,72.0,74.36,70.0,86.67,81.25,90.74,3
16.67,24.0,30.77,20.0,70.0,62.5,70.37,1
50.0,32.0,15.38,20.0,56.67,43.75,29.63,1
100.0,92.0,97.44,90.0,86.67,81.25,81.48,3
83.33,88.0,89.74,56.67,76.67,81.25,75.93,3
50.0,64.0,51.28,46.67,33.33,31.25,35.19,1
66.67,72.0,71.79,70.0,86.67,87.5,88.89,3
66.67,60.0,46.15,63.33,76.67,75.0,62.96,2
33.33,16.0,25.64,26.67,30.0,25.0,24.07,1
100.0,84.0,82.05,70.0,46.67,50.0,44.44,2
83.33,92.0,94.87,96.67,83.33,87.5,98.15,3
16.67,20.0,35.9,26.67,56.67,75.0,70.37,1
50.0,40.0,51.28,60.0,63.33,50.0,61.11,2
16.67,28.0,25.64,36.67,73.33,75.0,72.22,1
50.0,48.0,48.72,53.33,53.33,50.0,53.7,2
83.33,32.0,33.33,30.0,30.0,25.0,24.07,1
50.0,48.0,43.59,43.33,50.0,56.25,48.15,2
66.67,84.0,64.1,63.33,66.67,75.0,75.93,3
66.67,72.0,69.23,83.33,40.0,25.0,27.78,1
66.67,44.0,76.92,60.0,56.67,50.0,53.7,2
50.0,52.0,61.54,53.33,66.67,68.75,66.67,2
50.0,36.0,33.33,33.33,40.0,37.5,37.04,1
66.67,28.0,15.38,33.33,30.0,37.5,29.63,1
66.67,68.0,79.49,86.67,30.0,18.75,29.63,1
16.67,24.0,15.38,26.67,70.0,75.0,66.67,1
16.67,56.0,53.85,20.0,43.33,43.75,48.15,1
66.67,80.0,84.62,80.0,96.67,87.5,83.33,3
83.33,32.0,10.26,33.33,30.0,31.25,31.48,1
100.0,24.0,15.38,23.33,3.33,25.0,31.48,1
33.33,32.0,38.46,33.33,56.67,56.25,57.41,1
100.0,84.0,89.74,86.67,90.0,87.5,87.04,3
50.0,52.0,56.41,50.0,76.67,87.5,79.63,2
100.0,84.0,92.31,90.0,90.0,87.5,90.74,3
66.67,60.0,41.03,56.67,33.33,37.5,31.48,1
83.33,24.0,43.59,46.67,23.33,18.75,44.44,1
66.67,76.0,79.49,73.33,70.0,75.0,83.33,3
83.33,88.0,87.18,93.33,86.67,93.75,90.74,3
83.33,92.0,71.79,83.33,80.0,68.75,61.11,3
83.33,88.0,53.85,80.0,80.0,87.5,94.44,3
83.33,80.0,84.62,80.0,80.0,81.25,61.11,3
83.33,72.0,87.18,73.33,50.0,50.0,38.89,2
50.0,52.0,46.15,53.33,43.33,50.0,50.0,2
33.33,16.0,41.03,13.33,53.33,37.5,44.44,1
83.33,80.0,74.36,80.0,73.33,81.25,75.93,3
50.0,72.0,71.79,70.0,70.0,56.25,64.81,2
83.33,80.0,89.74,80.0,23.33,43.75,18.52,1
83.33,80.0,74.36,80.0,70.0,87.5,85.19,3
50.0,40.0,56.41,53.33,80.0,87.5,90.74,2
50.0,56.0,58.97,56.67,83.33,81.25,79.63,2
66.67,56.0,69.23,56.67,60.0,62.5,62.96,2
66.67,72.0,89.74,56.67,23.33,31.25,29.63,1
66.67,64.0,61.54,66.67,46.67,68.75,70.37,2
66.67,44.0,43.59,70.0,70.0,68.75,79.63,2
50.0,56.0,89.74,86.67,23.33,18.75,25.93,1
83.33,72.0,79.49,80.0,53.33,43.75,62.96,2
66.67,52.0,66.67,43.33,53.33,50.0,44.44,2
50.0,32.0,38.46,6.67,43.33,25.0,31.48,1
83.33,96.0,66.67,66.67,50.0,43.75,51.85,2
83.33,32.0,33.33,23.33,13.33,43.75,31.48,1
83.33,84.0,92.31,100.0,76.67,68.75,64.81,3
83.33,72.0,71.79,60.0,86.67,87.5,81.48,3
83.33,24.0,10.26,26.67,33.33,43.75,27.78,1
33.33,32.0,33.33,36.67,66.67,62.5,53.7,1
66.67,84.0,46.15,56.67,53.33,68.75,59.26,2
16.67,20.0,30.77,26.67,20.0,31.25,27.78,1
66.67,52.0,61.54,50.0,46.67,62.5,51.85,2
66.67,72.0,66.67,70.0,76.67,50.0,77.78,2
33.33,32.0,33.33,36.67,56.67,50.0,53.7,1
50.0,56.0,79.49,63.33,33.33,31.25,31.48,1
83.33,88.0,87.18,80.0,80.0,87.5,57.41,3
66.67,64.0,76.92,73.33,90.0,87.5,81.48,3
83.33,72.0,87.18,80.0,30.0,37.5,18.52,1
100.0,84.0,92.31,90.0,63.33,68.75,68.52,3
83.33,68.0,74.36,80.0,70.0,75.0,81.48,3
83.33,76.0,71.79,63.33,83.33,87.5,85.19,3
50.0,48.0,48.72,50.0,43.33,43.75,46.3,2
66.67,68.0,71.79,73.33,76.67,75.0,75.93,3
66.67,48.0,76.92,80.0,66.67,62.5,79.63,2
83.33,80.0,87.18,83.33,53.33,87.5,81.48,3
66.67,60.0,69.23,70.0,86.67,93.75,88.89,3
83.33,84.0,87.18,93.33,76.67,62.5,74.07,3
66.67,56.0,74.36,76.67,90.0,75.0,77.78,3
50.0,52.0,51.28,46.67,40.0,56.25,46.3,2
50.0,52.0,48.72,36.67,46.67,43.75,64.81,2
33.33,48.0,35.9,40.0,33.33,43.75,31.48,1
33.33,48.0,33.33,36.67,33.33,18.75,29.63,1
33.33,36.0,38.46,36.67,36.67,37.5,37.04,1
50.0,68.0,74.36,76.67,53.33,43.75,72.22,2
83.33,56.0,69.23,46.67,66.67,50.0,62.96,2
50.0,52.0,58.97,50.0,70.0,56.25,53.7,2
50.0,48.0,53.85,46.67,80.0,62.5,77.78,2
83.33,92.0,84.62,86.67,90.0,93.75,81.48,3
66.67,80.0,79.49,76.67,70.0,75.0,74.07,3
83.33,84.0,74.36,73.33,80.0,81.25,81.48,3
83.33,96.0,79.49,96.67,76.67,62.5,66.67,3
50.0,48.0,51.28,53.33,90.0,68.75,79.63,2
66.67,24.0,17.95,36.67,26.67,37.5,37.04,1
50.0,56.0,51.28,56.67,66.67,43.75,68.52,2
50.0,44.0,46.15,43.33,50.0,50.0,40.74,2
83.33,76.0,84.62,80.0,60.0,75.0,62.96,3
83.33,80.0,79.49,86.67,70.0,87.5,83.33,3
50.0,44.0,41.03,40.0,53.33,50.0,44.44,2
33.33,28.0,25.64,40.0,53.33,12.5,53.7,1
33.33,24.0,28.21,30.0,63.33,81.25,66.67,1
50.0,60.0,64.1,56.67,73.33,81.25,81.48,2
33.33,36.0,38.46,36.67,40.0,37.5,40.74,1
66.67,72.0,74.36,73.33,70.0,68.75,66.67,3
66.67,36.0,17.95,36.67,36.67,6.25,37.04,1
66.67,76.0,64.1,63.33,23.33,25.0,24.07,1
83.33,80.0,71.79,76.67,53.33,50.0,59.26,2
83.33,84.0,64.1,66.67,56.67,50.0,53.7,2
16.67,28.0,20.51,20.0,80.0,56.25,68.52,1
33.33,20.0,17.95,33.33,83.33,75.0,62.96,1
83.33,28.0,25.64,30.0,26.67,37.5,29.63,1
66.67,64.0,69.23,63.33,46.67,68.75,72.22,2
66.67,92.0,84.62,76.67,70.0,81.25,79.63,3
66.67,40.0,56.41,53.33,80.0,75.0,61.11,2
66.67,64.0,69.23,76.67,93.33,87.5,92.59,3
66.67,76.0,71.79,80.0,90.0,87.5,90.74,3
66.67,52.0,41.03,23.33,46.67,25.0,20.37,1
50.0,48.0,5.13,36.67,10.0,43.75,48.15,1
33.33,32.0,23.08,43.33,33.33,18.75,35.19,1
33.33,28.0,28.21,20.0,70.0,68.75,77.78,1
50.0,60.0,92.31,56.67,76.67,43.75,62.96,2
83.33,44.0,10.26,36.67,36.67,12.5,9.26,1
83.33,20.0,28.21,43.33,16.67,37.5,27.78,1
66.67,92.0,58.97,76.67,23.33,18.75,20.37,1
33.33,16.0,33.33,23.33,76.67,68.75,70.37,1
83.33,80.0,76.92,83.33,83.33,87.5,57.41,3
33.33,32.0,30.77,33.33,53.33,62.5,68.52,1
83.33,92.0,87.18,83.33,76.67,75.0,72.22,3
83.33,84.0,84.62,66.67,60.0,93.75,88.89,3
83.33,72.0,71.79,73.33,46.67,62.5,59.26,2
66.67,80.0,66.67,70.0,76.67,87.5,90.74,3
50.0,48.0,43.59,50.0,50.0,43.75,50.0,2
50.0,48.0,48.72,43.33,50.0,37.5,51.85,2
66.67,36.0,61.54,46.67,83.33,75.0,68.52,2
33.33,16.0,17.95,10.0,86.67,81.25,62.96,1
50.0,56.0,53.85,50.0,86.67,75.0,75.93,2
50.0,52.0,51.28,50.0,66.67,62.5,48.15,2
50.0,68.0,64.1,56.67,63.33,56.25,46.3,2
83.33,80.0,74.36,83.33,80.0,81.25,68.52,3
50.0,44.0,48.72,50.0,53.33,50.0,51.85,2
83.33,80.0,71.79,76.67,73.33,81.25,83.33,3
50.0,44.0,61.54,63.33,80.0,62.5,48.15,2
66.67,60.0,58.97,53.33,46.67,56.25,70.37,2
33.33,32.0,35.9,46.67,36.67,37.5,35.19,1
66.67,72.0,66.67,73.33,83.33,81.25,85.19,3
33.33,28.0,28.21,50.0,23.33,31.25,38.89,1
66.67,64.0,71.79,46.67,70.0,62.5,66.67,2
50.0,52.0,79.49,83.33,43.33,68.75,51.85,2
16.67,12.0,46.15,56.67,50.0,50.0,44.44,1
50.0,56.0,48.72,46.67,50.0,43.75,42.59,2
33.33,32.0,35.9,33.33,53.33,43.75,59.26,1
66.67,72.0,79.49,70.0,66.67,75.0,75.93,3
83.33,76.0,79.49,83.33,83.33,87.5,75.93,3
83.33,88.0,97.44,83.33,73.33,75.0,68.52,3
83.33,80.0,79.49,80.0,73.33,81.25,79.63,3
83.33,60.0,43.59,30.0,63.33,75.0,55.56,2
66.67,76.0,76.92,70.0,83.33,87.5,90.74,3
66.67,68.0,69.23,63.33,43.33,68.75,72.22,2
66.67,64.0,48.72,86.67,63.33,43.75,96.3,2
83.33,20.0,41.03,36.67,26.67,43.75,18.52,1
50.0,52.0,43.59,50.0,40.0,43.75,40.74,2
100.0,84.0,84.62,86.67,70.0,68.75,62.96,3
66.67,84.0,71.79,83.33,30.0,18.75,29.63,1
83.33,76.0,89.74,90.0,76.67,75.0,70.37,3
50.0,48.0,10.26,53.33,53.33,37.5,7.41,1
66.67,80.0,66.67,76.67,73.33,75.0,64.81,3
83.33,72.0,84.62,86.67,43.33,50.0,59.26,2
100.0,84.0,92.31,96.67,83.33,93.75,87.04,3
16.67,28.0,56.41,50.0,30.0,37.5,79.63,1
83.33,36.0,38.46,33.33,46.67,31.25,37.04,1
83.33,76.0,71.79,70.0,90.0,81.25,87.04,3
50.0,64.0,66.67,50.0,70.0,75.0,55.56,2
66.67,72.0,74.36,73.33,66.67,68.75,77.78,3
66.67,52.0,58.97,53.33,56.67,56.25,64.81,2
66.67,84.0,58.97,76.67,46.67,43.75,66.67,2
33.33,36.0,35.9,50.0,33.33,37.5,33.33,1
16.67,44.0,43.59,46.67,16.67,62.5,22.22,1
83.33,100.0,79.49,93.33,56.67,50.0,51.85,2
100.0,92.0,84.62,96.67,66.67,75.0,75.93,3
66.67,72.0,66.67,63.33,16.67,25.0,20.37,1
33.33,24.0,17.95,30.0,76.67,81.25,79.63,1
66.67,72.0,66.67,66.67,86.67,93.75,79.63,3
83.33,96.0,94.87,86.67,93.33,93.75,90.74,3
83.33,72.0,82.05,86.67,70.0,75.0,68.52,3
66.67,80.0,82.05,70.0,80.0,81.25,70.37,3
83.33,92.0,89.74,90.0,83.33,87.5,90.74,3
66.67,80.0,69.23,73.33,63.33,68.75,46.3,2
66.67,68.0,74.36,76.67,73.33,75.0,72.22,3
66.67,52.0,64.1,66.67,73.33,68.75,61.11,2
33.33,40.0,23.08,33.33,30.0,31.25,22.22,1
100.0,84.0,89.74,100.0,93.33,93.75,96.3,3
83.33,76.0,74.36,83.33,86.67,81.25,74.07,3
16.67,24.0,15.38,26.67,76.67,75.0,62.96,1
16.67,16.0,30.77,26.67,60.0,81.25,79.63,1
83.33,92.0,89.74,90.0,100.0,93.75,88.89,3
33.33,60.0,17.95,53.33,10.0,43.75,16.67,1
50.0,52.0,51.28,43.33,50.0,50.0,48.15,2
83.33,32.0,30.77,36.67,16.67,25.0,37.04,1
66.67,64.0,74.36,66.67,73.33,75.0,70.37,3
50.0,72.0,61.54,53.33,80.0,62.5,62.96,2
50.0,48.0,20.51,20.0,63.33,43.75,18.52,1
66.67,80.0,76.92,70.0,23.33,31.25,29.63,1
33.33,24.0,35.9,20.0,26.67,31.25,37.04,1
66.67,60.0,46.15,56.67,80.0,62.5,62.96,2
33.33,32.0,33.33,36.67,63.33,56.25,62.96,1
100.0,84.0,87.18,96.67,66.67,68.75,68.52,3
66.67,68.0,71.79,76.67,90.0,81.25,70.37,3
66.67,52.0,53.85,53.33,76.67,68.75,85.19,2
50.0,32.0,30.77,40.0,40.0,43.75,37.04,1
83.33,76.0,79.49,73.33,83.33,75.0,92.59,3
100.0,76.0,89.74,83.33,73.33,68.75,70.37,3
100.0,84.0,82.05,90.0,80.0,75.0,74.07,3
83.33,92.0,84.62,93.33,93.33,93.75,85.19,3
83.33,72.0,74.36,60.0,40.0,18.75,24.07,1
16.67,24.0,20.51,30.0,90.0,75.0,74.07,1
50.0,48.0,48.72,46.67,43.33,43.75,48.15,2
33.33,40.0,30.77,20.0,33.33,18.75,25.93,1
33.33,36.0,41.03,23.33,23.33,43.75,24.07,1
66.67,48.0,51.28,56.67,56.67,68.75,48.15,2
50.0,60.0,53.85,50.0,86.67,75.0,70.37,2
83.33,96.0,92.31,86.67,70.0,68.75,77.78,3
66.67,8.0,28.21,40.0,33.33,31.25,31.48,1
50.0,56.0,51.28,43.33,43.33,50.0,44.44,2
83.33,92.0,84.62,86.67,73.33,75.0,74.07,3
66.67,68.0,51.28,70.0,33.33,50.0,74.07,2
50.0,40.0,61.54,46.67,43.33,50.0,42.59,2
33.33,44.0,41.03,36.67,33.33,37.5,42.59,1
33.33,28.0,35.9,26.67,40.0,25.0,44.44,1
66.67,72.0,66.67,70.0,73.33,75.0,74.07,3
83.33,76.0,58.97,83.33,86.67,81.25,79.63,3
50.0,64.0,79.49,63.33,43.33,81.25,81.48,2
50.0,44.0,43.59,50.0,50.0,43.75,37.04,2
33.33,32.0,30.77,36.67,66.67,50.0,51.85,1
16.67,36.0,33.33,36.67,33.33,31.25,35.19,1
83.33,76.0,84.62,80.0,63.33,56.25,81.48,3
50.0,40.0,38.46,36.67,40.0,37.5,46.3,1
33.33,24.0,51.28,6.67,33.33,18.75,22.22,1
50.0,32.0,35.9,30.0,30.0,31.25,22.22,1
33.33,24.0,20.51,26.67,63.33,68.75,75.93,1
83.33,88.0,94.87,96.67,83.33,93.75,92.59,3
83.33,80.0,84.62,80.0,73.33,81.25,72.22,3
50.0,60.0,58.97,66.67,60.0,37.5,55.56,2
83.33,96.0,76.92,86.67,76.67,75.0,62.96,3
66.67,88.0,76.92,73.33,46.67,50.0,59.26,2
83.33,96.0,87.18,83.33,66.67,68.75,79.63,3
83.33,80.0,76.92,83.33,83.33,75.0,79.63,3
33.33,16.0,15.38,23.33,80.0,75.0,66.67,1
66.67,48.0,17.95,30.0,16.67,18.75,57.41,1
66.67,76.0,69.23,73.33,73.33,75.0,72.22,3
50.0,60.0,46.15,46.67,50.0,43.75,46.3,2
50.0,80.0,87.18,90.0,76.67,81.25,77.78,3
66.67,64.0,48.72,60.0,56.67,62.5,53.7,2
50.0,16.0,38.46,53.33,20.0,18.75,50.0,1
83.33,72.0,76.92,80.0,80.0,75.0,72.22,3
83.33,68.0,71.79,76.67,70.0,68.75,72.22,3
33.33,32.0,38.46,26.67,30.0,31.25,27.78,1
83.33,76.0,89.74,93.33,96.67,81.25,96.3,3
33.33,32.0,25.64,26.67,33.33,31.25,22.22,1
83.33,72.0,69.23,86.67,43.33,50.0,51.85,2
83.33,36.0,30.77,53.33,30.0,43.75,25.93,1
16.67,28.0,30.77,30.0,43.33,37.5,22.22,1
50.0,44.0,17.95,26.67,13.33,50.0,22.22,1
83.33,92.0,97.44,86.67,96.67,87.5,79.63,3
100.0,100.0,87.18,93.33,93.33,93.75,98.15,3
83.33,72.0,87.18,70.0,40.0,50.0,46.3,2
50.0,44.0,48.72,53.33,43.33,50.0,50.0,2
66.67,68.0,74.36,80.0,76.67,68.75,72.22,3
66.67,88.0,84.62,83.33,76.67,75.0,55.56,3
83.33,72.0,82.05,80.0,10.0,18.75,12.96,1
33.33,32.0,23.08,43.33,43.33,12.5,12.96,1
83.33,76.0,76.92,66.67,80.0,81.25,70.37,3
83.33,52.0,71.79,56.67,56.67,68.75,75.93,2
66.67,72.0,69.23,73.33,80.0,87.5,88.89,3
16.67,44.0,10.26,36.67,43.33,18.75,51.85,1
83.33,88.0,69.23,93.33,33.33,50.0,37.04,2
83.33,76.0,79.49,90.0,73.33,75.0,74.07,3
50.0,48.0,58.97,50.0,53.33,56.25,55.56,2
83.33,96.0,61.54,83.33,80.0,87.5,74.07,3
16.67,40.0,17.95,20.0,63.33,68.75,68.52,1
100.0,88.0,94.87,93.33,70.0,68.75,59.26,3
33.33,24.0,20.51,23.33,63.33,75.0,72.22,1
66.67,76.0,79.49,80.0,53.33,50.0,48.15,2
83.33,88.0,84.62,90.0,63.33,68.75,72.22,3
83.33,76.0,64.1,76.67,80.0,87.5,72.22,3
66.67,80.0,76.92,70.0,90.0,87.5,96.3,3
16.67,44.0,10.26,50.0,56.67,18.75,40.74,1
83.33,92.0,74.36,86.67,36.67,31.25,31.48,1
33.33,28.0,20.51,23.33,10.0,31.25,31.48,1
83.33,96.0,89.74,86.67,86.67,81.25,85.19,3
66.67,68.0,74.36,76.67,86.67,87.5,92.59,3
83.33,96.0,92.31,93.33,90.0,87.5,83.33,3
83.33,92.0,84.62,90.0,86.67,81.25,66.67,3
66.67,72.0,87.18,83.33,80.0,81.25,94.44,3
50.0,8.0,12.82,53.33,40.0,56.25,44.44,1
66.67,72.0,69.23,63.33,66.67,50.0,74.07,2
83.33,80.0,69.23,76.67,60.0,43.75,42.59,2
33.33,24.0,20.51,20.0,90.0,68.75,57.41,1
83.33,76.0,71.79,76.67,46.67,50.0,48.15,2
33.33,48.0,46.15,63.33,46.67,56.25,50.0,2
66.67,56.0,74.36,86.67,20.0,25.0,37.04,1
16.67,8.0,53.85,20.0,53.33,62.5,53.7,1
66.67,76.0,74.36,73.33,90.0,93.75,83.33,3
50.0,56.0,58.97,46.67,70.0,81.25,70.37,2
16.67,28.0,43.59,26.67,76.67,56.25,77.78,1
66.67,56.0,46.15,16.67,26.67,25.0,64.81,1
66.67,44.0,51.28,66.67,93.33,56.25,53.7,2
66.67,52.0,20.51,10.0,20.0,56.25,53.7,1
66.67,64.0,51.28,90.0,36.67,18.75,29.63,1
66.67,68.0,69.23,73.33,70.0,43.75,70.37,2
50.0,52.0,51.28,43.33,50.0,43.75,51.85,2
66.67,60.0,58.97,53.33,56.67,50.0,57.41,2
66.67,80.0,76.92,73.33,86.67,93.75,83.33,3
66.67,72.0,74.36,83.33,23.33,12.5,29.63,1
83.33,88.0,51.28,76.67,86.67,81.25,85.19,3
83.33,84.0,76.92,90.0,63.33,75.0,75.93,3
16.67,32.0,5.13,33.33,20.0,37.5,25.93,1
50.0,64.0,43.59,56.67,60.0,56.25,44.44,2
50.0,36.0,38.46,43.33,30.0,37.5,38.89,1
83.33,20.0,17.95,43.33,33.33,31.25,29.63,1
83.33,64.0,71.79,76.67,86.67,87.5,92.59,3
50.0,80.0,94.87,70.0,16.67,31.25,31.48,1
66.67,76.0,66.67,40.0,70.0,68.75,68.52,2
100.0,84.0,92.31,80.0,73.33,68.75,79.63,3
66.67,72.0,74.36,70.0,70.0,68.75,72.22,3
33.33,28.0,35.9,40.0,16.67,25.0,38.89,1
66.67,80.0,66.67,66.67,96.67,93.75,77.78,3
100.0,88.0,89.74,96.67,90.0,87.5,87.04,3
16.67,32.0,20.51,23.33,66.67,75.0,51.85,1
33.33,28.0,28.21,36.67,96.67,56.25,55.56,1
66.67,84.0,84.62,70.0,50.0,56.25,42.59,2
66.67,52.0,66.67,80.0,56.67,43.75,55.56,2
83.33,36.0,25.64,23.33,33.33,37.5,44.44,1
66.67,52.0,87.18,70.0,50.0,50.0,44.44,2
33.33,44.0,38.46,46.67,20.0,25.0,29.63,1
50.0,44.0,48.72,53.33,40.0,43.75,51.85,2
83.33,68.0,74.36,80.0,70.0,75.0,75.93,3
0.0,24.0,12.82,20.0,73.33,62.5,61.11,1
83.33,100.0,87.18,86.67,80.0,68.75,77.78,3
33.33,40.0,41.03,46.67,36.67,37.5,40.74,1
50.0,48.0,38.46,46.67,43.33,43.75,48.15,2
50.0,52.0,56.41,46.67,23.33,37.5,16.67,1
66.67,84.0,69.23,76.67,83.33,81.25,72.22,3
66.67,56.0,58.97,60.0,36.67,31.25,33.33,1
66.67,76.0,69.23,50.0,73.33,75.0,62.96,2
33.33,24.0,17.95,36.67,83.33,62.5,59.26,1
16.67,28.0,2.56,26.67,43.33,25.0,44.44,1
83.33,80.0,64.1,63.33,83.33,87.5,90.74,3
83.33,92.0,92.31,83.33,73.33,62.5,74.07,3
83.33,84.0,79.49,86.67,53.33,81.25,81.48,3
50.0,48.0,53.85,60.0,53.33,62.5,59.26,2
50.0,88.0,74.36,86.67,83.33,87.5,94.44,3
50.0,60.0,56.41,60.0,83.33,75.0,62.96,2
83.33,80.0,82.05,80.0,90.0,81.25,59.26,3
33.33,16.0,30.77,16.67,73.33,75.0,75.93,1
33.33,32.0,33.33,36.67,36.67,31.25,38.89,1
66.67,72.0,79.49,73.33,23.33,12.5,27.78,1
83.33,80.0,76.92,73.33,86.67,81.25,79.63,3
100.0,40.0,35.9,23.33,20.0,31.25,29.63,1
83.33,72.0,69.23,80.0,76.67,68.75,70.37,3
66.67,44.0,23.08,40.0,63.33,50.0,18.52,1
50.0,44.0,46.15,46.67,46.67,56.25,50.0,2
33.33,32.0,33.33,36.67,53.33,43.75,29.63,1
83.33,92.0,84.62,86.67,86.67,93.75,83.33,3
16.67,32.0,23.08,43.33,46.67,31.25,37.04,1
66.67,56.0,66.67,73.33,66.67,50.0,81.48,2
16.67,20.0,10.26,23.33,76.67,87.5,75.93,1
33.33,44.0,35.9,30.0,30.0,31.25,40.74,1
83.33,24.0,25.64,56.67,40.0,43.75,24.07,1
50.0,84.0,82.05,86.67,83.33,87.5,85.19,3
50.0,56.0,58.97,60.0,50.0,50.0,50.0,2
66.67,64.0,53.85,66.67,60.0,43.75,74.07,2
33.33,16.0,56.41,20.0,20.0,62.5,31.48,1
83.33,96.0,89.74,83.33,76.67,68.75,61.11,3
66.67,88.0,56.41,86.67,83.33,81.25,79.63,3
16.67,48.0,58.97,20.0,53.33,12.5,55.56,1
66.67,72.0,71.79,76.67,73.33,75.0,70.37,3
66.67,68.0,64.1,70.0,23.33,18.75,31.48,1
100.0,92.0,82.05,90.0,93.33,87.5,87.04,3
50.0,68.0,61.54,56.67,30.0,31.25,33.33,1
33.33,48.0,56.41,50.0,80.0,93.75,59.26,2
100.0,88.0,92.31,86.67,66.67,75.0,70.37,3
50.0,52.0,64.1,56.67,53.33,68.75,75.93,2
66.67,76.0,69.23,76.67,90.0,87.5,90.74,3
83.33,32.0,35.9,40.0,33.33,37.5,18.52,1
83.33,76.0,64.1,80.0,20.0,18.75,20.37,1
83.33,24.0,35.9,10.0,26.67,31.25,33.33,1
16.67,36.0,28.21,33.33,76.67,56.25,88.89,1
83.33,88.0,92.31,96.67,73.33,75.0,64.81,3
33.33,32.0,33.33,33.33,63.33,56.25,64.81,1
16.67,36.0,51.28,16.67,36.67,12.5,66.67,1
66.67,20.0,25.64,43.33,13.33,31.25,59.26,1
33.33,36.0,30.77,33.33,53.33,50.0,55.56,1
83.33,72.0,79.49,73.33,93.33,87.5,81.48,3
66.67,44.0,69.23,60.0,76.67,50.0,51.85,2
83.33,92.0,94.87,93.33,90.0,93.75,90.74,3
83.33,84.0,82.05,90.0,80.0,75.0,66.67,3
66.67,72.0,66.67,73.33,93.33,87.5,92.59,3
83.33,80.0,79.49,73.33,46.67,50.0,37.04,2
83.33,88.0,94.87,80.0,76.67,68.75,75.93,3
83.33,84.0,97.44,93.33,93.33,87.5,90.74,3
50.0,44.0,53.85,56.67,36.67,43.75,51.85,2
100.0,92.0,100.0,100.0,86.67,87.5,90.74,3
83.33,80.0,69.23,76.67,86.67,100.0,87.04,3
83.33,64.0,61.54,86.67,26.67,12.5,25.93,1
50.0,48.0,58.97,50.0,76.67,81.25,68.52,2
16.67,24.0,43.59,20.0,30.0,31.25,38.89,1
83.33,88.0,74.36,80.0,73.33,68.75,59.26,3
83.33,96.0,87.18,90.0,93.33,93.75,92.59,3
16.67,16.0,33.33,33.33,30.0,31.25,33.33,1
83.33,68.0,71.79,70.0,30.0,25.0,25.93,1
33.33,36.0,17.95,20.0,23.33,31.25,35.19,1
33.33,28.0,30.77,26.67,30.0,31.25,20.37,1
50.0,68.0,53.85,73.33,46.67,75.0,75.93,2
66.67,56.0,66.67,43.33,70.0,68.75,70.37,2
50.0,52.0,48.72,50.0,53.33,43.75,44.44,2
66.67,60.0,58.97,53.33,60.0,56.25,66.67,2
66.67,52.0,48.72,63.33,73.33,81.25,81.48,2
83.33,68.0,64.1,80.0,23.33,6.25,22.22,1
66.67,48.0,61.54,50.0,73.33,87.5,87.04,2
50.0,52.0,46.15,46.67,50.0,43.75,51.85,2
50.0,24.0,51.28,13.33,43.33,56.25,42.59,1
33.33,36.0,25.64,26.67,46.67,62.5,62.96,1
83.33,68.0,76.92,86.67,10.0,25.0,18.52,1
50.0,72.0,56.41,70.0,86.67,50.0,70.37,2
50.0,68.0,61.54,86.67,66.67,56.25,46.3,2
83.33,88.0,87.18,93.33,66.67,68.75,77.78,3
66.67,44.0,66.67,66.67,60.0,62.5,74.07,2
33.33,24.0,23.08,23.33,66.67,68.75,61.11,1
100.0,88.0,84.62,93.33,90.0,81.25,87.04,3
83.33,72.0,79.49,76.67,86.67,93.75,81.48,3
66.67,68.0,76.92,76.67,70.0,75.0,72.22,3
50.0,88.0,66.67,66.67,53.33,56.25,50.0,2
83.33,84.0,69.23,70.0,53.33,56.25,59.26,2
83.33,84.0,79.49,86.67,80.0,87.5,87.04,3
50.0,40.0,66.67,50.0,43.33,75.0,77.78,2
66.67,88.0,82.05,73.33,83.33,87.5,79.63,3
66.67,72.0,69.23,73.33,70.0,68.75,81.48,3
66.67,68.0,76.92,73.33,93.33,87.5,98.15,3
83.33,68.0,74.36,73.33,96.67,87.5,87.04,3
66.67,72.0,100.0,73.33,20.0,31.25,14.81,1
33.33,64.0,64.1,56.67,53.33,56.25,74.07,2
50.0,40.0,33.33,46.67,60.0,50.0,46.3,2
66.67,76.0,74.36,60.0,86.67,81.25,81.48,3
16.67,36.0,23.08,26.67,60.0,62.5,57.41,1
66.67,72.0,71.79,76.67,66.67,68.75,72.22,3
66.67,68.0,76.92,76.67,70.0,75.0,68.52,3
83.33,28.0,30.77,40.0,26.67,31.25,35.19,1
83.33,96.0,87.18,93.33,90.0,100.0,94.44,3
83.33,88.0,89.74,90.0,76.67,75.0,75.93,3
16.67,36.0,15.38,13.33,36.67,18.75,16.67,1
33.33,48.0,61.54,60.0,90.0,68.75,77.78,2
83.33,92.0,84.62,86.67,70.0,68.75,70.37,3
100.0,84.0,84.62,76.67,70.0,68.75,70.37,3
33.33,32.0,12.82,10.0,76.67,81.25,48.15,1
66.67,76.0,71.79,70.0,70.0,68.75,70.37,3
33.33,28.0,20.51,20.0,73.33,62.5,53.7,1
83.33,64.0,66.67,93.33,70.0,75.0,70.37,3
50.0,56.0,56.41,56.67,63.33,56.25,53.7,2
100.0,92.0,76.92,93.33,93.33,93.75,90.74,3
66.67,72.0,64.1,80.0,93.33,87.5,92.59,3
33.33,64.0,15.38,50.0,40.0,12.5,5.56,1
83.33,76.0,79.49,76.67,76.67,68.75,79.63,3
83.33,88.0,94.87,90.0,90.0,75.0,90.74,3
83.33,88.0,97.44,83.33,90.0,93.75,92.59,3
66.67,48.0,76.92,73.33,56.67,50.0,64.81,2
66.67,60.0,76.92,83.33,33.33,31.25,33.33,1
66.67,80.0,84.62,80.0,70.0,81.25,66.67,3
66.67,72.0,71.79,66.67,90.0,87.5,94.44,3
16.67,28.0,28.21,30.0,36.67,18.75,20.37,1
83.33,80.0,94.87,86.67,73.33,75.0,79.63,3
66.67,76.0,79.49,66.67,76.67,62.5,74.07,3
50.0,44.0,46.15,40.0,43.33,50.0,46.3,2
83.33,52.0,84.62,80.0,83.33,81.25,74.07,3
83.33,80.0,79.49,83.33,80.0,87.5,83.33,3
50.0,64.0,61.54,70.0,56.67,43.75,53.7,2
50.0,56.0,48.72,60.0,73.33,87.5,74.07,2
66.67,72.0,66.67,50.0,73.33,68.75,68.52,2
83.33,88.0,82.05,90.0,93.33,93.75,83.33,3
83.33,96.0,82.05,83.33,46.67,56.25,55.56,2
33.33,40.0,25.64,36.67,36.67,37.5,25.93,1
16.67,40.0,41.03,43.33,26.67,25.0,42.59,1
66.67,64.0,74.36,73.33,66.67,75.0,46.3,2
66.67,88.0,76.92,53.33,26.67,25.0,20.37,1
83.33,96.0,87.18,86.67,86.67,93.75,90.74,3
66.67,76.0,74.36,80.0,43.33,18.75,25.93,1
50.0,92.0,87.18,83.33,93.33,87.5,85.19,3
83.33,64.0,69.23,70.0,96.67,81.25,100.0,3
16.67,32.0,20.51,23.33,23.33,25.0,31.48,1
83.33,80.0,94.87,66.67,46.67,50.0,38.89,2
83.33,96.0,89.74,93.33,86.67,93.75,90.74,3
66.67,52.0,48.72,50.0,50.0,62.5,44.44,2
66.67,76.0,58.97,66.67,86.67,43.75,50.0,2
33.33,36.0,30.77,30.0,53.33,68.75,61.11,1
50.0,60.0,58.97,53.33,53.33,50.0,57.41,2
50.0,64.0,53.85,60.0,20.0,25.0,20.37,1
66.67,76.0,74.36,76.67,70.0,68.75,70.37,3
83.33,80.0,79.49,83.33,76.67,68.75,87.04,3
83.33,48.0,61.54,86.67,20.0,12.5,22.22,1
66.67,68.0,76.92,73.33,100.0,93.75,90.74,3
83.33,84.0,82.05,76.67,73.33,81.25,85.19,3
66.67,80.0,74.36,70.0,50.0,43.75,61.11,2
66.67,56.0,53.85,43.33,50.0,50.0,59.26,2
66.67,56.0,48.72,56.67,63.33,62.5,79.63,2
50.0,48.0,46.15,46.67,40.0,43.75,46.3,2
66.67,76.0,51.28,70.0,76.67,75.0,72.22,2
83.33,92.0,92.31,83.33,60.0,75.0,92.59,3
33.33,32.0,15.38,26.67,66.67,68.75,64.81,1
100.0,92.0,87.18,80.0,80.0,93.75,88.89,3
66.67,80.0,89.74,80.0,83.33,81.25,83.33,3
66.67,72.0,66.67,73.33,66.67,68.75,50.0,2
50.0,44.0,56.41,46.67,50.0,50.0,38.89,2
50.0,56.0,41.03,73.33,66.67,68.75,55.56,2
16.67,40.0,53.85,16.67,43.33,50.0,44.44,1
33.33,24.0,38.46,43.33,30.0,31.25,7.41,1
66.67,32.0,20.51,40.0,20.0,31.25,18.52,1
83.33,20.0,38.46,36.67,26.67,31.25,31.48,1
50.0,28.0,30.77,16.67,76.67,81.25,64.81,1
66.67,76.0,46.15,43.33,60.0,87.5,66.67,2
50.0,68.0,66.67,73.33,70.0,75.0,68.52,2
66.67,68.0,71.79,76.67,90.0,87.5,85.19,3
83.33,68.0,69.23,66.67,56.67,43.75,68.52,2
83.33,72.0,76.92,86.67,83.33,75.0,81.48,3
50.0,48.0,41.03,50.0,43.33,43.75,46.3,2
66.67,92.0,82.05,86.67,76.67,81.25,85.19,3
83.33,72.0,76.92,76.67,73.33,68.75,81.48,3
50.0,48.0,46.15,46.67,43.33,43.75,42.59,2
66.67,44.0,53.85,43.33,43.33,50.0,44.44,2
66.67,76.0,69.23,70.0,70.0,75.0,72.22,3
66.67,88.0,69.23,56.67,23.33,25.0,27.78,1
66.67,72.0,71.79,66.67,80.0,75.0,66.67,3
83.33,32.0,23.08,33.33,36.67,43.75,18.52,1
66.67,44.0,56.41,46.67,53.33,56.25,57.41,2
33.33,64.0,46.15,73.33,83.33,81.25,50.0,2
16.67,20.0,20.51,33.33,60.0,56.25,59.26,1
16.67,12.0,38.46,46.67,43.33,12.5,38.89,1
33.33,20.0,33.33,33.33,73.33,75.0,83.33,1
33.33,32.0,20.51,30.0,36.67,25.0,12.96,1
66.67,68.0,66.67,76.67,73.33,75.0,72.22,3
66.67,68.0,74.36,50.0,63.33,68.75,66.67,2
66.67,48.0,48.72,50.0,76.67,62.5,75.93,2
50.0,76.0,84.62,86.67,83.33,75.0,83.33,3
66.67,20.0,30.77,13.33,43.33,25.0,53.7,1
83.33,72.0,69.23,70.0,70.0,81.25,72.22,3
66.67,48.0,66.67,73.33,63.33,68.75,74.07,2
83.33,72.0,74.36,76.67,50.0,31.25,37.04,2
66.67,72.0,61.54,60.0,33.33,25.0,14.81,1
66.67,88.0,92.31,90.0,40.0,43.75,61.11,2
50.0,52.0,48.72,46.67,43.33,43.75,44.44,2
16.67,20.0,69.23,50.0,60.0,56.25,16.67,1
50.0,60.0,15.38,46.67,46.67,18.75,22.22,1
66.67,76.0,71.79,53.33,56.67,68.75,68.52,2
50.0,76.0,74.36,66.67,73.33,68.75,62.96,2
50.0,52.0,48.72,43.33,46.67,50.0,50.0,2
100.0,84.0,87.18,93.33,96.67,87.5,90.74,3
50.0,44.0,48.72,50.0,43.33,50.0,44.44,2
83.33,84.0,89.74,96.67,93.33,87.5,88.89,3
16.67,20.0,20.51,20.0,90.0,68.75,74.07,1
83.33,72.0,74.36,73.33,20.0,31.25,24.07,1
50.0,64.0,58.97,56.67,60.0,43.75,66.67,2
83.33,76.0,87.18,73.33,80.0,75.0,75.93,3
50.0,16.0,46.15,33.33,40.0,25.0,44.44,1
50.0,56.0,51.28,60.0,83.33,68.75,88.89,2
83.33,88.0,89.74,86.67,73.33,75.0,70.37,3
66.67,48.0,53.85,50.0,56.67,50.0,53.7,2
66.67,76.0,71.79,76.67,70.0,68.75,72.22,3
33.33,20.0,23.08,20.0,56.67,56.25,57.41,1
83.33,76.0,82.05,80.0,73.33,81.25,74.07,3
33.33,40.0,41.03,40.0,33.33,50.0,40.74,1
16.67,36.0,25.64,20.0,93.33,62.5,61.11,1
83.33,92.0,94.87,96.67,90.0,100.0,94.44,3
66.67,68.0,71.79,66.67,33.33,31.25,24.07,1
83.33,20.0,25.64,43.33,30.0,31.25,35.19,1
66.67,24.0,33.33,36.67,26.67,25.0,24.07,1
100.0,88.0,87.18,80.0,70.0,68.75,75.93,3
83.33,32.0,25.64,30.0,36.67,31.25,37.04,1
83.33,68.0,69.23,70.0,46.67,68.75,74.07,2
83.33,68.0,82.05,86.67,33.33,62.5,46.3,2
66.67,56.0,43.59,53.33,70.0,75.0,83.33,2
83.33,84.0,92.31,83.33,90.0,81.25,92.59,3
66.67,72.0,71.79,73.33,66.67,68.75,75.93,3
33.33,28.0,25.64,23.33,83.33,50.0,72.22,1
83.33,76.0,79.49,73.33,86.67,81.25,92.59,3
83.33,92.0,89.74,86.67,96.67,93.75,87.04,3
83.33,88.0,87.18,83.33,70.0,87.5,70.37,3
66.67,68.0,71.79,76.67,70.0,87.5,81.48,3
50.0,36.0,53.85,50.0,43.33,43.75,50.0,2
83.33,68.0,74.36,63.33,73.33,75.0,70.37,3
66.67,100.0,82.05,66.67,46.67,43.75,53.7,2
16.67,52.0,20.51,63.33,50.0,50.0,61.11,1
100.0,28.0,17.95,36.67,33.33,25.0,27.78,1
83.33,56.0,92.31,73.33,23.33,18.75,14.81,1
66.67,72.0,64.1,53.33,73.33,68.75,68.52,2
50.0,68.0,48.72,53.33,56.67,62.5,61.11,2
50.0,56.0,61.54,63.33,66.67,50.0,59.26,2
66.67,60.0,69.23,63.33,66.67,56.25,53.7,2
66.67,68.0,61.54,50.0,56.67,62.5,70.37,2
33.33,60.0,43.59,46.67,60.0,68.75,53.7,2
83.33,100.0,89.74,86.67,76.67,62.5,68.52,3
33.33,36.0,41.03,43.33,36.67,43.75,37.04,1
66.67,76.0,69.23,66.67,70.0,75.0,75.93,3
66.67,68.0,76.92,76.67,80.0,81.25,92.59,3
83.33,20.0,17.95,23.33,23.33,25.0,29.63,1
66.67,76.0,69.23,73.33,66.67,75.0,79.63,3
33.33,20.0,23.08,30.0,73.33,68.75,72.22,1
83.33,64.0,66.67,50.0,76.67,50.0,62.96,2
33.33,48.0,35.9,36.67,43.33,37.5,40.74,1
66.67,56.0,76.92,70.0,63.33,50.0,44.44,2
83.33,36.0,35.9,43.33,26.67,37.5,44.44,1
33.33,32.0,35.9,20.0,56.67,37.5,33.33,1
100.0,88.0,89.74,80.0,63.33,62.5,79.63,3
66.67,72.0,71.79,70.0,70.0,68.75,75.93,3
83.33,96.0,100.0,90.0,100.0,87.5,94.44,3
66.67,68.0,61.54,50.0,63.33,62.5,66.67,2
66.67,76.0,71.79,76.67,73.33,75.0,70.37,3
50.0,52.0,82.05,50.0,60.0,62.5,72.22,2
66.67,60.0,51.28,66.67,73.33,75.0,61.11,2
66.67,60.0,64.1,53.33,86.67,68.75,75.93,2
83.33,84.0,89.74,83.33,86.67,100.0,90.74,3
50.0,32.0,17.95,50.0,20.0,43.75,14.81,1
66.67,72.0,69.23,76.67,66.67,75.0,79.63,3
33.33,32.0,51.28,26.67,30.0,37.5,24.07,1
16.67,16.0,23.08,40.0,63.33,75.0,61.11,1
83.33,88.0,84.62,83.33,76.67,68.75,74.07,3
50.0,40.0,35.9,50.0,70.0,75.0,74.07,2
66.67,32.0,33.33,23.33,30.0,18.75,25.93,1
50.0,60.0,48.72,36.67,76.67,87.5,85.19,2
50.0,56.0,69.23,70.0,66.67,50.0,57.41,2
16.67,28.0,30.77,26.67,60.0,68.75,62.96,1
66.67,68.0,74.36,66.67,76.67,68.75,72.22,3
83.33,88.0,66.67,50.0,26.67,31.25,22.22,1
83.33,60.0,69.23,63.33,53.33,37.5,79.63,2
66.67,84.0,76.92,83.33,90.0,93.75,88.89,3
50.0,52.0,53.85,50.0,66.67,56.25,46.3,2
66.67,72.0,66.67,66.67,76.67,68.75,74.07,3
66.67,40.0,51.28,50.0,33.33,31.25,31.48,1
66.67,76.0,71.79,73.33,66.67,75.0,70.37,3
83.33,96.0,79.49,90.0,70.0,75.0,70.37,3
33.33,56.0,33.33,60.0,80.0,81.25,70.37,2
50.0,56.0,38.46,50.0,40.0,37.5,50.0,2
50.0,56.0,56.41,73.33,60.0,50.0,51.85,2
16.67,32.0,38.46,33.33,43.33,31.25,24.07,1
83.33,88.0,94.87,90.0,93.33,87.5,87.04,3
33.33,32.0,25.64,46.67,33.33,31.25,14.81,1
50.0,60.0,64.1,43.33,66.67,68.75,66.67,2
66.67,84.0,64.1,80.0,86.67,93.75,90.74,3
33.33,32.0,20.51,26.67,83.33,75.0,61.11,1
50.0,60.0,48.72,43.33,46.67,43.75,44.44,2
50.0,48.0,64.1,60.0,90.0,87.5,77.78,2
33.33,36.0,46.15,43.33,36.67,37.5,35.19,1
66.67,72.0,71.79,70.0,70.0,81.25,74.07,3
50.0,60.0,66.67,40.0,56.67,62.5,61.11,2
33.33,24.0,23.08,30.0,63.33,81.25,77.78,1
66.67,76.0,87.18,83.33,20.0,18.75,27.78,1
83.33,64.0,89.74,90.0,56.67,81.25,74.07,3
83.33,84.0,76.92,83.33,36.67,50.0,50.0,2
83.33,84.0,69.23,93.33,43.33,56.25,48.15,2
50.0,52.0,53.85,60.0,66.67,93.75,81.48,2
83.33,76.0,71.79,73.33,73.33,68.75,62.96,3
66.67,72.0,76.92,70.0,90.0,93.75,88.89,3
83.33,76.0,69.23,76.67,36.67,62.5,48.15,2
66.67,56.0,61.54,66.67,46.67,43.75,66.67,2
50.0,48.0,41.03,40.0,40.0,56.25,40.74,2
50.0,56.0,48.72,53.33,33.33,31.25,33.33,1
83.33,44.0,30.77,43.33,53.33,25.0,20.37,1
66.67,72.0,74.36,73.33,66.67,68.75,74.07,3
33.33,36.0,35.9,36.67,66.67,50.0,66.67,1
66.67,52.0,69.23,50.0,50.0,50.0,51.85,2
33.33,32.0,25.64,26.67,73.33,68.75,66.67,1
50.0,48.0,43.59,46.67,83.33,68.75,74.07,2
66.67,72.0,76.92,80.0,60.0,50.0,42.59,2
100.0,76.0,84.62,83.33,76.67,87.5,79.63,3
66.67,80.0,82.05,60.0,80.0,75.0,85.19,3
66.67,60.0,61.54,70.0,53.33,68.75,62.96,2
83.33,40.0,51.28,30.0,13.33,37.5,33.33,1
16.67,40.0,58.97,10.0,20.0,62.5,72.22,1
50.0,72.0,61.54,56.67,56.67,50.0,61.11,2
83.33,28.0,15.38,40.0,20.0,43.75,33.33,1
50.0,48.0,46.15,53.33,43.33,50.0,44.44,2
66.67,52.0,41.03,50.0,46.67,43.75,44.44,2
66.67,72.0,71.79,80.0,70.0,68.75,70.37,3
16.67,16.0,61.54,60.0,46.67,18.75,51.85,1
66.67,72.0,74.36,80.0,93.33,87.5,100.0,3
50.0,52.0,17.95,30.0,23.33,50.0,62.96,1
50.0,80.0,41.03,80.0,56.67,62.5,70.37,2
83.33,76.0,87.18,83.33,70.0,81.25,75.93,3
83.33,60.0,89.74,66.67,80.0,75.0,66.67,3
66.67,20.0,28.21,36.67,36.67,43.75,35.19,1
66.67,60.0,71.79,70.0,96.67,81.25,87.04,3
83.33,92.0,87.18,80.0,46.67,50.0,46.3,2
100.0,84.0,87.18,50.0,90.0,81.25,88.89,3
16.67,28.0,30.77,43.33,10.0,18.75,22.22,1
50.0,40.0,46.15,53.33,53.33,50.0,48.15,2
66.67,52.0,66.67,46.67,46.67,56.25,68.52,2
83.33,68.0,79.49,76.67,80.0,68.75,74.07,3
66.67,64.0,74.36,66.67,73.33,81.25,81.48,3
50.0,40.0,51.28,46.67,43.33,50.0,46.3,2
66.67,80.0,79.49,80.0,43.33,50.0,44.44,2
83.33,96.0,66.67,76.67,86.67,87.5,77.78,3
33.33,48.0,38.46,30.0,40.0,37.5,50.0,1
66.67,72.0,71.79,73.33,90.0,87.5,81.48,3
33.33,16.0,30.77,26.67,66.67,75.0,77.78,1
100.0,88.0,92.31,93.33,90.0,100.0,83.33,3
83.33,96.0,97.44,76.67,86.67,93.75,94.44,3
33.33,32.0,46.15,36.67,30.0,31.25,42.59,1
83.33,80.0,84.62,83.33,70.0,75.0,72.22,3
66.67,52.0,89.74,80.0,83.33,68.75,70.37,3
50.0,36.0,33.33,36.67,40.0,37.5,38.89,1
66.67,52.0,58.97,56.67,33.33,81.25,72.22,2
83.33,100.0,94.87,83.33,90.0,81.25,98.15,3
66.67,72.0,69.23,90.0,36.67,37.5,29.63,1
83.33,84.0,58.97,66.67,26.67,25.0,29.63,1
83.33,56.0,79.49,76.67,93.33,75.0,87.04,3
83.33,92.0,82.05,83.33,83.33,93.75,53.7,3
66.67,68.0,79.49,70.0,90.0,87.5,88.89,3
83.33,92.0,84.62,90.0,80.0,81.25,70.37,3
66.67,76.0,82.05,73.33,80.0,56.25,85.19,3
50.0,48.0,46.15,46.67,53.33,56.25,37.04,2
83.33,92.0,82.05,100.0,83.33,87.5,92.59,3
33.33,32.0,35.9,33.33,43.33,50.0,48.15,1
50.0,56.0,43.59,40.0,83.33,81.25,85.19,2
33.33,32.0,10.26,30.0,83.33,81.25,79.63,1
50.0,48.0,46.15,36.67,53.33,43.75,46.3,2
66.67,64.0,74.36,73.33,83.33,87.5,87.04,3
83.33,48.0,82.05,63.33,73.33,43.75,51.85,2
83.33,84.0,61.54,80.0,83.33,75.0,77.78,3
83.33,80.0,87.18,80.0,60.0,87.5,85.19,3
83.33,84.0,94.87,86.67,93.33,87.5,100.0,3
33.33,32.0,35.9,33.33,53.33,68.75,66.67,1
83.33,28.0,38.46,33.33,36.67,31.25,27.78,1
66.67,76.0,64.1,66.67,20.0,18.75,16.67,1
66.67,72.0,71.79,70.0,73.33,75.0,74.07,3
66.67,68.0,79.49,83.33,83.33,68.75,79.63,3
16.67,20.0,33.33,40.0,26.67,43.75,22.22,1
66.67,44.0,64.1,63.33,70.0,62.5,70.37,2
83.33,96.0,92.31,90.0,96.67,100.0,83.33,3
66.67,72.0,76.92,70.0,70.0,68.75,75.93,3
66.67,52.0,64.1,70.0,46.67,62.5,77.78,2
66.67,76.0,69.23,73.33,73.33,68.75,74.07,3
66.67,48.0,71.79,66.67,66.67,56.25,81.48,2
66.67,44.0,74.36,70.0,73.33,50.0,75.93,2
50.0,56.0,41.03,36.67,43.33,50.0,50.0,2
83.33,64.0,82.05,83.33,16.67,18.75,33.33,1
66.67,80.0,74.36,70.0,90.0,87.5,100.0,3
83.33,88.0,79.49,96.67,86.67,87.5,88.89,3
16.67,32.0,23.08,26.67,63.33,62.5,72.22,1
83.33,76.0,71.79,83.33,73.33,62.5,79.63,3
66.67,68.0,64.1,63.33,50.0,68.75,55.56,2
83.33,88.0,74.36,70.0,70.0,87.5,61.11,3
83.33,72.0,84.62,76.67,46.67,50.0,51.85,2
66.67,64.0,82.05,76.67,76.67,81.25,74.07,3
83.33,92.0,84.62,93.33,90.0,87.5,94.44,3
83.33,64.0,84.62,83.33,86.67,81.25,79.63,3
50.0,48.0,17.95,50.0,53.33,12.5,42.59,1
83.33,92.0,87.18,83.33,73.33,62.5,62.96,3
50.0,72.0,58.97,86.67,80.0,43.75,48.15,2
66.67,68.0,71.79,66.67,30.0,25.0,27.78,1
66.67,36.0,33.33,30.0,40.0,37.5,27.78,1
66.67,60.0,74.36,70.0,10.0,12.5,29.63,1
50.0,52.0,46.15,53.33,96.67,81.25,75.93,2
0.0,44.0,51.28,46.67,46.67,6.25,59.26,1
66.67,48.0,58.97,70.0,63.33,75.0,64.81,2
50.0,48.0,58.97,50.0,83.33,93.75,81.48,2
83.33,40.0,30.77,26.67,36.67,31.25,33.33,1
50.0,52.0,46.15,46.67,46.67,43.75,51.85,2
50.0,40.0,48.72,50.0,43.33,43.75,46.3,2
50.0,72.0,64.1,80.0,80.0,62.5,55.56,2
83.33,76.0,87.18,73.33,76.67,75.0,77.78,3
33.33,12.0,15.38,16.67,13.33,31.25,40.74,1
50.0,56.0,46.15,43.33,46.67,37.5,38.89,2
83.33,80.0,84.62,83.33,83.33,75.0,64.81,3
50.0,52.0,41.03,46.67,46.67,50.0,51.85,2
66.67,76.0,69.23,63.33,73.33,75.0,79.63,3
66.67,72.0,43.59,80.0,56.67,62.5,48.15,2
33.33,36.0,30.77,26.67,50.0,56.25,64.81,1
50.0,72.0,46.15,83.33,66.67,50.0,79.63,2
50.0,72.0,46.15,63.33,63.33,56.25,74.07,2
16.67,12.0,17.95,23.33,76.67,68.75,55.56,1
50.0,32.0,48.72,43.33,36.67,37.5,37.04,1
66.67,76.0,84.62,86.67,50.0,50.0,55.56,2
33.33,80.0,69.23,66.67,63.33,50.0,44.44,2
50.0,56.0,84.62,70.0,23.33,25.0,24.07,1
50.0,52.0,51.28,66.67,53.33,62.5,64.81,2
83.33,20.0,33.33,36.67,23.33,31.25,25.93,1
50.0,48.0,41.03,50.0,63.33,43.75,53.7,2
66.67,60.0,56.41,50.0,60.0,56.25,55.56,2
50.0,36.0,74.36,66.67,53.33,62.5,75.93,2
33.33,44.0,61.54,63.33,43.33,12.5,25.93,1
83.33,88.0,84.62,96.67,96.67,87.5,94.44,3
66.67,72.0,76.92,63.33,90.0,87.5,88.89,3
83.33,88.0,94.87,93.33,70.0,75.0,70.37,3
50.0,32.0,46.15,40.0,36.67,31.25,35.19,1
66.67,32.0,12.82,30.0,40.0,25.0,33.33,1
66.67,60.0,56.41,50.0,56.67,56.25,61.11,2
83.33,72.0,84.62,83.33,80.0,75.0,74.07,3
50.0,4.0,53.85,10.0,50.0,43.75,50.0,1
66.67,64.0,69.23,50.0,83.33,56.25,46.3,2
83.33,88.0,94.87,93.33,93.33,87.5,88.89,3
66.67,68.0,71.79,70.0,46.67,68.75,70.37,2
66.67,76.0,76.92,70.0,53.33,50.0,61.11,2
50.0,68.0,69.23,63.33,76.67,43.75,61.11,2
66.67,8.0,17.95,50.0,40.0,50.0,29.63,1
33.33,36.0,33.33,33.33,50.0,50.0,62.96,1
66.67,56.0,61.54,53.33,70.0,56.25,48.15,2
50.0,16.0,15.38,40.0,50.0,50.0,55.56,1
83.33,36.0,30.77,23.33,26.67,43.75,24.07,1
66.67,68.0,53.85,66.67,70.0,68.75,70.37,2
83.33,80.0,82.05,83.33,70.0,81.25,72.22,3
33.33,40.0,35.9,33.33,40.0,56.25,44.44,1
83.33,88.0,82.05,93.33,66.67,75.0,68.52,3
50.0,52.0,64.1,46.67,80.0,62.5,79.63,2
16.67,32.0,48.72,20.0,20.0,18.75,33.33,1
83.33,20.0,25.64,23.33,46.67,25.0,44.44,1
50.0,76.0,74.36,80.0,26.67,37.5,18.52,1
83.33,80.0,89.74,83.33,60.0,81.25,74.07,3
83.33,80.0,71.79,80.0,53.33,56.25,51.85,2
66.67,64.0,79.49,63.33,20.0,18.75,18.52,1
50.0,72.0,43.59,53.33,60.0,81.25,37.04,2
83.33,84.0,79.49,86.67,46.67,56.25,44.44,2
66.67,72.0,69.23,83.33,33.33,25.0,24.07,1
66.67,72.0,89.74,80.0,53.33,43.75,42.59,2
83.33,56.0,82.05,93.33,90.0,81.25,74.07,3
50.0,44.0,43.59,40.0,50.0,43.75,53.7,2
50.0,52.0,25.64,23.33,46.67,12.5,62.96,1
83.33,88.0,92.31,83.33,93.33,100.0,85.19,3
66.67,44.0,48.72,50.0,30.0,37.5,31.48,1
66.67,80.0,64.1,80.0,76.67,75.0,70.37,3
83.33,92.0,89.74,86.67,73.33,68.75,74.07,3
83.33,92.0,92.31,100.0,90.0,87.5,94.44,3
83.33,84.0,56.41,80.0,86.67,100.0,83.33,3
66.67,48.0,51.28,63.33,33.33,31.25,37.04,1
83.33,96.0,79.49,93.33,93.33,93.75,90.74,3
50.0,48.0,66.67,63.33,53.33,62.5,64.81,2
66.67,68.0,69.23,66.67,70.0,68.75,44.44,2
66.67,76.0,74.36,76.67,86.67,81.25,79.63,3
83.33,72.0,69.23,63.33,93.33,100.0,88.89,3
50.0,52.0,43.59,43.33,46.67,62.5,53.7,2
66.67,32.0,33.33,23.33,43.33,31.25,33.33,1
66.67,48.0,69.23,66.67,36.67,31.25,31.48,1
50.0,12.0,17.95,50.0,40.0,62.5,38.89,1
83.33,84.0,82.05,73.33,70.0,75.0,75.93,3
33.33,24.0,28.21,23.33,70.0,87.5,72.22,1
50.0,68.0,64.1,60.0,63.33,50.0,51.85,2
50.0,64.0,53.85,43.33,83.33,87.5,68.52,2
66.67,56.0,51.28,66.67,26.67,31.25,31.48,1
83.33,100.0,76.92,96.67,90.0,87.5,92.59,3
66.67,60.0,66.67,56.67,63.33,62.5,55.56,2
50.0,28.0,51.28,30.0,26.67,25.0,7.41,1
66.67,76.0,66.67,66.67,96.67,93.75,79.63,3
66.67,56.0,51.28,40.0,53.33,56.25,59.26,2
50.0,52.0,41.03,50.0,63.33,50.0,68.52,2
50.0,44.0,51.28,36.67,46.67,43.75,50.0,2
83.33,92.0,58.97,83.33,83.33,75.0,79.63,3
83.33,92.0,89.74,90.0,66.67,81.25,72.22,3
66.67,52.0,79.49,53.33,33.33,25.0,20.37,1
83.33,56.0,64.1,73.33,30.0,12.5,25.93,1
50.0,16.0,58.97,50.0,16.67,75.0,38.89,1
50.0,48.0,56.41,50.0,50.0,43.75,40.74,2
33.33,36.0,41.03,33.33,36.67,50.0,42.59,1
50.0,28.0,51.28,30.0,23.33,25.0,12.96,1
83.33,80.0,89.74,90.0,96.67,87.5,90.74,3
66.67,76.0,87.18,76.67,83.33,75.0,83.33,3
66.67,68.0,64.1,70.0,73.33,75.0,77.78,3
83.33,40.0,20.51,30.0,26.67,37.5,33.33,1
16.67,44.0,15.38,46.67,20.0,56.25,68.52,1
66.67,84.0,71.79,80.0,26.67,25.0,25.93,1
83.33,76.0,53.85,40.0,33.33,31.25,22.22,1
66.67,84.0,41.03,50.0,73.33,75.0,51.85,2
50.0,48.0,43.59,43.33,43.33,43.75,50.0,2
16.67,36.0,17.95,23.33,80.0,68.75,81.48,1
83.33,76.0,58.97,86.67,70.0,87.5,72.22,3
83.33,72.0,82.05,76.67,66.67,75.0,79.63,3
66.67,84.0,53.85,83.33,83.33,75.0,87.04,3
66.67,52.0,58.97,63.33,66.67,75.0,72.22,2
83.33,72.0,71.79,73.33,43.33,56.25,59.26,2
100.0,84.0,94.87,86.67,73.33,68.75,70.37,3
50.0,52.0,53.85,46.67,96.67,75.0,90.74,2
83.33,48.0,35.9,23.33,16.67,43.75,27.78,1
50.0,52.0,66.67,60.0,40.0,75.0,70.37,2
83.33,36.0,17.95,33.33,26.67,25.0,46.3,1
50.0,52.0,43.59,50.0,46.67,50.0,50.0,2
100.0,88.0,100.0,93.33,90.0,93.75,92.59,3
50.0,48.0,53.85,43.33,53.33,43.75,44.44,2
66.67,40.0,46.15,76.67,50.0,56.25,68.52,2
33.33,44.0,35.9,40.0,33.33,31.25,40.74,1
66.67,76.0,64.1,80.0,80.0,62.5,77.78,3
83.33,72.0,89.74,73.33,83.33,68.75,81.48,3
66.67,44.0,69.23,70.0,66.67,75.0,72.22,2
33.33,36.0,28.21,33.33,33.33,37.5,37.04,1
66.67,76.0,69.23,73.33,66.67,75.0,72.22,3
33.33,4.0,58.97,50.0,53.33,18.75,9.26,1
66.67,76.0,76.92,73.33,86.67,93.75,88.89,3
83.33,92.0,82.05,66.67,56.67,87.5,66.67,3
33.33,40.0,17.95,26.67,36.67,25.0,29.63,1
100.0,80.0,74.36,70.0,40.0,50.0,57.41,2
50.0,56.0,46.15,50.0,43.33,56.25,50.0,2
83.33,88.0,94.87,93.33,66.67,68.75,68.52,3
50.0,52.0,53.85,43.33,73.33,68.75,85.19,2
50.0,52.0,53.85,43.33,86.67,68.75,74.07,2
83.33,76.0,71.79,66.67,70.0,68.75,68.52,3
33.33,28.0,30.77,36.67,26.67,37.5,27.78,1
50.0,56.0,64.1,50.0,66.67,68.75,57.41,2
83.33,80.0,84.62,50.0,76.67,81.25,77.78,3
50.0,52.0,71.79,43.33,60.0,50.0,68.52,2
66.67,52.0,38.46,33.33,66.67,68.75,75.93,2
66.67,84.0,69.23,80.0,50.0,56.25,44.44,2
83.33,48.0,56.41,63.33,56.67,43.75,61.11,2
83.33,96.0,84.62,76.67,73.33,68.75,66.67,3
66.67,76.0,71.79,76.67,70.0,62.5,68.52,3
50.0,56.0,66.67,66.67,50.0,68.75,55.56,2
66.67,68.0,71.79,66.67,73.33,56.25,64.81,2
66.67,60.0,66.67,66.67,100.0,81.25,87.04,3
66.67,48.0,61.54,86.67,16.67,37.5,29.63,1
33.33,40.0,23.08,20.0,76.67,75.0,61.11,1
50.0,56.0,58.97,66.67,56.67,56.25,59.26,2
83.33,88.0,92.31,90.0,70.0,75.0,70.37,3
100.0,92.0,94.87,83.33,83.33,75.0,72.22,3
66.67,60.0,58.97,36.67,33.33,25.0,31.48,1
83.33,56.0,53.85,43.33,53.33,68.75,57.41,2
83.33,76.0,82.05,76.67,83.33,81.25,92.59,3
66.67,76.0,69.23,76.67,66.67,75.0,72.22,3
50.0,44.0,43.59,36.67,50.0,50.0,46.3,2
66.67,68.0,61.54,50.0,46.67,56.25,51.85,2
50.0,68.0,61.54,73.33,53.33,68.75,72.22,2
100.0,84.0,84.62,73.33,36.67,56.25,48.15,2
16.67,28.0,25.64,26.67,53.33,75.0,85.19,1
66.67,68.0,84.62,83.33,76.67,75.0,74.07,3
33.33,20.0,35.9,33.33,23.33,37.5,20.37,1
83.33,20.0,33.33,30.0,40.0,37.5,24.07,1
100.0,80.0,71.79,63.33,56.67,43.75,57.41,2
83.33,84.0,76.92,73.33,56.67,62.5,62.96,2
50.0,60.0,48.72,40.0,83.33,81.25,59.26,2
83.33,84.0,69.23,66.67,20.0,31.25,27.78,1
83.33,8.0,33.33,16.67,36.67,31.25,35.19,1
33.33,28.0,25.64,30.0,90.0,50.0,53.7,1
33.33,44.0,38.46,46.67,50.0,43.75,37.04,1
50.0,20.0,35.9,20.0,80.0,62.5,59.26,1
83.33,76.0,74.36,76.67,76.67,81.25,79.63,3
66.67,52.0,56.41,63.33,53.33,62.5,57.41,2
83.33,88.0,89.74,83.33,70.0,68.75,74.07,3
83.33,76.0,64.1,76.67,16.67,31.25,14.81,1
83.33,24.0,35.9,23.33,23.33,43.75,24.07,1
16.67,56.0,56.41,56.67,23.33,25.0,33.33,1
83.33,76.0,79.49,66.67,80.0,87.5,77.78,3
83.33,92.0,92.31,93.33,83.33,93.75,92.59,3
